date,product_id,product_name,category,opening_stock,stock_received,units_sold,closing_stock,reorder_point,lead_time_days,stock_status,year,month,day,day_of_week,week_of_year,quarter,is_weekend,lag_1,lag_7,lag_14,rolling_7,rolling_30,predicted_demand,lead_time_demand,safety_stock,recommended_stock,reorder_recommendation,reorder_quantity
2025-08-13,P001,Wireless Mouse,Electronics,164,0,22,142,50,7,In Stock,2025,8,13,2,33,3,0,22.0,18.0,25.0,22.0,22.766666666666666,22.48,157.36,11.0,168.36,REORDER,26.0
2025-08-14,P001,Wireless Mouse,Electronics,142,0,20,122,50,7,In Stock,2025,8,14,3,33,3,0,22.0,21.0,21.0,22.571428571428573,22.766666666666666,23.15,162.05,11.29,173.34,REORDER,51.0
2025-08-15,P001,Wireless Mouse,Electronics,122,0,28,94,50,7,In Stock,2025,8,15,4,33,3,0,20.0,17.0,26.0,22.428571428571427,22.666666666666668,21.3,149.1,11.21,160.31,REORDER,66.0
2025-08-16,P001,Wireless Mouse,Electronics,94,0,19,75,50,7,Reorder Soon,2025,8,16,5,33,3,1,28.0,21.0,27.0,24.0,22.9,23.24,162.68,12.0,174.68,REORDER,100.0
2025-08-17,P001,Wireless Mouse,Electronics,75,0,21,54,50,7,Reorder Soon,2025,8,17,6,33,3,1,19.0,31.0,22.0,23.714285714285715,22.9,23.44,164.08,11.86,175.94,REORDER,122.0
2025-08-18,P001,Wireless Mouse,Electronics,54,162,23,193,50,7,In Stock,2025,8,18,0,34,3,0,21.0,24.0,23.0,22.285714285714285,22.83333333333333,21.52,150.64,11.14,161.78,NO REORDER,0.0
2025-08-19,P001,Wireless Mouse,Electronics,193,0,22,171,50,7,In Stock,2025,8,19,1,34,3,0,23.0,22.0,28.0,22.142857142857142,22.83333333333333,21.08,147.56,11.07,158.63,NO REORDER,0.0
2025-08-20,P001,Wireless Mouse,Electronics,171,0,25,146,50,7,In Stock,2025,8,20,2,34,3,0,22.0,22.0,18.0,22.142857142857142,22.6,22.56,157.92,11.07,168.99,REORDER,23.0
2025-08-21,P001,Wireless Mouse,Electronics,146,0,28,118,50,7,In Stock,2025,8,21,3,34,3,0,25.0,20.0,21.0,22.571428571428573,22.7,22.51,157.57,11.29,168.86,REORDER,51.0
2025-08-22,P001,Wireless Mouse,Electronics,118,0,22,96,50,7,In Stock,2025,8,22,4,34,3,0,28.0,28.0,17.0,23.714285714285715,23.133333333333333,23.23,162.61,11.86,174.47,REORDER,78.0
2025-08-23,P001,Wireless Mouse,Electronics,96,0,31,65,50,7,Reorder Soon,2025,8,23,5,34,3,1,22.0,19.0,21.0,22.857142857142858,23.133333333333333,24.9,174.3,11.43,185.73,REORDER,121.0
2025-08-24,P001,Wireless Mouse,Electronics,65,155,19,201,50,7,In Stock,2025,8,24,6,34,3,1,31.0,21.0,31.0,24.571428571428573,23.23333333333333,22.33,156.31,12.29,168.6,NO REORDER,0.0
2025-08-25,P001,Wireless Mouse,Electronics,201,0,28,173,50,7,In Stock,2025,8,25,0,35,3,0,19.0,23.0,24.0,24.285714285714285,22.966666666666665,21.59,151.13,12.14,163.27,NO REORDER,0.0
2025-08-26,P001,Wireless Mouse,Electronics,173,0,18,155,50,7,In Stock,2025,8,26,1,35,3,0,28.0,22.0,22.0,25.0,23.1,22.06,154.42,12.5,166.92,REORDER,12.0
2025-08-27,P001,Wireless Mouse,Electronics,155,0,24,131,50,7,In Stock,2025,8,27,2,35,3,0,18.0,25.0,22.0,24.428571428571427,22.9,22.08,154.56,12.21,166.77,REORDER,36.0
2025-08-28,P001,Wireless Mouse,Electronics,131,0,21,110,50,7,In Stock,2025,8,28,3,35,3,0,24.0,28.0,20.0,24.285714285714285,23.23333333333333,22.23,155.61,12.14,167.75,REORDER,58.0
2025-08-29,P001,Wireless Mouse,Electronics,110,0,20,90,50,7,In Stock,2025,8,29,4,35,3,0,21.0,22.0,28.0,23.285714285714285,23.23333333333333,21.56,150.92,11.64,162.56,REORDER,73.0
2025-08-30,P001,Wireless Mouse,Electronics,90,0,33,57,50,7,Reorder Soon,2025,8,30,5,35,3,1,20.0,31.0,19.0,23.0,23.066666666666663,23.88,167.16,11.5,178.66,REORDER,122.0
2025-08-31,P001,Wireless Mouse,Electronics,57,167,27,197,50,7,In Stock,2025,8,31,6,35,3,1,33.0,19.0,21.0,23.285714285714285,23.466666666666665,23.74,166.18,11.64,177.82,NO REORDER,0.0
2025-09-01,P001,Wireless Mouse,Electronics,197,0,22,175,50,7,In Stock,2025,9,1,0,36,3,0,27.0,28.0,23.0,24.428571428571427,23.5,22.26,155.82,12.21,168.03,NO REORDER,0.0
2025-09-02,P001,Wireless Mouse,Electronics,175,0,13,162,50,7,In Stock,2025,9,2,1,36,3,0,22.0,18.0,22.0,23.571428571428573,23.33333333333333,22.33,156.31,11.79,168.1,REORDER,6.0
2025-09-03,P001,Wireless Mouse,Electronics,162,0,16,146,50,7,In Stock,2025,9,3,2,36,3,0,13.0,24.0,25.0,22.857142857142858,23.03333333333333,22.52,157.64,11.43,169.07,REORDER,23.0
2025-09-04,P001,Wireless Mouse,Electronics,146,0,19,127,50,7,In Stock,2025,9,4,3,36,3,0,16.0,21.0,28.0,21.714285714285715,22.8,22.52,157.64,10.86,168.5,REORDER,41.0
2025-09-05,P001,Wireless Mouse,Electronics,127,0,23,104,50,7,In Stock,2025,9,5,4,36,3,0,19.0,20.0,22.0,21.428571428571427,22.5,22.56,157.92,10.71,168.63,REORDER,65.0
2025-09-06,P001,Wireless Mouse,Electronics,104,0,26,78,50,7,In Stock,2025,9,6,5,36,3,1,23.0,33.0,31.0,21.857142857142858,22.666666666666668,23.31,163.17,10.93,174.1,REORDER,96.0
2025-09-07,P001,Wireless Mouse,Electronics,78,0,21,57,50,7,Reorder Soon,2025,9,7,6,36,3,1,26.0,27.0,19.0,20.857142857142858,22.83333333333333,24.86,174.02,10.43,184.45,REORDER,127.0
2025-09-08,P001,Wireless Mouse,Electronics,57,160,26,191,50,7,In Stock,2025,9,8,0,37,3,0,21.0,22.0,28.0,20.0,22.966666666666665,22.24,155.68,10.0,165.68,NO REORDER,0.0
2025-09-09,P001,Wireless Mouse,Electronics,191,0,25,166,50,7,In Stock,2025,9,9,1,37,3,0,26.0,13.0,18.0,20.571428571428573,23.133333333333333,24.17,169.19,10.29,179.48,REORDER,13.0
2025-09-10,P001,Wireless Mouse,Electronics,166,0,21,145,50,7,In Stock,2025,9,10,2,37,3,0,25.0,16.0,24.0,22.285714285714285,22.933333333333334,22.44,157.08,11.14,168.22,REORDER,23.0
2025-09-11,P001,Wireless Mouse,Electronics,145,0,19,126,50,7,In Stock,2025,9,11,3,37,3,0,21.0,19.0,21.0,23.0,22.83333333333333,22.86,160.02,11.5,171.52,REORDER,46.0
2025-09-12,P001,Wireless Mouse,Electronics,126,0,15,111,50,7,In Stock,2025,9,12,4,37,3,0,19.0,23.0,20.0,23.0,22.73333333333333,21.34,149.38,11.5,160.88,REORDER,50.0
2025-09-13,P001,Wireless Mouse,Electronics,111,0,25,86,50,7,In Stock,2025,9,13,5,37,3,1,15.0,26.0,33.0,21.857142857142858,22.5,23.89,167.23,10.93,178.16,REORDER,92.0
2025-09-14,P001,Wireless Mouse,Electronics,86,0,24,62,50,7,Reorder Soon,2025,9,14,6,37,3,1,25.0,21.0,27.0,21.714285714285715,22.666666666666668,24.6,172.2,10.86,183.06,REORDER,121.0
2025-09-15,P001,Wireless Mouse,Electronics,62,167,25,204,50,7,In Stock,2025,9,15,0,38,3,0,24.0,26.0,22.0,22.142857142857142,22.53333333333333,21.32,149.24,11.07,160.31,NO REORDER,0.0
2025-09-16,P001,Wireless Mouse,Electronics,204,0,28,176,50,7,In Stock,2025,9,16,1,38,3,0,25.0,25.0,13.0,22.0,22.73333333333333,22.21,155.47,11.0,166.47,NO REORDER,0.0
2025-09-17,P001,Wireless Mouse,Electronics,176,0,29,147,50,7,In Stock,2025,9,17,2,38,3,0,28.0,21.0,16.0,22.428571428571427,22.966666666666665,23.47,164.29,11.21,175.5,REORDER,29.0
2025-09-18,P001,Wireless Mouse,Electronics,147,0,27,120,50,7,In Stock,2025,9,18,3,38,3,0,29.0,19.0,19.0,23.571428571428573,23.166666666666668,23.59,165.13,11.79,176.92,REORDER,57.0
2025-09-19,P001,Wireless Mouse,Electronics,120,0,22,98,50,7,In Stock,2025,9,19,4,38,3,0,27.0,15.0,23.0,24.714285714285715,23.33333333333333,22.95,160.65,12.36,173.01,REORDER,75.0
2025-09-20,P001,Wireless Mouse,Electronics,98,0,24,74,50,7,Reorder Soon,2025,9,20,5,38,3,1,22.0,25.0,26.0,25.714285714285715,23.23333333333333,23.6,165.2,12.86,178.06,REORDER,104.0
2025-09-21,P001,Wireless Mouse,Electronics,74,144,28,190,50,7,In Stock,2025,9,21,6,38,3,1,24.0,24.0,21.0,25.571428571428573,23.1,24.88,174.16,12.79,186.95,NO REORDER,0.0
2025-09-22,P001,Wireless Mouse,Electronics,190,0,20,170,50,7,In Stock,2025,9,22,0,39,3,0,28.0,25.0,26.0,26.142857142857142,23.3,21.38,149.66,13.07,162.73,NO REORDER,0.0
2025-09-23,P001,Wireless Mouse,Electronics,170,0,20,150,50,7,In Stock,2025,9,23,1,39,3,0,20.0,28.0,25.0,25.428571428571427,22.933333333333334,21.84,152.88,12.71,165.59,REORDER,16.0
2025-09-24,P001,Wireless Mouse,Electronics,150,0,26,124,50,7,In Stock,2025,9,24,2,39,3,0,20.0,29.0,21.0,24.285714285714285,22.966666666666665,22.22,155.54,12.14,167.68,REORDER,44.0
2025-09-25,P001,Wireless Mouse,Electronics,124,0,30,94,50,7,In Stock,2025,9,25,3,39,3,0,26.0,27.0,19.0,23.857142857142858,22.9,22.88,160.16,11.93,172.09,REORDER,78.0
2025-09-26,P001,Wireless Mouse,Electronics,94,0,27,67,50,7,Reorder Soon,2025,9,26,4,39,3,0,30.0,22.0,15.0,24.285714285714285,23.3,24.26,169.82,12.14,181.96,REORDER,115.0
2025-09-27,P001,Wireless Mouse,Electronics,67,150,27,190,50,7,In Stock,2025,9,27,5,39,3,1,27.0,24.0,25.0,25.0,23.4,22.82,159.74,12.5,172.24,NO REORDER,0.0
2025-09-28,P001,Wireless Mouse,Electronics,190,0,24,166,50,7,In Stock,2025,9,28,6,39,3,1,27.0,28.0,24.0,25.428571428571427,23.6,23.58,165.06,12.71,177.77,REORDER,12.0
2025-09-29,P001,Wireless Mouse,Electronics,166,0,20,146,50,7,In Stock,2025,9,29,0,40,3,0,24.0,20.0,25.0,24.857142857142858,23.73333333333333,21.24,148.68,12.43,161.11,REORDER,15.0
2025-09-30,P001,Wireless Mouse,Electronics,146,0,26,120,50,7,In Stock,2025,9,30,1,40,3,0,20.0,20.0,28.0,24.857142857142858,23.3,21.28,148.96,12.43,161.39,REORDER,41.0
2025-10-01,P001,Wireless Mouse,Electronics,120,0,29,91,50,7,In Stock,2025,10,1,2,40,4,0,26.0,26.0,29.0,25.714285714285715,23.266666666666666,23.24,162.68,12.86,175.54,REORDER,85.0
2025-10-02,P001,Wireless Mouse,Electronics,91,0,22,69,50,7,Reorder Soon,2025,10,2,3,40,4,0,29.0,30.0,27.0,26.142857142857142,23.5,22.92,160.44,13.07,173.51,REORDER,105.0
2025-10-03,P001,Wireless Mouse,Electronics,69,159,21,207,50,7,In Stock,2025,10,3,4,40,4,0,22.0,27.0,22.0,25.0,23.8,23.0,161.0,12.5,173.5,NO REORDER,0.0
2025-10-04,P001,Wireless Mouse,Electronics,207,0,25,182,50,7,In Stock,2025,10,4,5,40,4,1,21.0,27.0,24.0,24.142857142857142,23.966666666666665,25.94,181.58,12.07,193.65,REORDER,12.0
2025-10-05,P001,Wireless Mouse,Electronics,182,0,26,156,50,7,In Stock,2025,10,5,6,40,4,1,25.0,24.0,28.0,23.857142857142858,24.166666666666668,25.02,175.14,11.93,187.07,REORDER,31.0
2025-10-06,P001,Wireless Mouse,Electronics,156,0,19,137,50,7,In Stock,2025,10,6,0,41,4,0,26.0,20.0,20.0,24.142857142857142,24.266666666666666,22.74,159.18,12.07,171.25,REORDER,34.0
2025-10-07,P001,Wireless Mouse,Electronics,137,0,26,111,50,7,In Stock,2025,10,7,1,41,4,0,19.0,26.0,20.0,24.0,24.03333333333333,23.56,164.92,12.0,176.92,REORDER,66.0
2025-10-08,P001,Wireless Mouse,Electronics,111,0,35,76,50,7,In Stock,2025,10,8,2,41,4,0,26.0,29.0,26.0,24.0,24.2,22.81,159.67,12.0,171.67,REORDER,96.0
2025-10-09,P001,Wireless Mouse,Electronics,76,0,23,53,50,7,Reorder Soon,2025,10,9,3,41,4,0,35.0,22.0,30.0,24.857142857142858,24.5,23.16,162.12,12.43,174.55,REORDER,122.0
2025-10-10,P001,Wireless Mouse,Electronics,53,168,26,195,50,7,In Stock,2025,10,10,4,41,4,0,23.0,21.0,27.0,25.0,24.433333333333334,21.96,153.72,12.5,166.22,NO REORDER,0.0
2025-10-11,P001,Wireless Mouse,Electronics,195,0,23,172,50,7,In Stock,2025,10,11,5,41,4,1,26.0,25.0,27.0,25.714285714285715,24.6,24.16,169.12,12.86,181.98,REORDER,10.0
2025-10-12,P001,Wireless Mouse,Electronics,172,0,16,156,50,7,In Stock,2025,10,12,6,41,4,1,23.0,26.0,24.0,25.428571428571427,24.73333333333333,25.17,176.19,12.71,188.9,REORDER,33.0
2025-10-13,P001,Wireless Mouse,Electronics,156,0,26,130,50,7,In Stock,2025,10,13,0,42,4,0,16.0,19.0,20.0,24.0,24.766666666666666,23.58,165.06,12.0,177.06,REORDER,47.0
2025-10-14,P001,Wireless Mouse,Electronics,130,0,21,109,50,7,In Stock,2025,10,14,1,42,4,0,26.0,26.0,26.0,25.0,24.8,23.94,167.58,12.5,180.08,REORDER,71.0
2025-10-15,P001,Wireless Mouse,Electronics,109,0,20,89,50,7,In Stock,2025,10,15,2,42,4,0,21.0,35.0,29.0,24.285714285714285,24.7,22.61,158.27,12.14,170.41,REORDER,81.0
2025-10-16,P001,Wireless Mouse,Electronics,89,0,16,73,50,7,Reorder Soon,2025,10,16,3,42,4,0,20.0,23.0,22.0,22.142857142857142,24.53333333333333,24.22,169.54,11.07,180.61,REORDER,108.0
2025-10-17,P001,Wireless Mouse,Electronics,73,162,26,209,50,7,In Stock,2025,10,17,4,42,4,0,16.0,26.0,21.0,21.142857142857142,24.133333333333333,24.76,173.32,10.57,183.89,NO REORDER,0.0
2025-10-18,P001,Wireless Mouse,Electronics,209,0,15,194,50,7,In Stock,2025,10,18,5,42,4,1,26.0,23.0,25.0,21.142857142857142,24.03333333333333,26.9,188.3,10.57,198.87,REORDER,5.0
2025-10-19,P001,Wireless Mouse,Electronics,194,0,29,165,50,7,In Stock,2025,10,19,6,42,4,1,15.0,16.0,26.0,20.0,23.633333333333333,25.01,175.07,10.0,185.07,REORDER,20.0
2025-10-20,P001,Wireless Mouse,Electronics,165,0,22,143,50,7,In Stock,2025,10,20,0,43,4,0,29.0,26.0,19.0,21.857142857142858,23.866666666666667,24.58,172.06,10.93,182.99,REORDER,40.0
2025-10-21,P001,Wireless Mouse,Electronics,143,0,26,117,50,7,In Stock,2025,10,21,1,43,4,0,22.0,21.0,26.0,21.285714285714285,23.8,24.92,174.44,10.64,185.08,REORDER,68.0
2025-10-22,P001,Wireless Mouse,Electronics,117,0,25,92,50,7,In Stock,2025,10,22,2,43,4,0,26.0,20.0,35.0,22.0,23.73333333333333,25.88,181.16,11.0,192.16,REORDER,100.0
2025-10-23,P001,Wireless Mouse,Electronics,92,0,30,62,50,7,Reorder Soon,2025,10,23,3,43,4,0,25.0,16.0,23.0,22.714285714285715,23.9,23.28,162.96,11.36,174.32,REORDER,112.0
2025-10-24,P001,Wireless Mouse,Electronics,62,165,25,202,50,7,In Stock,2025,10,24,4,43,4,0,30.0,26.0,26.0,24.714285714285715,24.23333333333333,21.09,147.63,12.36,159.99,NO REORDER,0.0
2025-10-25,P001,Wireless Mouse,Electronics,202,0,22,180,50,7,In Stock,2025,10,25,5,43,4,1,25.0,15.0,23.0,24.571428571428573,24.2,23.3,163.1,12.29,175.39,NO REORDER,0.0
2025-10-26,P001,Wireless Mouse,Electronics,180,0,24,156,50,7,In Stock,2025,10,26,6,43,4,1,22.0,29.0,16.0,25.571428571428573,23.933333333333334,24.59,172.13,12.79,184.92,REORDER,29.0
2025-10-27,P001,Wireless Mouse,Electronics,156,0,24,132,50,7,In Stock,2025,10,27,0,44,4,0,24.0,22.0,26.0,24.857142857142858,23.83333333333333,22.08,154.56,12.43,166.99,REORDER,35.0
2025-10-28,P001,Wireless Mouse,Electronics,132,0,24,108,50,7,In Stock,2025,10,28,1,44,4,0,24.0,26.0,21.0,25.142857142857142,23.73333333333333,22.8,159.6,12.57,172.17,REORDER,64.0
2025-10-29,P001,Wireless Mouse,Electronics,108,0,23,85,50,7,In Stock,2025,10,29,2,44,4,0,24.0,25.0,20.0,24.857142857142858,23.73333333333333,23.14,161.98,12.43,174.41,REORDER,89.0
2025-10-30,P001,Wireless Mouse,Electronics,85,0,16,69,50,7,Reorder Soon,2025,10,30,3,44,4,0,23.0,30.0,16.0,24.571428571428573,23.83333333333333,24.62,172.34,12.29,184.63,REORDER,116.0
2025-10-31,P001,Wireless Mouse,Electronics,69,180,48,201,50,7,In Stock,2025,10,31,4,44,4,0,16.0,25.0,26.0,22.571428571428573,23.5,24.74,173.18,11.29,184.47,NO REORDER,0.0
2025-11-01,P001,Wireless Mouse,Electronics,201,0,26,175,50,7,In Stock,2025,11,1,5,44,4,1,48.0,22.0,15.0,25.857142857142858,24.133333333333333,26.22,183.54,12.93,196.47,REORDER,21.0
2025-11-02,P001,Wireless Mouse,Electronics,175,0,26,149,50,7,In Stock,2025,11,2,6,44,4,1,26.0,24.0,29.0,26.428571428571427,24.266666666666666,24.66,172.62,13.21,185.83,REORDER,37.0
2025-11-03,P001,Wireless Mouse,Electronics,149,0,34,115,50,7,In Stock,2025,11,3,0,45,4,0,26.0,24.0,22.0,26.714285714285715,24.433333333333334,23.47,164.29,13.36,177.65,REORDER,63.0
2025-11-04,P001,Wireless Mouse,Electronics,115,0,20,95,50,7,In Stock,2025,11,4,1,45,4,0,34.0,24.0,26.0,28.142857142857142,24.73333333333333,23.88,167.16,14.07,181.23,REORDER,86.0
2025-11-05,P001,Wireless Mouse,Electronics,95,0,25,70,50,7,Reorder Soon,2025,11,5,2,45,4,0,20.0,23.0,25.0,27.571428571428573,24.53333333333333,23.24,162.68,13.79,176.47,REORDER,106.0
2025-11-06,P001,Wireless Mouse,Electronics,70,148,20,198,50,7,In Stock,2025,11,6,3,45,4,0,25.0,16.0,30.0,27.857142857142858,24.73333333333333,22.53,157.71,13.93,171.64,NO REORDER,0.0
2025-11-07,P001,Wireless Mouse,Electronics,198,0,25,173,50,7,In Stock,2025,11,7,4,45,4,0,20.0,48.0,25.0,28.428571428571427,24.53333333333333,23.64,165.48,14.21,179.69,REORDER,7.0
2025-11-08,P001,Wireless Mouse,Electronics,173,0,28,145,50,7,In Stock,2025,11,8,5,45,4,1,25.0,26.0,22.0,25.142857142857142,24.2,25.14,175.98,12.57,188.55,REORDER,44.0
2025-11-09,P001,Wireless Mouse,Electronics,145,0,24,121,50,7,In Stock,2025,11,9,6,45,4,1,28.0,26.0,24.0,25.428571428571427,24.366666666666667,24.74,173.18,12.71,185.89,REORDER,65.0
2025-11-10,P001,Wireless Mouse,Electronics,121,0,19,102,50,7,In Stock,2025,11,10,0,46,4,0,24.0,34.0,24.0,25.142857142857142,24.3,22.76,159.32,12.57,171.89,REORDER,70.0
2025-11-11,P001,Wireless Mouse,Electronics,102,0,26,76,50,7,In Stock,2025,11,11,1,46,4,0,19.0,20.0,24.0,23.0,24.166666666666668,23.2,162.4,11.5,173.9,REORDER,98.0
2025-11-12,P001,Wireless Mouse,Electronics,76,0,25,51,50,7,Reorder Soon,2025,11,12,2,46,4,0,26.0,25.0,23.0,23.857142857142858,24.5,23.55,164.85,11.93,176.78,REORDER,126.0
2025-11-13,P001,Wireless Mouse,Electronics,51,168,22,197,50,7,In Stock,2025,11,13,3,46,4,0,25.0,20.0,16.0,23.857142857142858,24.466666666666665,23.1,161.7,11.93,173.63,NO REORDER,0.0
2025-11-14,P001,Wireless Mouse,Electronics,197,0,23,174,50,7,In Stock,2025,11,14,4,46,4,0,22.0,25.0,48.0,24.142857142857142,24.5,24.75,173.25,12.07,185.32,REORDER,11.0
2025-11-15,P001,Wireless Mouse,Electronics,174,0,28,146,50,7,In Stock,2025,11,15,5,46,4,1,23.0,28.0,26.0,23.857142857142858,24.6,24.39,170.73,11.93,182.66,REORDER,37.0
2025-11-16,P001,Wireless Mouse,Electronics,146,0,28,118,50,7,In Stock,2025,11,16,6,46,4,1,28.0,24.0,26.0,23.857142857142858,25.0,24.48,171.36,11.93,183.29,REORDER,65.0
2025-11-17,P001,Wireless Mouse,Electronics,118,0,25,93,50,7,In Stock,2025,11,17,0,47,4,0,28.0,19.0,34.0,24.428571428571427,25.066666666666663,22.8,159.6,12.21,171.81,REORDER,79.0
2025-11-18,P001,Wireless Mouse,Electronics,93,0,29,64,50,7,Reorder Soon,2025,11,18,1,47,4,0,25.0,26.0,20.0,25.285714285714285,25.4,24.92,174.44,12.64,187.08,REORDER,123.0
2025-11-19,P001,Wireless Mouse,Electronics,64,157,27,194,50,7,In Stock,2025,11,19,2,47,4,0,29.0,25.0,25.0,25.714285714285715,25.4,22.48,157.36,12.86,170.22,NO REORDER,0.0
2025-11-20,P001,Wireless Mouse,Electronics,194,0,27,167,50,7,In Stock,2025,11,20,3,47,4,0,27.0,22.0,20.0,26.0,25.566666666666663,24.44,171.08,13.0,184.08,REORDER,17.0
2025-11-21,P001,Wireless Mouse,Electronics,167,0,18,149,50,7,In Stock,2025,11,21,4,47,4,0,27.0,23.0,25.0,26.714285714285715,25.6,22.98,160.86,13.36,174.22,REORDER,25.0
2025-11-22,P001,Wireless Mouse,Electronics,149,0,26,123,50,7,In Stock,2025,11,22,5,47,4,1,18.0,28.0,28.0,26.0,25.366666666666667,23.52,164.64,13.0,177.64,REORDER,55.0
2025-11-23,P001,Wireless Mouse,Electronics,123,0,25,98,50,7,In Stock,2025,11,23,6,47,4,1,26.0,28.0,24.0,25.714285714285715,25.23333333333333,24.24,169.68,12.86,182.54,REORDER,85.0
2025-11-24,P001,Wireless Mouse,Electronics,98,0,29,69,50,7,Reorder Soon,2025,11,24,0,48,4,0,25.0,25.0,19.0,25.285714285714285,25.23333333333333,25.14,175.98,12.64,188.62,REORDER,120.0
2025-11-25,P001,Wireless Mouse,Electronics,69,0,13,56,50,7,Reorder Soon,2025,11,25,1,48,4,0,29.0,29.0,26.0,25.857142857142858,25.466666666666665,23.31,163.17,12.93,176.1,REORDER,120.0
2025-11-26,P001,Wireless Mouse,Electronics,56,171,23,204,50,7,In Stock,2025,11,26,2,48,4,0,13.0,27.0,25.0,23.571428571428573,25.1,21.92,153.44,11.79,165.23,NO REORDER,0.0
2025-11-27,P001,Wireless Mouse,Electronics,204,0,24,180,50,7,In Stock,2025,11,27,3,48,4,0,23.0,27.0,22.0,23.0,25.066666666666663,23.4,163.8,11.5,175.3,NO REORDER,0.0
2025-11-28,P001,Wireless Mouse,Electronics,180,0,20,160,50,7,In Stock,2025,11,28,4,48,4,0,24.0,18.0,23.0,22.571428571428573,25.066666666666663,22.48,157.36,11.29,168.65,REORDER,9.0
2025-11-29,P001,Wireless Mouse,Electronics,160,0,21,139,50,7,In Stock,2025,11,29,5,48,4,1,20.0,26.0,28.0,22.857142857142858,24.966666666666665,23.72,166.04,11.43,177.47,REORDER,38.0
2025-11-30,P001,Wireless Mouse,Electronics,139,0,31,108,50,7,In Stock,2025,11,30,6,48,4,1,21.0,25.0,28.0,22.142857142857142,25.133333333333333,25.2,176.4,11.07,187.47,REORDER,79.0
2025-12-01,P001,Wireless Mouse,Electronics,108,0,33,75,50,7,Reorder Soon,2025,12,1,0,49,4,0,31.0,29.0,25.0,23.0,24.566666666666663,23.48,164.36,11.5,175.86,REORDER,101.0
2025-12-02,P001,Wireless Mouse,Electronics,75,158,31,202,50,7,In Stock,2025,12,2,1,49,4,0,33.0,13.0,29.0,23.571428571428573,24.8,22.66,158.62,11.79,170.41,NO REORDER,0.0
2025-12-03,P001,Wireless Mouse,Electronics,202,0,23,179,50,7,In Stock,2025,12,3,2,49,4,0,31.0,23.0,27.0,26.142857142857142,24.966666666666665,24.08,168.56,13.07,181.63,REORDER,3.0
2025-12-04,P001,Wireless Mouse,Electronics,179,0,18,161,50,7,In Stock,2025,12,4,3,49,4,0,23.0,24.0,27.0,26.142857142857142,24.6,24.12,168.84,13.07,181.91,REORDER,21.0
2025-12-05,P001,Wireless Mouse,Electronics,161,0,22,139,50,7,In Stock,2025,12,5,4,49,4,0,18.0,20.0,18.0,25.285714285714285,24.53333333333333,23.6,165.2,12.64,177.84,REORDER,39.0
2025-12-06,P001,Wireless Mouse,Electronics,139,0,23,116,50,7,In Stock,2025,12,6,5,49,4,1,22.0,21.0,26.0,25.571428571428573,24.433333333333334,23.45,164.15,12.79,176.94,REORDER,61.0
2025-12-07,P001,Wireless Mouse,Electronics,116,0,28,88,50,7,In Stock,2025,12,7,6,49,4,1,23.0,31.0,25.0,25.857142857142858,24.53333333333333,24.37,170.59,12.93,183.52,REORDER,96.0
2025-12-08,P001,Wireless Mouse,Electronics,88,0,26,62,50,7,Reorder Soon,2025,12,8,0,50,4,0,28.0,33.0,29.0,25.428571428571427,24.633333333333333,23.1,161.7,12.71,174.41,REORDER,112.0
2025-12-09,P001,Wireless Mouse,Electronics,62,154,26,190,50,7,In Stock,2025,12,9,1,50,4,0,26.0,31.0,13.0,24.428571428571427,24.566666666666663,23.06,161.42,12.21,173.63,NO REORDER,0.0
2025-12-10,P001,Wireless Mouse,Electronics,190,0,32,158,50,7,In Stock,2025,12,10,2,50,4,0,26.0,23.0,23.0,23.714285714285715,24.633333333333333,24.8,173.6,11.86,185.46,REORDER,27.0
2025-12-11,P001,Wireless Mouse,Electronics,158,0,29,129,50,7,In Stock,2025,12,11,3,50,4,0,32.0,18.0,24.0,25.0,25.066666666666663,23.5,164.5,12.5,177.0,REORDER,48.0
2025-12-12,P001,Wireless Mouse,Electronics,129,0,21,108,50,7,In Stock,2025,12,12,4,50,4,0,29.0,22.0,20.0,26.571428571428573,25.166666666666668,24.42,170.94,13.29,184.23,REORDER,76.0
2025-12-13,P001,Wireless Mouse,Electronics,108,0,29,79,50,7,In Stock,2025,12,13,5,50,4,1,21.0,23.0,21.0,26.428571428571427,25.03333333333333,25.29,177.03,13.21,190.24,REORDER,111.0
2025-12-14,P001,Wireless Mouse,Electronics,79,0,25,54,50,7,Reorder Soon,2025,12,14,6,50,4,1,29.0,28.0,31.0,27.285714285714285,25.266666666666666,24.42,170.94,13.64,184.58,REORDER,131.0
2025-12-15,P001,Wireless Mouse,Electronics,54,165,23,196,50,7,In Stock,2025,12,15,0,51,4,0,25.0,26.0,33.0,26.857142857142858,25.33333333333333,22.82,159.74,13.43,173.17,NO REORDER,0.0
2025-12-16,P001,Wireless Mouse,Electronics,196,0,29,167,50,7,In Stock,2025,12,16,1,51,4,0,23.0,26.0,31.0,26.428571428571427,25.166666666666668,24.74,173.18,13.21,186.39,REORDER,19.0
2025-12-17,P001,Wireless Mouse,Electronics,167,0,20,147,50,7,In Stock,2025,12,17,2,51,4,0,29.0,32.0,23.0,26.857142857142858,25.2,23.28,162.96,13.43,176.39,REORDER,29.0
2025-12-18,P001,Wireless Mouse,Electronics,147,0,27,120,50,7,In Stock,2025,12,18,3,51,4,0,20.0,29.0,18.0,25.142857142857142,25.03333333333333,24.84,173.88,12.57,186.45,REORDER,66.0
2025-12-19,P001,Wireless Mouse,Electronics,120,0,27,93,50,7,In Stock,2025,12,19,4,51,4,0,27.0,21.0,22.0,24.857142857142858,24.966666666666665,24.61,172.27,12.43,184.7,REORDER,92.0
2025-12-20,P001,Wireless Mouse,Electronics,93,0,21,72,50,7,Reorder Soon,2025,12,20,5,51,4,1,27.0,29.0,23.0,25.714285714285715,24.966666666666665,24.86,174.02,12.86,186.88,REORDER,115.0
2025-12-21,P001,Wireless Mouse,Electronics,72,0,18,54,50,7,Reorder Soon,2025,12,21,6,51,4,1,21.0,25.0,28.0,24.571428571428573,24.766666666666666,24.59,172.13,12.29,184.42,REORDER,130.0
2025-12-22,P001,Wireless Mouse,Electronics,54,178,24,208,50,7,In Stock,2025,12,22,0,52,4,0,18.0,23.0,26.0,23.571428571428573,24.766666666666666,23.39,163.73,11.79,175.52,NO REORDER,0.0
2025-12-23,P001,Wireless Mouse,Electronics,208,0,13,195,50,7,In Stock,2025,12,23,1,52,4,0,24.0,29.0,26.0,23.714285714285715,24.7,24.42,170.94,11.86,182.8,NO REORDER,0.0
2025-12-24,P001,Wireless Mouse,Electronics,195,0,28,167,50,7,In Stock,2025,12,24,2,52,4,0,13.0,20.0,32.0,21.428571428571427,24.3,25.69,179.83,10.71,190.54,REORDER,24.0
2025-12-25,P001,Wireless Mouse,Electronics,167,0,38,129,50,7,In Stock,2025,12,25,3,52,4,0,28.0,27.0,29.0,22.571428571428573,24.266666666666666,24.23,169.61,11.29,180.9,REORDER,52.0
2025-12-26,P001,Wireless Mouse,Electronics,129,0,29,100,50,7,In Stock,2025,12,26,4,52,4,0,38.0,27.0,21.0,24.142857142857142,25.1,26.18,183.26,12.07,195.33,REORDER,95.0
2025-12-27,P001,Wireless Mouse,Electronics,100,0,26,74,50,7,Reorder Soon,2025,12,27,5,52,4,1,29.0,21.0,29.0,24.428571428571427,25.3,24.29,170.03,12.21,182.24,REORDER,108.0
2025-12-28,P001,Wireless Mouse,Electronics,74,157,31,200,50,7,In Stock,2025,12,28,6,52,4,1,26.0,18.0,25.0,25.142857142857142,25.366666666666667,23.47,164.29,12.57,176.86,NO REORDER,0.0
2025-12-29,P001,Wireless Mouse,Electronics,200,0,22,178,50,7,In Stock,2025,12,29,0,1,4,0,31.0,24.0,23.0,27.0,25.73333333333333,22.88,160.16,13.5,173.66,NO REORDER,0.0
2025-12-30,P001,Wireless Mouse,Electronics,178,0,26,152,50,7,In Stock,2025,12,30,1,1,4,0,22.0,13.0,29.0,26.714285714285715,25.766666666666666,22.8,159.6,13.36,172.96,REORDER,21.0
2025-12-31,P001,Wireless Mouse,Electronics,152,0,22,130,50,7,In Stock,2025,12,31,2,1,4,0,26.0,28.0,20.0,28.571428571428573,25.6,25.0,175.0,14.29,189.29,REORDER,59.0
2025-08-13,P002,USB Keyboard,Electronics,159,0,16,143,40,10,In Stock,2025,8,13,2,33,3,0,13.0,12.0,13.0,13.428571428571429,14.2,14.45,144.5,6.71,151.21,REORDER,8.0
2025-08-14,P002,USB Keyboard,Electronics,143,0,21,122,40,10,In Stock,2025,8,14,3,33,3,0,16.0,14.0,11.0,14.0,14.266666666666667,14.22,142.2,7.0,149.2,REORDER,27.0
2025-08-15,P002,USB Keyboard,Electronics,122,0,17,105,40,10,In Stock,2025,8,15,4,33,3,0,21.0,13.0,15.0,15.0,14.6,14.9,149.0,7.5,156.5,REORDER,52.0
2025-08-16,P002,USB Keyboard,Electronics,105,0,12,93,40,10,In Stock,2025,8,16,5,33,3,1,17.0,17.0,13.0,15.571428571428571,14.633333333333333,15.2,152.0,7.79,159.79,REORDER,67.0
2025-08-17,P002,USB Keyboard,Electronics,93,0,17,76,40,10,In Stock,2025,8,17,6,33,3,1,12.0,14.0,13.0,14.857142857142858,14.533333333333331,14.48,144.8,7.43,152.23,REORDER,76.0
2025-08-18,P002,USB Keyboard,Electronics,76,0,17,59,40,10,Reorder Soon,2025,8,18,0,34,3,0,17.0,11.0,15.0,15.285714285714286,14.633333333333333,13.99,139.9,7.64,147.54,REORDER,89.0
2025-08-19,P002,USB Keyboard,Electronics,59,0,14,45,40,10,Reorder Soon,2025,8,19,1,34,3,0,17.0,13.0,17.0,16.142857142857142,14.666666666666666,13.12,131.2,8.07,139.27,REORDER,94.0
2025-08-20,P002,USB Keyboard,Electronics,45,131,11,165,40,10,In Stock,2025,8,20,2,34,3,0,14.0,16.0,12.0,16.285714285714285,14.566666666666666,13.31,133.1,8.14,141.24,NO REORDER,0.0
2025-08-21,P002,USB Keyboard,Electronics,165,0,14,151,40,10,In Stock,2025,8,21,3,34,3,0,11.0,21.0,14.0,15.571428571428571,14.433333333333334,14.24,142.4,7.79,150.19,NO REORDER,0.0
2025-08-22,P002,USB Keyboard,Electronics,151,0,12,139,40,10,In Stock,2025,8,22,4,34,3,0,14.0,17.0,13.0,14.571428571428571,14.3,14.16,141.6,7.29,148.89,REORDER,10.0
2025-08-23,P002,USB Keyboard,Electronics,139,0,13,126,40,10,In Stock,2025,8,23,5,34,3,1,12.0,12.0,17.0,13.857142857142858,14.2,14.81,148.1,6.93,155.03,REORDER,29.0
2025-08-24,P002,USB Keyboard,Electronics,126,0,15,111,40,10,In Stock,2025,8,24,6,34,3,1,13.0,17.0,14.0,14.0,14.233333333333333,14.43,144.3,7.0,151.3,REORDER,40.0
2025-08-25,P002,USB Keyboard,Electronics,111,0,14,97,40,10,In Stock,2025,8,25,0,35,3,0,15.0,17.0,11.0,13.714285714285714,14.266666666666667,13.4,134.0,6.86,140.86,REORDER,44.0
2025-08-26,P002,USB Keyboard,Electronics,97,0,12,85,40,10,In Stock,2025,8,26,1,35,3,0,14.0,14.0,13.0,13.285714285714286,14.2,14.28,142.8,6.64,149.44,REORDER,64.0
2025-08-27,P002,USB Keyboard,Electronics,85,0,10,75,40,10,In Stock,2025,8,27,2,35,3,0,12.0,11.0,16.0,13.0,14.033333333333331,15.02,150.2,6.5,156.7,REORDER,82.0
2025-08-28,P002,USB Keyboard,Electronics,75,0,14,61,40,10,In Stock,2025,8,28,3,35,3,0,10.0,14.0,21.0,12.857142857142858,13.9,14.07,140.7,6.43,147.13,REORDER,86.0
2025-08-29,P002,USB Keyboard,Electronics,61,0,13,48,40,10,Reorder Soon,2025,8,29,4,35,3,0,14.0,12.0,17.0,12.857142857142858,14.0,14.76,147.6,6.43,154.03,REORDER,106.0
2025-08-30,P002,USB Keyboard,Electronics,48,131,22,157,40,10,In Stock,2025,8,30,5,35,3,1,13.0,13.0,12.0,13.0,14.0,14.7,147.0,6.5,153.5,NO REORDER,0.0
2025-08-31,P002,USB Keyboard,Electronics,157,0,13,144,40,10,In Stock,2025,8,31,6,35,3,1,22.0,15.0,17.0,14.285714285714286,14.366666666666667,14.24,142.4,7.14,149.54,REORDER,6.0
2025-09-01,P002,USB Keyboard,Electronics,144,0,13,131,40,10,In Stock,2025,9,1,0,36,3,0,13.0,14.0,17.0,14.0,14.3,13.94,139.4,7.0,146.4,REORDER,15.0
2025-09-02,P002,USB Keyboard,Electronics,131,0,17,114,40,10,In Stock,2025,9,2,1,36,3,0,13.0,12.0,14.0,13.857142857142858,14.3,13.54,135.4,6.93,142.33,REORDER,28.0
2025-09-03,P002,USB Keyboard,Electronics,114,0,9,105,40,10,In Stock,2025,9,3,2,36,3,0,17.0,10.0,11.0,14.571428571428571,14.433333333333334,13.04,130.4,7.29,137.69,REORDER,33.0
2025-09-04,P002,USB Keyboard,Electronics,105,0,16,89,40,10,In Stock,2025,9,4,3,36,3,0,9.0,14.0,14.0,14.428571428571429,14.233333333333333,12.75,127.5,7.21,134.71,REORDER,46.0
2025-09-05,P002,USB Keyboard,Electronics,89,0,15,74,40,10,In Stock,2025,9,5,4,36,3,0,16.0,13.0,12.0,14.714285714285714,14.2,14.9,149.0,7.36,156.36,REORDER,82.0
2025-09-06,P002,USB Keyboard,Electronics,74,0,11,63,40,10,In Stock,2025,9,6,5,36,3,1,15.0,22.0,13.0,15.0,14.3,14.1,141.0,7.5,148.5,REORDER,86.0
2025-09-07,P002,USB Keyboard,Electronics,63,0,10,53,40,10,Reorder Soon,2025,9,7,6,36,3,1,11.0,13.0,15.0,13.428571428571429,14.2,14.36,143.6,6.71,150.31,REORDER,97.0
2025-09-08,P002,USB Keyboard,Electronics,53,126,18,161,40,10,In Stock,2025,9,8,0,37,3,0,10.0,13.0,14.0,13.0,14.1,14.02,140.2,6.5,146.7,NO REORDER,0.0
2025-09-09,P002,USB Keyboard,Electronics,161,0,10,151,40,10,In Stock,2025,9,9,1,37,3,0,18.0,17.0,12.0,13.714285714285714,14.133333333333333,13.72,137.2,6.86,144.06,NO REORDER,0.0
2025-09-10,P002,USB Keyboard,Electronics,151,0,13,138,40,10,In Stock,2025,9,10,2,37,3,0,10.0,9.0,10.0,12.714285714285714,14.0,14.08,140.8,6.36,147.16,REORDER,9.0
2025-09-11,P002,USB Keyboard,Electronics,138,0,16,122,40,10,In Stock,2025,9,11,3,37,3,0,13.0,16.0,14.0,13.285714285714286,14.066666666666666,13.83,138.3,6.64,144.94,REORDER,23.0
2025-09-12,P002,USB Keyboard,Electronics,122,0,14,108,40,10,In Stock,2025,9,12,4,37,3,0,16.0,15.0,13.0,13.285714285714286,14.166666666666666,14.32,143.2,6.64,149.84,REORDER,42.0
2025-09-13,P002,USB Keyboard,Electronics,108,0,15,93,40,10,In Stock,2025,9,13,5,37,3,1,14.0,11.0,22.0,13.142857142857142,14.1,14.75,147.5,6.57,154.07,REORDER,61.0
2025-09-14,P002,USB Keyboard,Electronics,93,0,16,77,40,10,In Stock,2025,9,14,6,37,3,1,15.0,10.0,13.0,13.714285714285714,13.9,14.77,147.7,6.86,154.56,REORDER,78.0
2025-09-15,P002,USB Keyboard,Electronics,77,0,15,62,40,10,In Stock,2025,9,15,0,38,3,0,16.0,18.0,13.0,14.571428571428571,13.866666666666667,13.54,135.4,7.29,142.69,REORDER,81.0
2025-09-16,P002,USB Keyboard,Electronics,62,0,14,48,40,10,Reorder Soon,2025,9,16,1,38,3,0,15.0,10.0,17.0,14.142857142857142,13.966666666666669,13.78,137.8,7.07,144.87,REORDER,97.0
2025-09-17,P002,USB Keyboard,Electronics,48,135,14,169,40,10,In Stock,2025,9,17,2,38,3,0,14.0,13.0,9.0,14.714285714285714,13.866666666666667,13.55,135.5,7.36,142.86,NO REORDER,0.0
2025-09-18,P002,USB Keyboard,Electronics,169,0,14,155,40,10,In Stock,2025,9,18,3,38,3,0,14.0,16.0,16.0,14.857142857142858,13.766666666666667,14.1,141.0,7.43,148.43,NO REORDER,0.0
2025-09-19,P002,USB Keyboard,Electronics,155,0,13,142,40,10,In Stock,2025,9,19,4,38,3,0,14.0,14.0,15.0,14.571428571428571,13.766666666666667,14.28,142.8,7.29,150.09,REORDER,8.0
2025-09-20,P002,USB Keyboard,Electronics,142,0,14,128,40,10,In Stock,2025,9,20,5,38,3,1,13.0,15.0,11.0,14.428571428571429,13.833333333333334,14.57,145.7,7.21,152.91,REORDER,25.0
2025-09-21,P002,USB Keyboard,Electronics,128,0,13,115,40,10,In Stock,2025,9,21,6,38,3,1,14.0,16.0,10.0,14.285714285714286,13.833333333333334,14.18,141.8,7.14,148.94,REORDER,34.0
2025-09-22,P002,USB Keyboard,Electronics,115,0,13,102,40,10,In Stock,2025,9,22,0,39,3,0,13.0,15.0,18.0,13.857142857142858,13.866666666666667,13.1,131.0,6.93,137.93,REORDER,36.0
2025-09-23,P002,USB Keyboard,Electronics,102,0,15,87,40,10,In Stock,2025,9,23,1,39,3,0,13.0,14.0,10.0,13.571428571428571,13.866666666666667,13.34,133.4,6.79,140.19,REORDER,53.0
2025-09-24,P002,USB Keyboard,Electronics,87,0,13,74,40,10,In Stock,2025,9,24,2,39,3,0,15.0,14.0,13.0,13.714285714285714,13.866666666666667,13.2,132.0,6.86,138.86,REORDER,65.0
2025-09-25,P002,USB Keyboard,Electronics,74,0,9,65,40,10,In Stock,2025,9,25,3,39,3,0,13.0,14.0,16.0,13.571428571428571,13.833333333333334,13.74,137.4,6.79,144.19,REORDER,79.0
2025-09-26,P002,USB Keyboard,Electronics,65,0,12,53,40,10,Reorder Soon,2025,9,26,4,39,3,0,9.0,13.0,14.0,12.857142857142858,13.733333333333333,13.83,138.3,6.43,144.73,REORDER,92.0
2025-09-27,P002,USB Keyboard,Electronics,53,0,12,41,40,10,Reorder Soon,2025,9,27,5,39,3,1,12.0,14.0,15.0,12.714285714285714,13.8,13.68,136.8,6.36,143.16,REORDER,102.0
2025-09-28,P002,USB Keyboard,Electronics,41,128,18,151,40,10,In Stock,2025,9,28,6,39,3,1,12.0,13.0,16.0,12.428571428571429,13.733333333333333,14.64,146.4,6.21,152.61,REORDER,2.0
2025-09-29,P002,USB Keyboard,Electronics,151,0,10,141,40,10,In Stock,2025,9,29,0,40,3,0,18.0,13.0,15.0,13.142857142857142,13.9,13.23,132.3,6.57,138.87,NO REORDER,0.0
2025-09-30,P002,USB Keyboard,Electronics,141,0,16,125,40,10,In Stock,2025,9,30,1,40,3,0,10.0,15.0,14.0,12.714285714285714,13.5,13.61,136.1,6.36,142.46,REORDER,17.0
2025-10-01,P002,USB Keyboard,Electronics,125,0,13,112,40,10,In Stock,2025,10,1,2,40,4,0,16.0,13.0,14.0,12.857142857142858,13.6,12.34,123.4,6.43,129.83,REORDER,18.0
2025-10-02,P002,USB Keyboard,Electronics,112,0,11,101,40,10,In Stock,2025,10,2,3,40,4,0,13.0,9.0,14.0,12.857142857142858,13.6,12.56,125.6,6.43,132.03,REORDER,31.0
2025-10-03,P002,USB Keyboard,Electronics,101,0,18,83,40,10,In Stock,2025,10,3,4,40,4,0,11.0,12.0,13.0,13.142857142857142,13.4,13.48,134.8,6.57,141.37,REORDER,58.0
2025-10-04,P002,USB Keyboard,Electronics,83,0,12,71,40,10,In Stock,2025,10,4,5,40,4,1,18.0,12.0,14.0,14.0,13.7,14.2,142.0,7.0,149.0,REORDER,78.0
2025-10-05,P002,USB Keyboard,Electronics,71,0,12,59,40,10,Reorder Soon,2025,10,5,6,40,4,1,12.0,18.0,13.0,14.0,13.566666666666666,13.93,139.3,7.0,146.3,REORDER,87.0
2025-10-06,P002,USB Keyboard,Electronics,59,0,15,44,40,10,Reorder Soon,2025,10,6,0,41,4,0,12.0,10.0,13.0,13.142857142857142,13.466666666666669,13.32,133.2,6.57,139.77,REORDER,96.0
2025-10-07,P002,USB Keyboard,Electronics,44,136,15,165,40,10,In Stock,2025,10,7,1,41,4,0,15.0,16.0,15.0,13.857142857142858,13.6,13.3,133.0,6.93,139.93,NO REORDER,0.0
2025-10-08,P002,USB Keyboard,Electronics,165,0,12,153,40,10,In Stock,2025,10,8,2,41,4,0,15.0,13.0,13.0,13.714285714285714,13.766666666666667,13.1,131.0,6.86,137.86,NO REORDER,0.0
2025-10-09,P002,USB Keyboard,Electronics,153,0,11,142,40,10,In Stock,2025,10,9,3,41,4,0,12.0,11.0,9.0,13.571428571428571,13.566666666666666,12.82,128.2,6.79,134.99,NO REORDER,0.0
2025-10-10,P002,USB Keyboard,Electronics,142,0,12,130,40,10,In Stock,2025,10,10,4,41,4,0,11.0,18.0,12.0,13.571428571428571,13.6,13.51,135.1,6.79,141.89,REORDER,12.0
2025-10-11,P002,USB Keyboard,Electronics,130,0,16,114,40,10,In Stock,2025,10,11,5,41,4,1,12.0,12.0,12.0,12.714285714285714,13.566666666666666,13.42,134.2,6.36,140.56,REORDER,27.0
2025-10-12,P002,USB Keyboard,Electronics,114,0,15,99,40,10,In Stock,2025,10,12,6,41,4,1,16.0,12.0,18.0,13.285714285714286,13.566666666666666,13.84,138.4,6.64,145.04,REORDER,46.0
2025-10-13,P002,USB Keyboard,Electronics,99,0,14,85,40,10,In Stock,2025,10,13,0,42,4,0,15.0,15.0,10.0,13.714285714285714,13.6,12.88,128.8,6.86,135.66,REORDER,51.0
2025-10-14,P002,USB Keyboard,Electronics,85,0,11,74,40,10,In Stock,2025,10,14,1,42,4,0,14.0,15.0,16.0,13.571428571428571,13.566666666666666,13.0,130.0,6.79,136.79,REORDER,63.0
2025-10-15,P002,USB Keyboard,Electronics,74,0,12,62,40,10,In Stock,2025,10,15,2,42,4,0,11.0,12.0,13.0,13.0,13.4,13.58,135.8,6.5,142.3,REORDER,80.0
2025-10-16,P002,USB Keyboard,Electronics,62,0,12,50,40,10,Reorder Soon,2025,10,16,3,42,4,0,12.0,11.0,11.0,13.0,13.3,13.44,134.4,6.5,140.9,REORDER,91.0
2025-10-17,P002,USB Keyboard,Electronics,50,0,9,41,40,10,Reorder Soon,2025,10,17,4,42,4,0,12.0,12.0,18.0,13.142857142857142,13.233333333333333,12.48,124.8,6.57,131.37,REORDER,90.0
2025-10-18,P002,USB Keyboard,Electronics,41,132,15,158,40,10,In Stock,2025,10,18,5,42,4,1,9.0,16.0,12.0,12.714285714285714,13.066666666666666,13.7,137.0,6.36,143.36,NO REORDER,0.0
2025-10-19,P002,USB Keyboard,Electronics,158,0,15,143,40,10,In Stock,2025,10,19,6,42,4,1,15.0,15.0,12.0,12.571428571428571,13.1,13.28,132.8,6.29,139.09,NO REORDER,0.0
2025-10-20,P002,USB Keyboard,Electronics,143,0,12,131,40,10,In Stock,2025,10,20,0,43,4,0,15.0,14.0,15.0,12.571428571428571,13.166666666666666,12.52,125.2,6.29,131.49,REORDER,0.0
2025-10-21,P002,USB Keyboard,Electronics,131,0,12,119,40,10,In Stock,2025,10,21,1,43,4,0,12.0,11.0,15.0,12.285714285714286,13.1,13.08,130.8,6.14,136.94,REORDER,18.0
2025-10-22,P002,USB Keyboard,Electronics,119,0,14,105,40,10,In Stock,2025,10,22,2,43,4,0,12.0,12.0,12.0,12.428571428571429,13.066666666666666,12.95,129.5,6.21,135.71,REORDER,31.0
2025-10-23,P002,USB Keyboard,Electronics,105,0,14,91,40,10,In Stock,2025,10,23,3,43,4,0,14.0,12.0,11.0,12.714285714285714,13.1,13.15,131.5,6.36,137.86,REORDER,47.0
2025-10-24,P002,USB Keyboard,Electronics,91,0,16,75,40,10,In Stock,2025,10,24,4,43,4,0,14.0,9.0,12.0,13.0,13.066666666666666,12.82,128.2,6.5,134.7,REORDER,60.0
2025-10-25,P002,USB Keyboard,Electronics,75,0,14,61,40,10,In Stock,2025,10,25,5,43,4,1,16.0,15.0,16.0,14.0,13.166666666666666,13.9,139.0,7.0,146.0,REORDER,85.0
2025-10-26,P002,USB Keyboard,Electronics,61,0,14,47,40,10,Reorder Soon,2025,10,26,6,43,4,1,14.0,15.0,15.0,13.857142857142858,13.333333333333334,13.76,137.6,6.93,144.53,REORDER,98.0
2025-10-27,P002,USB Keyboard,Electronics,47,127,13,161,40,10,In Stock,2025,10,27,0,44,4,0,14.0,12.0,14.0,13.714285714285714,13.4,13.86,138.6,6.86,145.46,NO REORDER,0.0
2025-10-28,P002,USB Keyboard,Electronics,161,0,11,150,40,10,In Stock,2025,10,28,1,44,4,0,13.0,12.0,11.0,13.857142857142858,13.433333333333334,13.18,131.8,6.93,138.73,NO REORDER,0.0
2025-10-29,P002,USB Keyboard,Electronics,150,0,16,134,40,10,In Stock,2025,10,29,2,44,4,0,11.0,14.0,12.0,13.714285714285714,13.2,13.25,132.5,6.86,139.36,REORDER,5.0
2025-10-30,P002,USB Keyboard,Electronics,134,0,11,123,40,10,In Stock,2025,10,30,3,44,4,0,16.0,14.0,12.0,14.0,13.4,13.55,135.5,7.0,142.5,REORDER,20.0
2025-10-31,P002,USB Keyboard,Electronics,123,0,27,96,40,10,In Stock,2025,10,31,4,44,4,0,11.0,16.0,9.0,13.571428571428571,13.233333333333333,15.02,150.2,6.79,156.99,REORDER,61.0
2025-11-01,P002,USB Keyboard,Electronics,96,0,12,84,40,10,In Stock,2025,11,1,5,44,4,1,27.0,14.0,15.0,15.142857142857142,13.7,14.16,141.6,7.57,149.17,REORDER,65.0
2025-11-02,P002,USB Keyboard,Electronics,84,0,13,71,40,10,In Stock,2025,11,2,6,44,4,1,12.0,14.0,15.0,14.857142857142858,13.733333333333333,14.22,142.2,7.43,149.63,REORDER,79.0
2025-11-03,P002,USB Keyboard,Electronics,71,0,11,60,40,10,Reorder Soon,2025,11,3,0,45,4,0,13.0,13.0,12.0,14.714285714285714,13.566666666666666,12.6,126.0,7.36,133.36,REORDER,73.0
2025-11-04,P002,USB Keyboard,Electronics,60,0,15,45,40,10,Reorder Soon,2025,11,4,1,45,4,0,11.0,11.0,12.0,14.428571428571429,13.533333333333331,13.23,132.3,7.21,139.51,REORDER,95.0
2025-11-05,P002,USB Keyboard,Electronics,45,135,11,169,40,10,In Stock,2025,11,5,2,45,4,0,15.0,16.0,14.0,15.0,13.633333333333333,13.56,135.6,7.5,143.1,NO REORDER,0.0
2025-11-06,P002,USB Keyboard,Electronics,169,0,13,156,40,10,In Stock,2025,11,6,3,45,4,0,11.0,11.0,14.0,14.285714285714286,13.5,13.2,132.0,7.14,139.14,NO REORDER,0.0
2025-11-07,P002,USB Keyboard,Electronics,156,0,9,147,40,10,In Stock,2025,11,7,4,45,4,0,13.0,27.0,16.0,14.571428571428571,13.433333333333334,13.7,137.0,7.29,144.29,NO REORDER,0.0
2025-11-08,P002,USB Keyboard,Electronics,147,0,12,135,40,10,In Stock,2025,11,8,5,45,4,1,9.0,12.0,14.0,12.0,13.333333333333334,13.08,130.8,6.0,136.8,REORDER,2.0
2025-11-09,P002,USB Keyboard,Electronics,135,0,12,123,40,10,In Stock,2025,11,9,6,45,4,1,12.0,13.0,14.0,12.0,13.366666666666667,13.46,134.6,6.0,140.6,REORDER,18.0
2025-11-10,P002,USB Keyboard,Electronics,123,0,12,111,40,10,In Stock,2025,11,10,0,46,4,0,12.0,11.0,13.0,11.857142857142858,13.366666666666667,13.25,132.5,5.93,138.43,REORDER,27.0
2025-11-11,P002,USB Keyboard,Electronics,111,0,11,100,40,10,In Stock,2025,11,11,1,46,4,0,12.0,15.0,11.0,12.0,13.233333333333333,13.01,130.1,6.0,136.1,REORDER,36.0
2025-11-12,P002,USB Keyboard,Electronics,100,0,14,86,40,10,In Stock,2025,11,12,2,46,4,0,11.0,11.0,16.0,11.428571428571429,13.1,12.68,126.8,5.71,132.51,REORDER,47.0
2025-11-13,P002,USB Keyboard,Electronics,86,0,10,76,40,10,In Stock,2025,11,13,3,46,4,0,14.0,13.0,11.0,11.857142857142858,13.1,13.03,130.3,5.93,136.23,REORDER,60.0
2025-11-14,P002,USB Keyboard,Electronics,76,0,16,60,40,10,Reorder Soon,2025,11,14,4,46,4,0,10.0,9.0,27.0,11.428571428571429,13.066666666666666,13.0,130.0,5.71,135.71,REORDER,76.0
2025-11-15,P002,USB Keyboard,Electronics,60,0,13,47,40,10,Reorder Soon,2025,11,15,5,46,4,1,16.0,12.0,12.0,12.428571428571429,13.2,13.71,137.1,6.21,143.31,REORDER,96.0
2025-11-16,P002,USB Keyboard,Electronics,47,132,17,162,40,10,In Stock,2025,11,16,6,46,4,1,13.0,12.0,13.0,12.571428571428571,13.233333333333333,14.14,141.4,6.29,147.69,NO REORDER,0.0
2025-11-17,P002,USB Keyboard,Electronics,162,0,9,153,40,10,In Stock,2025,11,17,0,47,4,0,17.0,12.0,11.0,13.285714285714286,13.5,13.22,132.2,6.64,138.84,NO REORDER,0.0
2025-11-18,P002,USB Keyboard,Electronics,153,0,11,142,40,10,In Stock,2025,11,18,1,47,4,0,9.0,11.0,15.0,12.857142857142858,13.3,12.62,126.2,6.43,132.63,NO REORDER,0.0
2025-11-19,P002,USB Keyboard,Electronics,142,0,15,127,40,10,In Stock,2025,11,19,2,47,4,0,11.0,14.0,11.0,12.857142857142858,13.166666666666666,13.58,135.8,6.43,142.23,REORDER,15.0
2025-11-20,P002,USB Keyboard,Electronics,127,0,14,113,40,10,In Stock,2025,11,20,3,47,4,0,15.0,10.0,13.0,13.0,13.266666666666667,12.94,129.4,6.5,135.9,REORDER,23.0
2025-11-21,P002,USB Keyboard,Electronics,113,0,14,99,40,10,In Stock,2025,11,21,4,47,4,0,14.0,16.0,9.0,13.571428571428571,13.333333333333334,12.8,128.0,6.79,134.79,REORDER,36.0
2025-11-22,P002,USB Keyboard,Electronics,99,0,16,83,40,10,In Stock,2025,11,22,5,47,4,1,14.0,13.0,12.0,13.285714285714286,13.333333333333334,13.38,133.8,6.64,140.44,REORDER,57.0
2025-11-23,P002,USB Keyboard,Electronics,83,0,13,70,40,10,In Stock,2025,11,23,6,47,4,1,16.0,17.0,12.0,13.714285714285714,13.4,13.52,135.2,6.86,142.06,REORDER,72.0
2025-11-24,P002,USB Keyboard,Electronics,70,0,14,56,40,10,Reorder Soon,2025,11,24,0,48,4,0,13.0,9.0,12.0,13.142857142857142,13.3,12.86,128.6,6.57,135.17,REORDER,79.0
2025-11-25,P002,USB Keyboard,Electronics,56,0,11,45,40,10,Reorder Soon,2025,11,25,1,48,4,0,14.0,11.0,11.0,13.857142857142858,13.3,13.11,131.1,6.93,138.03,REORDER,93.0
2025-11-26,P002,USB Keyboard,Electronics,45,125,12,158,40,10,In Stock,2025,11,26,2,48,4,0,11.0,15.0,14.0,13.857142857142858,13.2,14.09,140.9,6.93,147.83,NO REORDER,0.0
2025-11-27,P002,USB Keyboard,Electronics,158,0,14,144,40,10,In Stock,2025,11,27,3,48,4,0,12.0,14.0,10.0,13.428571428571429,13.166666666666666,12.8,128.0,6.71,134.71,NO REORDER,0.0
2025-11-28,P002,USB Keyboard,Electronics,144,0,12,132,40,10,In Stock,2025,11,28,4,48,4,0,14.0,14.0,16.0,13.428571428571429,13.266666666666667,12.84,128.4,6.71,135.11,REORDER,3.0
2025-11-29,P002,USB Keyboard,Electronics,132,0,16,116,40,10,In Stock,2025,11,29,5,48,4,1,12.0,16.0,13.0,13.142857142857142,13.133333333333333,13.28,132.8,6.57,139.37,REORDER,23.0
2025-11-30,P002,USB Keyboard,Electronics,116,0,19,97,40,10,In Stock,2025,11,30,6,48,4,1,16.0,13.0,17.0,13.142857142857142,13.3,13.72,137.2,6.57,143.77,REORDER,47.0
2025-12-01,P002,USB Keyboard,Electronics,97,0,19,78,40,10,In Stock,2025,12,1,0,49,4,0,19.0,14.0,9.0,14.0,13.033333333333331,12.65,126.5,7.0,133.5,REORDER,56.0
2025-12-02,P002,USB Keyboard,Electronics,78,0,11,67,40,10,In Stock,2025,12,2,1,49,4,0,19.0,11.0,11.0,14.714285714285714,13.266666666666667,12.57,125.7,7.36,133.06,REORDER,66.0
2025-12-03,P002,USB Keyboard,Electronics,67,0,14,53,40,10,Reorder Soon,2025,12,3,2,49,4,0,11.0,12.0,15.0,14.714285714285714,13.2,13.17,131.7,7.36,139.06,REORDER,86.0
2025-12-04,P002,USB Keyboard,Electronics,53,136,19,170,40,10,In Stock,2025,12,4,3,49,4,0,14.0,14.0,14.0,15.0,13.3,15.32,153.2,7.5,160.7,NO REORDER,0.0
2025-12-05,P002,USB Keyboard,Electronics,170,0,10,160,40,10,In Stock,2025,12,5,4,49,4,0,19.0,12.0,14.0,15.714285714285714,13.433333333333334,13.14,131.4,7.86,139.26,NO REORDER,0.0
2025-12-06,P002,USB Keyboard,Electronics,160,0,17,143,40,10,In Stock,2025,12,6,5,49,4,1,10.0,16.0,16.0,15.428571428571429,13.4,13.61,136.1,7.71,143.81,REORDER,1.0
2025-12-07,P002,USB Keyboard,Electronics,143,0,15,128,40,10,In Stock,2025,12,7,6,49,4,1,17.0,19.0,13.0,15.571428571428571,13.533333333333331,14.15,141.5,7.79,149.29,REORDER,21.0
2025-12-08,P002,USB Keyboard,Electronics,128,0,11,117,40,10,In Stock,2025,12,8,0,50,4,0,15.0,19.0,14.0,15.0,13.733333333333333,13.36,133.6,7.5,141.1,REORDER,24.0
2025-12-09,P002,USB Keyboard,Electronics,117,0,9,108,40,10,In Stock,2025,12,9,1,50,4,0,11.0,11.0,11.0,13.857142857142858,13.7,13.66,136.6,6.93,143.53,REORDER,36.0
2025-12-10,P002,USB Keyboard,Electronics,108,0,12,96,40,10,In Stock,2025,12,10,2,50,4,0,9.0,14.0,12.0,13.571428571428571,13.6,12.62,126.2,6.79,132.99,REORDER,37.0
2025-12-11,P002,USB Keyboard,Electronics,96,0,11,85,40,10,In Stock,2025,12,11,3,50,4,0,12.0,19.0,14.0,13.285714285714286,13.6,13.34,133.4,6.64,140.04,REORDER,55.0
2025-12-12,P002,USB Keyboard,Electronics,85,0,14,71,40,10,In Stock,2025,12,12,4,50,4,0,11.0,10.0,12.0,12.142857142857142,13.6,13.42,134.2,6.07,140.27,REORDER,69.0
2025-12-13,P002,USB Keyboard,Electronics,71,0,15,56,40,10,Reorder Soon,2025,12,13,5,50,4,1,14.0,17.0,16.0,12.714285714285714,13.6,13.84,138.4,6.36,144.76,REORDER,89.0
2025-12-14,P002,USB Keyboard,Electronics,56,0,14,42,40,10,Reorder Soon,2025,12,14,6,50,4,1,15.0,15.0,19.0,12.428571428571429,13.766666666666667,13.99,139.9,6.21,146.11,REORDER,104.0
2025-12-15,P002,USB Keyboard,Electronics,42,134,14,162,40,10,In Stock,2025,12,15,0,51,4,0,14.0,11.0,19.0,12.285714285714286,13.7,14.0,140.0,6.14,146.14,NO REORDER,0.0
2025-12-16,P002,USB Keyboard,Electronics,162,0,12,150,40,10,In Stock,2025,12,16,1,51,4,0,14.0,9.0,11.0,12.714285714285714,13.733333333333333,13.84,138.4,6.36,144.76,NO REORDER,0.0
2025-12-17,P002,USB Keyboard,Electronics,150,0,11,139,40,10,In Stock,2025,12,17,2,51,4,0,12.0,12.0,14.0,13.142857142857142,13.566666666666666,13.44,134.4,6.57,140.97,REORDER,2.0
2025-12-18,P002,USB Keyboard,Electronics,139,0,13,126,40,10,In Stock,2025,12,18,3,51,4,0,11.0,11.0,19.0,13.0,13.633333333333333,13.82,138.2,6.5,144.7,REORDER,19.0
2025-12-19,P002,USB Keyboard,Electronics,126,0,12,114,40,10,In Stock,2025,12,19,4,51,4,0,13.0,14.0,10.0,13.285714285714286,13.7,14.13,141.3,6.64,147.94,REORDER,34.0
2025-12-20,P002,USB Keyboard,Electronics,114,0,12,102,40,10,In Stock,2025,12,20,5,51,4,1,12.0,15.0,17.0,13.0,13.6,14.02,140.2,6.5,146.7,REORDER,45.0
2025-12-21,P002,USB Keyboard,Electronics,102,0,16,86,40,10,In Stock,2025,12,21,6,51,4,1,12.0,14.0,15.0,12.571428571428571,13.533333333333331,14.06,140.6,6.29,146.89,REORDER,61.0
2025-12-22,P002,USB Keyboard,Electronics,86,0,11,75,40,10,In Stock,2025,12,22,0,52,4,0,16.0,14.0,11.0,12.857142857142858,13.6,13.24,132.4,6.43,138.83,REORDER,64.0
2025-12-23,P002,USB Keyboard,Electronics,75,0,12,63,40,10,In Stock,2025,12,23,1,52,4,0,11.0,12.0,9.0,12.428571428571429,13.433333333333334,13.21,132.1,6.21,138.31,REORDER,75.0
2025-12-24,P002,USB Keyboard,Electronics,63,0,15,48,40,10,Reorder Soon,2025,12,24,2,52,4,0,12.0,11.0,12.0,12.428571428571429,13.4,13.4,134.0,6.21,140.21,REORDER,92.0
2025-12-25,P002,USB Keyboard,Electronics,48,123,18,153,40,10,In Stock,2025,12,25,3,52,4,0,15.0,13.0,11.0,13.0,13.433333333333334,13.36,133.6,6.5,140.1,NO REORDER,0.0
2025-12-26,P002,USB Keyboard,Electronics,153,0,15,138,40,10,In Stock,2025,12,26,4,52,4,0,18.0,12.0,14.0,13.714285714285714,13.666666666666666,13.23,132.3,6.86,139.16,REORDER,1.0
2025-12-27,P002,USB Keyboard,Electronics,138,0,11,127,40,10,In Stock,2025,12,27,5,52,4,1,15.0,12.0,15.0,14.142857142857142,13.766666666666667,13.76,137.6,7.07,144.67,REORDER,18.0
2025-12-28,P002,USB Keyboard,Electronics,127,0,13,114,40,10,In Stock,2025,12,28,6,52,4,1,11.0,16.0,14.0,14.0,13.666666666666666,13.96,139.6,7.0,146.6,REORDER,33.0
2025-12-29,P002,USB Keyboard,Electronics,114,0,13,101,40,10,In Stock,2025,12,29,0,1,4,0,13.0,11.0,14.0,13.571428571428571,13.7,13.38,133.8,6.79,140.59,REORDER,40.0
2025-12-30,P002,USB Keyboard,Electronics,101,0,14,87,40,10,In Stock,2025,12,30,1,1,4,0,13.0,12.0,12.0,13.857142857142858,13.6,13.35,133.5,6.93,140.43,REORDER,53.0
2025-12-31,P002,USB Keyboard,Electronics,87,0,16,71,40,10,In Stock,2025,12,31,2,1,4,0,14.0,15.0,11.0,14.142857142857142,13.433333333333334,13.74,137.4,7.07,144.47,REORDER,73.0
2025-08-13,P003,Bluetooth Speaker,Electronics,100,0,8,92,25,14,In Stock,2025,8,13,2,33,3,0,9.0,8.0,9.0,7.285714285714286,7.4,8.06,112.84,3.64,116.48,REORDER,24.0
2025-08-14,P003,Bluetooth Speaker,Electronics,92,0,8,84,25,14,In Stock,2025,8,14,3,33,3,0,8.0,5.0,9.0,7.285714285714286,7.466666666666667,8.04,112.56,3.64,116.2,REORDER,32.0
2025-08-15,P003,Bluetooth Speaker,Electronics,84,0,12,72,25,14,In Stock,2025,8,15,4,33,3,0,8.0,9.0,7.0,7.714285714285714,7.5,7.8,109.2,3.86,113.06,REORDER,41.0
2025-08-16,P003,Bluetooth Speaker,Electronics,72,0,10,62,25,14,In Stock,2025,8,16,5,33,3,1,12.0,8.0,8.0,8.142857142857142,7.6,7.99,111.86,4.07,115.93,REORDER,54.0
2025-08-17,P003,Bluetooth Speaker,Electronics,62,0,10,52,25,14,In Stock,2025,8,17,6,33,3,1,10.0,7.0,8.0,8.428571428571429,7.766666666666667,8.4,117.6,4.21,121.81,REORDER,70.0
2025-08-18,P003,Bluetooth Speaker,Electronics,52,0,8,44,25,14,In Stock,2025,8,18,0,34,3,0,10.0,5.0,9.0,8.857142857142858,7.866666666666666,7.89,110.46,4.43,114.89,REORDER,71.0
2025-08-19,P003,Bluetooth Speaker,Electronics,44,0,9,35,25,14,Reorder Soon,2025,8,19,1,34,3,0,8.0,9.0,7.0,9.285714285714286,7.9,7.84,109.76,4.64,114.4,REORDER,79.0
2025-08-20,P003,Bluetooth Speaker,Electronics,35,0,9,26,25,14,Reorder Soon,2025,8,20,2,34,3,0,9.0,8.0,8.0,9.285714285714286,7.933333333333334,7.64,106.96,4.64,111.6,REORDER,86.0
2025-08-21,P003,Bluetooth Speaker,Electronics,26,81,7,100,25,14,In Stock,2025,8,21,3,34,3,0,9.0,8.0,5.0,9.428571428571429,8.0,8.07,112.98,4.71,117.69,REORDER,18.0
2025-08-22,P003,Bluetooth Speaker,Electronics,100,0,9,91,25,14,In Stock,2025,8,22,4,34,3,0,7.0,12.0,9.0,9.285714285714286,7.966666666666667,8.0,112.0,4.64,116.64,REORDER,26.0
2025-08-23,P003,Bluetooth Speaker,Electronics,91,0,7,84,25,14,In Stock,2025,8,23,5,34,3,1,9.0,10.0,8.0,8.857142857142858,8.0,8.61,120.54,4.43,124.97,REORDER,41.0
2025-08-24,P003,Bluetooth Speaker,Electronics,84,0,9,75,25,14,In Stock,2025,8,24,6,34,3,1,7.0,10.0,7.0,8.428571428571429,7.966666666666667,8.63,120.82,4.21,125.03,REORDER,50.0
2025-08-25,P003,Bluetooth Speaker,Electronics,75,0,9,66,25,14,In Stock,2025,8,25,0,35,3,0,9.0,8.0,5.0,8.285714285714286,7.933333333333334,7.55,105.7,4.14,109.84,REORDER,44.0
2025-08-26,P003,Bluetooth Speaker,Electronics,66,0,8,58,25,14,In Stock,2025,8,26,1,35,3,0,9.0,9.0,9.0,8.428571428571429,8.033333333333333,8.25,115.5,4.21,119.71,REORDER,62.0
2025-08-27,P003,Bluetooth Speaker,Electronics,58,0,8,50,25,14,In Stock,2025,8,27,2,35,3,0,8.0,9.0,8.0,8.285714285714286,8.033333333333333,8.75,122.5,4.14,126.64,REORDER,77.0
2025-08-28,P003,Bluetooth Speaker,Electronics,50,0,7,43,25,14,In Stock,2025,8,28,3,35,3,0,8.0,7.0,8.0,8.142857142857142,8.066666666666666,8.9,124.6,4.07,128.67,REORDER,86.0
2025-08-29,P003,Bluetooth Speaker,Electronics,43,0,7,36,25,14,Reorder Soon,2025,8,29,4,35,3,0,7.0,9.0,12.0,8.142857142857142,8.2,8.7,121.8,4.07,125.87,REORDER,90.0
2025-08-30,P003,Bluetooth Speaker,Electronics,36,0,8,28,25,14,Reorder Soon,2025,8,30,5,35,3,1,7.0,7.0,10.0,7.857142857142857,8.133333333333333,8.51,119.14,3.93,123.07,REORDER,95.0
2025-08-31,P003,Bluetooth Speaker,Electronics,28,73,7,94,25,14,In Stock,2025,8,31,6,35,3,1,8.0,9.0,10.0,8.0,8.1,8.73,122.22,4.0,126.22,REORDER,32.0
2025-09-01,P003,Bluetooth Speaker,Electronics,94,0,8,86,25,14,In Stock,2025,9,1,0,36,3,0,7.0,9.0,8.0,7.714285714285714,8.1,7.84,109.76,3.86,113.62,REORDER,28.0
2025-09-02,P003,Bluetooth Speaker,Electronics,86,0,8,78,25,14,In Stock,2025,9,2,1,36,3,0,8.0,8.0,9.0,7.571428571428571,8.1,7.85,109.9,3.79,113.69,REORDER,36.0
2025-09-03,P003,Bluetooth Speaker,Electronics,78,0,13,65,25,14,In Stock,2025,9,3,2,36,3,0,8.0,8.0,9.0,7.571428571428571,8.1,7.8,109.2,3.79,112.99,REORDER,48.0
2025-09-04,P003,Bluetooth Speaker,Electronics,65,0,7,58,25,14,In Stock,2025,9,4,3,36,3,0,13.0,7.0,7.0,8.285714285714286,8.233333333333333,8.63,120.82,4.14,124.96,REORDER,67.0
2025-09-05,P003,Bluetooth Speaker,Electronics,58,0,5,53,25,14,In Stock,2025,9,5,4,36,3,0,7.0,7.0,9.0,8.285714285714286,8.233333333333333,8.37,117.18,4.14,121.32,REORDER,68.0
2025-09-06,P003,Bluetooth Speaker,Electronics,53,0,11,42,25,14,In Stock,2025,9,6,5,36,3,1,5.0,8.0,7.0,8.0,8.133333333333333,8.91,124.74,4.0,128.74,REORDER,87.0
2025-09-07,P003,Bluetooth Speaker,Electronics,42,0,6,36,25,14,Reorder Soon,2025,9,7,6,36,3,1,11.0,7.0,9.0,8.428571428571429,8.333333333333334,8.85,123.9,4.21,128.11,REORDER,92.0
2025-09-08,P003,Bluetooth Speaker,Electronics,36,67,12,91,25,14,In Stock,2025,9,8,0,37,3,0,6.0,8.0,9.0,8.285714285714286,8.233333333333333,8.18,114.52,4.14,118.66,REORDER,28.0
2025-09-09,P003,Bluetooth Speaker,Electronics,91,0,7,84,25,14,In Stock,2025,9,9,1,37,3,0,12.0,8.0,8.0,8.857142857142858,8.366666666666667,8.68,121.52,4.43,125.95,REORDER,42.0
2025-09-10,P003,Bluetooth Speaker,Electronics,84,0,9,75,25,14,In Stock,2025,9,10,2,37,3,0,7.0,13.0,8.0,8.714285714285714,8.366666666666667,8.72,122.08,4.36,126.44,REORDER,51.0
2025-09-11,P003,Bluetooth Speaker,Electronics,75,0,10,65,25,14,In Stock,2025,9,11,3,37,3,0,9.0,7.0,7.0,8.142857142857142,8.5,8.4,117.6,4.07,121.67,REORDER,57.0
2025-09-12,P003,Bluetooth Speaker,Electronics,65,0,7,58,25,14,In Stock,2025,9,12,4,37,3,0,10.0,5.0,7.0,8.571428571428571,8.533333333333333,8.26,115.64,4.29,119.93,REORDER,62.0
2025-09-13,P003,Bluetooth Speaker,Electronics,58,0,9,49,25,14,In Stock,2025,9,13,5,37,3,1,7.0,11.0,8.0,8.857142857142858,8.5,8.61,120.54,4.43,124.97,REORDER,76.0
2025-09-14,P003,Bluetooth Speaker,Electronics,49,0,8,41,25,14,In Stock,2025,9,14,6,37,3,1,9.0,6.0,7.0,8.571428571428571,8.533333333333333,8.74,122.36,4.29,126.65,REORDER,86.0
2025-09-15,P003,Bluetooth Speaker,Electronics,41,0,6,35,25,14,Reorder Soon,2025,9,15,0,38,3,0,8.0,12.0,8.0,8.857142857142858,8.4,8.16,114.24,4.43,118.67,REORDER,84.0
2025-09-16,P003,Bluetooth Speaker,Electronics,35,0,8,27,25,14,Reorder Soon,2025,9,16,1,38,3,0,6.0,7.0,8.0,8.0,8.266666666666667,8.16,114.24,4.0,118.24,REORDER,91.0
2025-09-17,P003,Bluetooth Speaker,Electronics,27,92,10,109,25,14,In Stock,2025,9,17,2,38,3,0,8.0,9.0,13.0,8.142857142857142,8.2,9.24,129.36,4.07,133.43,REORDER,24.0
2025-09-18,P003,Bluetooth Speaker,Electronics,109,0,8,101,25,14,In Stock,2025,9,18,3,38,3,0,10.0,10.0,7.0,8.285714285714286,8.266666666666667,8.7,121.8,4.14,125.94,REORDER,25.0
2025-09-19,P003,Bluetooth Speaker,Electronics,101,0,7,94,25,14,In Stock,2025,9,19,4,38,3,0,8.0,7.0,5.0,8.0,8.233333333333333,8.36,117.04,4.0,121.04,REORDER,27.0
2025-09-20,P003,Bluetooth Speaker,Electronics,94,0,7,87,25,14,In Stock,2025,9,20,5,38,3,1,7.0,9.0,11.0,8.0,8.166666666666666,9.15,128.1,4.0,132.1,REORDER,45.0
2025-09-21,P003,Bluetooth Speaker,Electronics,87,0,9,78,25,14,In Stock,2025,9,21,6,38,3,1,7.0,8.0,6.0,7.714285714285714,8.166666666666666,8.21,114.94,3.86,118.8,REORDER,41.0
2025-09-22,P003,Bluetooth Speaker,Electronics,78,0,5,73,25,14,In Stock,2025,9,22,0,39,3,0,9.0,6.0,12.0,7.857142857142857,8.166666666666666,7.9,110.6,3.93,114.53,REORDER,42.0
2025-09-23,P003,Bluetooth Speaker,Electronics,73,0,10,63,25,14,In Stock,2025,9,23,1,39,3,0,5.0,8.0,7.0,7.714285714285714,8.1,8.09,113.26,3.86,117.12,REORDER,54.0
2025-09-24,P003,Bluetooth Speaker,Electronics,63,0,16,47,25,14,In Stock,2025,9,24,2,39,3,0,10.0,10.0,9.0,8.0,8.133333333333333,8.65,121.1,4.0,125.1,REORDER,78.0
2025-09-25,P003,Bluetooth Speaker,Electronics,47,0,9,38,25,14,In Stock,2025,9,25,3,39,3,0,16.0,8.0,10.0,8.857142857142858,8.366666666666667,9.39,131.46,4.43,135.89,REORDER,98.0
2025-09-26,P003,Bluetooth Speaker,Electronics,38,0,7,31,25,14,Reorder Soon,2025,9,26,4,39,3,0,9.0,7.0,7.0,9.0,8.4,8.22,115.08,4.5,119.58,REORDER,89.0
2025-09-27,P003,Bluetooth Speaker,Electronics,31,91,12,110,25,14,In Stock,2025,9,27,5,39,3,1,7.0,7.0,9.0,9.0,8.366666666666667,8.78,122.92,4.5,127.42,REORDER,17.0
2025-09-28,P003,Bluetooth Speaker,Electronics,110,0,10,100,25,14,In Stock,2025,9,28,6,39,3,1,12.0,9.0,8.0,9.714285714285714,8.533333333333333,9.32,130.48,4.86,135.34,REORDER,35.0
2025-09-29,P003,Bluetooth Speaker,Electronics,100,0,6,94,25,14,In Stock,2025,9,29,0,40,3,0,10.0,5.0,6.0,9.857142857142858,8.633333333333333,9.59,134.26,4.93,139.19,REORDER,45.0
2025-09-30,P003,Bluetooth Speaker,Electronics,94,0,7,87,25,14,In Stock,2025,9,30,1,40,3,0,6.0,10.0,8.0,10.0,8.566666666666666,9.26,129.64,5.0,134.64,REORDER,48.0
2025-10-01,P003,Bluetooth Speaker,Electronics,87,0,8,79,25,14,In Stock,2025,10,1,2,40,4,0,7.0,16.0,10.0,9.571428571428571,8.566666666666666,9.36,131.04,4.79,135.83,REORDER,57.0
2025-10-02,P003,Bluetooth Speaker,Electronics,79,0,11,68,25,14,In Stock,2025,10,2,3,40,4,0,8.0,9.0,8.0,8.428571428571429,8.566666666666666,9.94,139.16,4.21,143.37,REORDER,75.0
2025-10-03,P003,Bluetooth Speaker,Electronics,68,0,7,61,25,14,In Stock,2025,10,3,4,40,4,0,11.0,7.0,7.0,8.714285714285714,8.666666666666666,10.06,140.84,4.36,145.2,REORDER,84.0
2025-10-04,P003,Bluetooth Speaker,Electronics,61,0,15,46,25,14,In Stock,2025,10,4,5,40,4,1,7.0,12.0,7.0,8.714285714285714,8.466666666666667,9.62,134.68,4.36,139.04,REORDER,93.0
2025-10-05,P003,Bluetooth Speaker,Electronics,46,0,11,35,25,14,Reorder Soon,2025,10,5,6,40,4,1,15.0,10.0,9.0,9.142857142857142,8.733333333333333,11.14,155.96,4.57,160.53,REORDER,126.0
2025-10-06,P003,Bluetooth Speaker,Electronics,35,80,12,103,25,14,In Stock,2025,10,6,0,41,4,0,11.0,6.0,5.0,9.285714285714286,8.933333333333334,10.96,153.44,4.64,158.08,REORDER,55.0
2025-10-07,P003,Bluetooth Speaker,Electronics,103,0,10,93,25,14,In Stock,2025,10,7,1,41,4,0,12.0,7.0,10.0,10.142857142857142,8.966666666666667,10.69,149.66,5.07,154.73,REORDER,62.0
2025-10-08,P003,Bluetooth Speaker,Electronics,93,0,11,82,25,14,In Stock,2025,10,8,2,41,4,0,10.0,8.0,16.0,10.571428571428571,9.1,11.34,158.76,5.29,164.05,REORDER,82.0
2025-10-09,P003,Bluetooth Speaker,Electronics,82,0,11,71,25,14,In Stock,2025,10,9,3,41,4,0,11.0,11.0,9.0,11.0,9.066666666666666,11.28,157.92,5.5,163.42,REORDER,92.0
2025-10-10,P003,Bluetooth Speaker,Electronics,71,0,11,60,25,14,In Stock,2025,10,10,4,41,4,0,11.0,7.0,7.0,11.0,9.2,11.72,164.08,5.5,169.58,REORDER,110.0
2025-10-11,P003,Bluetooth Speaker,Electronics,60,0,14,46,25,14,In Stock,2025,10,11,5,41,4,1,11.0,15.0,12.0,11.571428571428571,9.266666666666667,12.42,173.88,5.79,179.67,REORDER,134.0
2025-10-12,P003,Bluetooth Speaker,Electronics,46,0,14,32,25,14,Reorder Soon,2025,10,12,6,41,4,1,14.0,11.0,10.0,11.428571428571429,9.4,12.05,168.7,5.71,174.41,REORDER,142.0
2025-10-13,P003,Bluetooth Speaker,Electronics,32,72,14,90,25,14,In Stock,2025,10,13,0,42,4,0,14.0,12.0,6.0,11.857142857142858,9.633333333333333,11.37,159.18,5.93,165.11,REORDER,75.0
2025-10-14,P003,Bluetooth Speaker,Electronics,90,0,16,74,25,14,In Stock,2025,10,14,1,42,4,0,14.0,10.0,7.0,12.142857142857142,9.8,11.04,154.56,6.07,160.63,REORDER,87.0
2025-10-15,P003,Bluetooth Speaker,Electronics,74,0,10,64,25,14,In Stock,2025,10,15,2,42,4,0,16.0,11.0,8.0,13.0,10.066666666666666,11.05,154.7,6.5,161.2,REORDER,97.0
2025-10-16,P003,Bluetooth Speaker,Electronics,64,0,11,53,25,14,In Stock,2025,10,16,3,42,4,0,10.0,11.0,11.0,12.857142857142858,10.2,10.57,147.98,6.43,154.41,REORDER,101.0
2025-10-17,P003,Bluetooth Speaker,Electronics,53,0,10,43,25,14,In Stock,2025,10,17,4,42,4,0,11.0,11.0,7.0,12.857142857142858,10.3,10.88,152.32,6.43,158.75,REORDER,116.0
2025-10-18,P003,Bluetooth Speaker,Electronics,43,0,13,30,25,14,Reorder Soon,2025,10,18,5,42,4,1,10.0,14.0,15.0,12.714285714285714,10.3,11.49,160.86,6.36,167.22,REORDER,137.0
2025-10-19,P003,Bluetooth Speaker,Electronics,30,88,10,108,25,14,In Stock,2025,10,19,6,42,4,1,13.0,14.0,11.0,12.571428571428571,10.466666666666669,11.38,159.32,6.29,165.61,REORDER,58.0
2025-10-20,P003,Bluetooth Speaker,Electronics,108,0,13,95,25,14,In Stock,2025,10,20,0,43,4,0,10.0,14.0,12.0,12.0,10.566666666666666,11.0,154.0,6.0,160.0,REORDER,65.0
2025-10-21,P003,Bluetooth Speaker,Electronics,95,0,11,84,25,14,In Stock,2025,10,21,1,43,4,0,13.0,16.0,10.0,11.857142857142858,10.766666666666667,11.18,156.52,5.93,162.45,REORDER,78.0
2025-10-22,P003,Bluetooth Speaker,Electronics,84,0,14,70,25,14,In Stock,2025,10,22,2,43,4,0,11.0,10.0,11.0,11.142857142857142,10.833333333333334,11.47,160.58,5.57,166.15,REORDER,96.0
2025-10-23,P003,Bluetooth Speaker,Electronics,70,0,11,59,25,14,In Stock,2025,10,23,3,43,4,0,14.0,11.0,11.0,11.714285714285714,11.133333333333333,11.46,160.44,5.86,166.3,REORDER,107.0
2025-10-24,P003,Bluetooth Speaker,Electronics,59,0,9,50,25,14,In Stock,2025,10,24,4,43,4,0,11.0,10.0,11.0,11.714285714285714,11.166666666666666,11.44,160.16,5.86,166.02,REORDER,116.0
2025-10-25,P003,Bluetooth Speaker,Electronics,50,0,9,41,25,14,In Stock,2025,10,25,5,43,4,1,9.0,13.0,14.0,11.571428571428571,10.933333333333334,11.68,163.52,5.79,169.31,REORDER,128.0
2025-10-26,P003,Bluetooth Speaker,Electronics,41,0,12,29,25,14,Reorder Soon,2025,10,26,6,43,4,1,9.0,10.0,14.0,11.0,10.933333333333334,11.82,165.48,5.5,170.98,REORDER,142.0
2025-10-27,P003,Bluetooth Speaker,Electronics,29,82,11,100,25,14,In Stock,2025,10,27,0,44,4,0,12.0,13.0,14.0,11.285714285714286,11.1,11.02,154.28,5.64,159.92,REORDER,60.0
2025-10-28,P003,Bluetooth Speaker,Electronics,100,0,10,90,25,14,In Stock,2025,10,28,1,44,4,0,11.0,11.0,16.0,11.0,11.066666666666666,11.62,162.68,5.5,168.18,REORDER,78.0
2025-10-29,P003,Bluetooth Speaker,Electronics,90,0,10,80,25,14,In Stock,2025,10,29,2,44,4,0,10.0,14.0,10.0,10.857142857142858,11.066666666666666,12.11,169.54,5.43,174.97,REORDER,95.0
2025-10-30,P003,Bluetooth Speaker,Electronics,80,0,12,68,25,14,In Stock,2025,10,30,3,44,4,0,10.0,11.0,11.0,10.285714285714286,11.2,11.78,164.92,5.14,170.06,REORDER,102.0
2025-10-31,P003,Bluetooth Speaker,Electronics,68,0,17,51,25,14,In Stock,2025,10,31,4,44,4,0,12.0,9.0,10.0,10.428571428571429,11.366666666666667,12.54,175.56,5.21,180.77,REORDER,130.0
2025-11-01,P003,Bluetooth Speaker,Electronics,51,0,8,43,25,14,In Stock,2025,11,1,5,44,4,1,17.0,9.0,13.0,11.571428571428571,11.666666666666666,12.76,178.64,5.79,184.43,REORDER,141.0
2025-11-02,P003,Bluetooth Speaker,Electronics,43,0,14,29,25,14,Reorder Soon,2025,11,2,6,44,4,1,8.0,12.0,10.0,11.428571428571429,11.566666666666666,12.88,180.32,5.71,186.03,REORDER,157.0
2025-11-03,P003,Bluetooth Speaker,Electronics,29,76,11,94,25,14,In Stock,2025,11,3,0,45,4,0,14.0,11.0,13.0,11.714285714285714,11.8,11.45,160.3,5.86,166.16,REORDER,72.0
2025-11-04,P003,Bluetooth Speaker,Electronics,94,0,10,84,25,14,In Stock,2025,11,4,1,45,4,0,11.0,10.0,11.0,11.714285714285714,11.666666666666666,11.68,163.52,5.86,169.38,REORDER,85.0
2025-11-05,P003,Bluetooth Speaker,Electronics,84,0,10,74,25,14,In Stock,2025,11,5,2,45,4,0,10.0,10.0,14.0,11.714285714285714,11.633333333333333,11.43,160.02,5.86,165.88,REORDER,92.0
2025-11-06,P003,Bluetooth Speaker,Electronics,74,0,9,65,25,14,In Stock,2025,11,6,3,45,4,0,10.0,12.0,11.0,11.714285714285714,11.566666666666666,11.78,164.92,5.86,170.78,REORDER,106.0
2025-11-07,P003,Bluetooth Speaker,Electronics,65,0,13,52,25,14,In Stock,2025,11,7,4,45,4,0,9.0,17.0,9.0,11.285714285714286,11.533333333333331,11.94,167.16,5.64,172.8,REORDER,121.0
2025-11-08,P003,Bluetooth Speaker,Electronics,52,0,9,43,25,14,In Stock,2025,11,8,5,45,4,1,13.0,8.0,9.0,10.714285714285714,11.6,11.62,162.68,5.36,168.04,REORDER,125.0
2025-11-09,P003,Bluetooth Speaker,Electronics,43,0,12,31,25,14,Reorder Soon,2025,11,9,6,45,4,1,9.0,14.0,12.0,10.857142857142858,11.533333333333331,12.21,170.94,5.43,176.37,REORDER,145.0
2025-11-10,P003,Bluetooth Speaker,Electronics,31,77,11,97,25,14,In Stock,2025,11,10,0,46,4,0,12.0,11.0,11.0,10.571428571428571,11.566666666666666,10.76,150.64,5.29,155.93,REORDER,59.0
2025-11-11,P003,Bluetooth Speaker,Electronics,97,0,12,85,25,14,In Stock,2025,11,11,1,46,4,0,11.0,10.0,10.0,10.571428571428571,11.466666666666669,10.77,150.78,5.29,156.07,REORDER,71.0
2025-11-12,P003,Bluetooth Speaker,Electronics,85,0,10,75,25,14,In Stock,2025,11,12,2,46,4,0,12.0,10.0,10.0,10.857142857142858,11.4,11.68,163.52,5.43,168.95,REORDER,94.0
2025-11-13,P003,Bluetooth Speaker,Electronics,75,0,13,62,25,14,In Stock,2025,11,13,3,46,4,0,10.0,9.0,12.0,10.857142857142858,11.266666666666667,11.32,158.48,5.43,163.91,REORDER,102.0
2025-11-14,P003,Bluetooth Speaker,Electronics,62,0,12,50,25,14,In Stock,2025,11,14,4,46,4,0,13.0,13.0,17.0,11.428571428571429,11.166666666666666,11.49,160.86,5.71,166.57,REORDER,117.0
2025-11-15,P003,Bluetooth Speaker,Electronics,50,0,11,39,25,14,In Stock,2025,11,15,5,46,4,1,12.0,9.0,8.0,11.285714285714286,11.233333333333333,11.08,155.12,5.64,160.76,REORDER,122.0
2025-11-16,P003,Bluetooth Speaker,Electronics,39,0,10,29,25,14,Reorder Soon,2025,11,16,6,46,4,1,11.0,12.0,14.0,11.571428571428571,11.233333333333333,11.38,159.32,5.79,165.11,REORDER,136.0
2025-11-17,P003,Bluetooth Speaker,Electronics,29,91,11,109,25,14,In Stock,2025,11,17,0,47,4,0,10.0,11.0,11.0,11.285714285714286,11.233333333333333,11.42,159.88,5.64,165.52,REORDER,57.0
2025-11-18,P003,Bluetooth Speaker,Electronics,109,0,10,99,25,14,In Stock,2025,11,18,1,47,4,0,11.0,12.0,10.0,11.285714285714286,11.166666666666666,11.46,160.44,5.64,166.08,REORDER,67.0
2025-11-19,P003,Bluetooth Speaker,Electronics,99,0,9,90,25,14,In Stock,2025,11,19,2,47,4,0,10.0,10.0,10.0,11.0,11.166666666666666,11.62,162.68,5.5,168.18,REORDER,78.0
2025-11-20,P003,Bluetooth Speaker,Electronics,90,0,11,79,25,14,In Stock,2025,11,20,3,47,4,0,9.0,13.0,9.0,10.857142857142858,11.033333333333331,11.61,162.54,5.43,167.97,REORDER,89.0
2025-11-21,P003,Bluetooth Speaker,Electronics,79,0,10,69,25,14,In Stock,2025,11,21,4,47,4,0,11.0,12.0,13.0,10.571428571428571,11.033333333333331,10.76,150.64,5.29,155.93,REORDER,87.0
2025-11-22,P003,Bluetooth Speaker,Electronics,69,0,14,55,25,14,In Stock,2025,11,22,5,47,4,1,10.0,11.0,9.0,10.285714285714286,10.9,11.18,156.52,5.14,161.66,REORDER,107.0
2025-11-23,P003,Bluetooth Speaker,Electronics,55,0,17,38,25,14,In Stock,2025,11,23,6,47,4,1,14.0,10.0,12.0,10.714285714285714,11.0,11.82,165.48,5.36,170.84,REORDER,133.0
2025-11-24,P003,Bluetooth Speaker,Electronics,38,0,10,28,25,14,Reorder Soon,2025,11,24,0,48,4,0,17.0,11.0,11.0,11.714285714285714,11.266666666666667,11.18,156.52,5.86,162.38,REORDER,134.0
2025-11-25,P003,Bluetooth Speaker,Electronics,28,89,11,106,25,14,In Stock,2025,11,25,1,48,4,0,10.0,10.0,12.0,11.571428571428571,11.3,10.94,153.16,5.79,158.95,REORDER,53.0
2025-11-26,P003,Bluetooth Speaker,Electronics,106,0,14,92,25,14,In Stock,2025,11,26,2,48,4,0,11.0,9.0,10.0,11.714285714285714,11.266666666666667,11.55,161.7,5.86,167.56,REORDER,76.0
2025-11-27,P003,Bluetooth Speaker,Electronics,92,0,7,85,25,14,In Stock,2025,11,27,3,48,4,0,14.0,11.0,13.0,12.428571428571429,11.366666666666667,11.48,160.72,6.21,166.93,REORDER,82.0
2025-11-28,P003,Bluetooth Speaker,Electronics,85,0,11,74,25,14,In Stock,2025,11,28,4,48,4,0,7.0,10.0,12.0,11.857142857142858,11.266666666666667,11.76,164.64,5.93,170.57,REORDER,97.0
2025-11-29,P003,Bluetooth Speaker,Electronics,74,0,12,62,25,14,In Stock,2025,11,29,5,48,4,1,11.0,14.0,11.0,12.0,11.3,12.06,168.84,6.0,174.84,REORDER,113.0
2025-11-30,P003,Bluetooth Speaker,Electronics,62,0,13,49,25,14,In Stock,2025,11,30,6,48,4,1,12.0,17.0,10.0,11.714285714285714,11.3,12.1,169.4,5.86,175.26,REORDER,126.0
2025-12-01,P003,Bluetooth Speaker,Electronics,49,0,12,37,25,14,Reorder Soon,2025,12,1,0,49,4,0,13.0,10.0,11.0,11.142857142857142,11.166666666666666,12.71,177.94,5.57,183.51,REORDER,147.0
2025-12-02,P003,Bluetooth Speaker,Electronics,37,0,9,28,25,14,Reorder Soon,2025,12,2,1,49,4,0,12.0,11.0,10.0,11.428571428571429,11.3,12.32,172.48,5.71,178.19,REORDER,150.0
2025-12-03,P003,Bluetooth Speaker,Electronics,28,84,10,102,25,14,In Stock,2025,12,3,2,49,4,0,9.0,14.0,9.0,11.142857142857142,11.133333333333333,11.8,165.2,5.57,170.77,REORDER,69.0
2025-12-04,P003,Bluetooth Speaker,Electronics,102,0,8,94,25,14,In Stock,2025,12,4,3,49,4,0,10.0,7.0,11.0,10.571428571428571,11.1,11.44,160.16,5.29,165.45,REORDER,71.0
2025-12-05,P003,Bluetooth Speaker,Electronics,94,0,9,85,25,14,In Stock,2025,12,5,4,49,4,0,8.0,11.0,10.0,10.714285714285714,11.033333333333331,11.68,163.52,5.36,168.88,REORDER,84.0
2025-12-06,P003,Bluetooth Speaker,Electronics,85,0,17,68,25,14,In Stock,2025,12,6,5,49,4,1,9.0,12.0,14.0,10.428571428571429,11.0,11.48,160.72,5.21,165.93,REORDER,98.0
2025-12-07,P003,Bluetooth Speaker,Electronics,68,0,8,60,25,14,In Stock,2025,12,7,6,49,4,1,17.0,13.0,17.0,11.142857142857142,11.266666666666667,11.8,165.2,5.57,170.77,REORDER,111.0
2025-12-08,P003,Bluetooth Speaker,Electronics,60,0,9,51,25,14,In Stock,2025,12,8,0,50,4,0,8.0,12.0,10.0,10.428571428571429,11.1,11.2,156.8,5.21,162.01,REORDER,111.0
2025-12-09,P003,Bluetooth Speaker,Electronics,51,0,13,38,25,14,In Stock,2025,12,9,1,50,4,0,9.0,9.0,11.0,10.0,11.1,10.52,147.28,5.0,152.28,REORDER,114.0
2025-12-10,P003,Bluetooth Speaker,Electronics,38,0,9,29,25,14,Reorder Soon,2025,12,10,2,50,4,0,13.0,10.0,14.0,10.571428571428571,11.133333333333333,10.92,152.88,5.29,158.17,REORDER,129.0
2025-12-11,P003,Bluetooth Speaker,Electronics,29,87,11,105,25,14,In Stock,2025,12,11,3,50,4,0,9.0,8.0,7.0,10.428571428571429,11.066666666666666,11.32,158.48,5.21,163.69,REORDER,59.0
2025-12-12,P003,Bluetooth Speaker,Electronics,105,0,10,95,25,14,In Stock,2025,12,12,4,50,4,0,11.0,9.0,11.0,10.857142857142858,11.033333333333331,12.34,172.76,5.43,178.19,REORDER,83.0
2025-12-13,P003,Bluetooth Speaker,Electronics,95,0,13,82,25,14,In Stock,2025,12,13,5,50,4,1,10.0,17.0,12.0,11.0,11.033333333333331,12.36,173.04,5.5,178.54,REORDER,97.0
2025-12-14,P003,Bluetooth Speaker,Electronics,82,0,10,72,25,14,In Stock,2025,12,14,6,50,4,1,13.0,8.0,13.0,10.428571428571429,11.033333333333331,11.12,155.68,5.21,160.89,REORDER,89.0
2025-12-15,P003,Bluetooth Speaker,Electronics,72,0,11,61,25,14,In Stock,2025,12,15,0,51,4,0,10.0,9.0,12.0,10.714285714285714,10.966666666666669,11.34,158.76,5.36,164.12,REORDER,103.0
2025-12-16,P003,Bluetooth Speaker,Electronics,61,0,7,54,25,14,In Stock,2025,12,16,1,51,4,0,11.0,13.0,9.0,11.0,10.966666666666669,11.82,165.48,5.5,170.98,REORDER,117.0
2025-12-17,P003,Bluetooth Speaker,Electronics,54,0,12,42,25,14,In Stock,2025,12,17,2,51,4,0,7.0,9.0,10.0,10.142857142857142,10.866666666666667,11.0,154.0,5.07,159.07,REORDER,117.0
2025-12-18,P003,Bluetooth Speaker,Electronics,42,0,9,33,25,14,Reorder Soon,2025,12,18,3,51,4,0,12.0,11.0,8.0,10.571428571428571,10.9,10.89,152.46,5.29,157.75,REORDER,125.0
2025-12-19,P003,Bluetooth Speaker,Electronics,33,82,8,107,25,14,In Stock,2025,12,19,4,51,4,0,9.0,10.0,9.0,10.285714285714286,10.866666666666667,11.04,154.56,5.14,159.7,REORDER,53.0
2025-12-20,P003,Bluetooth Speaker,Electronics,107,0,18,89,25,14,In Stock,2025,12,20,5,51,4,1,8.0,13.0,17.0,10.0,10.833333333333334,11.04,154.56,5.0,159.56,REORDER,71.0
2025-12-21,P003,Bluetooth Speaker,Electronics,89,0,11,78,25,14,In Stock,2025,12,21,6,51,4,1,18.0,10.0,8.0,10.714285714285714,11.066666666666666,11.26,157.64,5.36,163.0,REORDER,85.0
2025-12-22,P003,Bluetooth Speaker,Electronics,78,0,11,67,25,14,In Stock,2025,12,22,0,52,4,0,11.0,11.0,9.0,10.857142857142858,11.1,12.04,168.56,5.43,173.99,REORDER,107.0
2025-12-23,P003,Bluetooth Speaker,Electronics,67,0,10,57,25,14,In Stock,2025,12,23,1,52,4,0,11.0,7.0,13.0,10.857142857142858,11.0,11.92,166.88,5.43,172.31,REORDER,115.0
2025-12-24,P003,Bluetooth Speaker,Electronics,57,0,7,50,25,14,In Stock,2025,12,24,2,52,4,0,10.0,12.0,9.0,11.285714285714286,10.766666666666667,12.34,172.76,5.64,178.4,REORDER,128.0
2025-12-25,P003,Bluetooth Speaker,Electronics,50,0,17,33,25,14,Reorder Soon,2025,12,25,3,52,4,0,7.0,9.0,11.0,10.571428571428571,10.666666666666666,10.1,141.4,5.29,146.69,REORDER,114.0
2025-12-26,P003,Bluetooth Speaker,Electronics,33,81,11,103,25,14,In Stock,2025,12,26,4,52,4,0,17.0,8.0,10.0,11.714285714285714,10.866666666666667,11.47,160.58,5.86,166.44,REORDER,63.0
2025-12-27,P003,Bluetooth Speaker,Electronics,103,0,12,91,25,14,In Stock,2025,12,27,5,52,4,1,11.0,18.0,13.0,12.142857142857142,10.766666666666667,12.14,169.96,6.07,176.03,REORDER,85.0
2025-12-28,P003,Bluetooth Speaker,Electronics,91,0,9,82,25,14,In Stock,2025,12,28,6,52,4,1,12.0,11.0,10.0,11.285714285714286,10.933333333333334,11.94,167.16,5.64,172.8,REORDER,91.0
2025-12-29,P003,Bluetooth Speaker,Electronics,82,0,12,70,25,14,In Stock,2025,12,29,0,1,4,0,9.0,11.0,11.0,11.0,10.866666666666667,10.78,150.92,5.5,156.42,REORDER,86.0
2025-12-30,P003,Bluetooth Speaker,Electronics,70,0,8,62,25,14,In Stock,2025,12,30,1,1,4,0,12.0,10.0,7.0,11.142857142857142,10.866666666666667,10.58,148.12,5.57,153.69,REORDER,92.0
2025-12-31,P003,Bluetooth Speaker,Electronics,62,0,10,52,25,14,In Stock,2025,12,31,2,1,4,0,8.0,7.0,12.0,10.857142857142858,10.7,11.08,155.12,5.43,160.55,REORDER,109.0
2025-08-13,P004,Phone Charger,Electronics,71,193,23,241,60,7,In Stock,2025,8,13,2,33,3,0,25.0,21.0,20.0,26.285714285714285,25.466666666666665,25.19,176.33,13.14,189.47,NO REORDER,0.0
2025-08-14,P004,Phone Charger,Electronics,241,0,27,214,60,7,In Stock,2025,8,14,3,33,3,0,23.0,28.0,27.0,26.571428571428573,25.33333333333333,26.8,187.6,13.29,200.89,NO REORDER,0.0
2025-08-15,P004,Phone Charger,Electronics,214,0,32,182,60,7,In Stock,2025,8,15,4,33,3,0,27.0,21.0,26.0,26.428571428571427,25.3,25.78,180.46,13.21,193.67,REORDER,12.0
2025-08-16,P004,Phone Charger,Electronics,182,0,22,160,60,7,In Stock,2025,8,16,5,33,3,1,32.0,35.0,30.0,28.0,25.6,25.59,179.13,14.0,193.13,REORDER,33.0
2025-08-17,P004,Phone Charger,Electronics,160,0,29,131,60,7,In Stock,2025,8,17,6,33,3,1,22.0,32.0,28.0,26.142857142857142,25.766666666666666,24.2,169.4,13.07,182.47,REORDER,51.0
2025-08-18,P004,Phone Charger,Electronics,131,0,28,103,60,7,In Stock,2025,8,18,0,34,3,0,29.0,22.0,21.0,25.714285714285715,25.966666666666665,25.23,176.61,12.86,189.47,REORDER,86.0
2025-08-19,P004,Phone Charger,Electronics,103,0,23,80,60,7,Reorder Soon,2025,8,19,1,34,3,0,28.0,25.0,17.0,26.571428571428573,26.133333333333333,25.16,176.12,13.29,189.41,REORDER,109.0
2025-08-20,P004,Phone Charger,Electronics,80,198,32,246,60,7,In Stock,2025,8,20,2,34,3,0,23.0,23.0,21.0,26.285714285714285,26.166666666666668,26.92,188.44,13.14,201.58,NO REORDER,0.0
2025-08-21,P004,Phone Charger,Electronics,246,0,26,220,60,7,In Stock,2025,8,21,3,34,3,0,32.0,27.0,28.0,27.571428571428573,26.3,26.4,184.8,13.79,198.59,NO REORDER,0.0
2025-08-22,P004,Phone Charger,Electronics,220,0,30,190,60,7,In Stock,2025,8,22,4,34,3,0,26.0,32.0,21.0,27.428571428571427,26.3,24.4,170.8,13.71,184.51,NO REORDER,0.0
2025-08-23,P004,Phone Charger,Electronics,190,0,21,169,60,7,In Stock,2025,8,23,5,34,3,1,30.0,22.0,35.0,27.142857142857142,26.266666666666666,24.45,171.15,13.57,184.72,REORDER,16.0
2025-08-24,P004,Phone Charger,Electronics,169,0,32,137,60,7,In Stock,2025,8,24,6,34,3,1,21.0,29.0,32.0,27.0,26.2,25.21,176.47,13.5,189.97,REORDER,53.0
2025-08-25,P004,Phone Charger,Electronics,137,0,28,109,60,7,In Stock,2025,8,25,0,35,3,0,32.0,28.0,22.0,27.428571428571427,26.466666666666665,23.85,166.95,13.71,180.66,REORDER,72.0
2025-08-26,P004,Phone Charger,Electronics,109,0,23,86,60,7,Reorder Soon,2025,8,26,1,35,3,0,28.0,23.0,25.0,27.428571428571427,26.266666666666666,26.11,182.77,13.71,196.48,REORDER,110.0
2025-08-27,P004,Phone Charger,Electronics,86,182,28,240,60,7,In Stock,2025,8,27,2,35,3,0,23.0,32.0,23.0,27.428571428571427,26.266666666666666,26.22,183.54,13.71,197.25,NO REORDER,0.0
2025-08-28,P004,Phone Charger,Electronics,240,0,32,208,60,7,In Stock,2025,8,28,3,35,3,0,28.0,26.0,27.0,26.857142857142858,26.23333333333333,26.98,188.86,13.43,202.29,NO REORDER,0.0
2025-08-29,P004,Phone Charger,Electronics,208,0,24,184,60,7,In Stock,2025,8,29,4,35,3,0,32.0,30.0,32.0,27.714285714285715,26.3,23.54,164.78,13.86,178.64,NO REORDER,0.0
2025-08-30,P004,Phone Charger,Electronics,184,0,25,159,60,7,In Stock,2025,8,30,5,35,3,1,24.0,21.0,22.0,26.857142857142858,26.433333333333334,26.08,182.56,13.43,195.99,REORDER,37.0
2025-08-31,P004,Phone Charger,Electronics,159,0,27,132,60,7,In Stock,2025,8,31,6,35,3,1,25.0,32.0,29.0,27.428571428571427,26.366666666666667,26.38,184.66,13.71,198.37,REORDER,66.0
2025-09-01,P004,Phone Charger,Electronics,132,0,26,106,60,7,In Stock,2025,9,1,0,36,3,0,27.0,28.0,28.0,26.714285714285715,26.4,24.7,172.9,13.36,186.26,REORDER,80.0
2025-09-02,P004,Phone Charger,Electronics,106,0,30,76,60,7,Reorder Soon,2025,9,2,1,36,3,0,26.0,23.0,23.0,26.428571428571427,26.266666666666666,25.6,179.2,13.21,192.41,REORDER,116.0
2025-09-03,P004,Phone Charger,Electronics,76,197,28,245,60,7,In Stock,2025,9,3,2,36,3,0,30.0,28.0,32.0,27.428571428571427,26.33333333333333,26.54,185.78,13.71,199.49,NO REORDER,0.0
2025-09-04,P004,Phone Charger,Electronics,245,0,25,220,60,7,In Stock,2025,9,4,3,36,3,0,28.0,32.0,26.0,27.428571428571427,26.566666666666663,24.81,173.67,13.71,187.38,NO REORDER,0.0
2025-09-05,P004,Phone Charger,Electronics,220,0,27,193,60,7,In Stock,2025,9,5,4,36,3,0,25.0,24.0,30.0,26.428571428571427,26.83333333333333,23.74,166.18,13.21,179.39,NO REORDER,0.0
2025-09-06,P004,Phone Charger,Electronics,193,0,35,158,60,7,In Stock,2025,9,6,5,36,3,1,27.0,25.0,21.0,26.857142857142858,27.03333333333333,25.91,181.37,13.43,194.8,REORDER,37.0
2025-09-07,P004,Phone Charger,Electronics,158,0,30,128,60,7,In Stock,2025,9,7,6,36,3,1,35.0,27.0,32.0,28.285714285714285,27.266666666666666,27.14,189.98,14.14,204.12,REORDER,76.0
2025-09-08,P004,Phone Charger,Electronics,128,0,26,102,60,7,In Stock,2025,9,8,0,37,3,0,30.0,26.0,28.0,28.714285714285715,27.566666666666663,25.25,176.75,14.36,191.11,REORDER,89.0
2025-09-09,P004,Phone Charger,Electronics,102,0,25,77,60,7,Reorder Soon,2025,9,9,1,37,3,0,26.0,30.0,23.0,28.714285714285715,27.266666666666666,26.26,183.82,14.36,198.18,REORDER,121.0
2025-09-10,P004,Phone Charger,Electronics,77,181,27,231,60,7,In Stock,2025,9,10,2,37,3,0,25.0,28.0,28.0,28.0,27.03333333333333,26.46,185.22,14.0,199.22,NO REORDER,0.0
2025-09-11,P004,Phone Charger,Electronics,231,0,30,201,60,7,In Stock,2025,9,11,3,37,3,0,27.0,25.0,32.0,27.857142857142858,27.2,25.56,178.92,13.93,192.85,NO REORDER,0.0
2025-09-12,P004,Phone Charger,Electronics,201,0,23,178,60,7,In Stock,2025,9,12,4,37,3,0,30.0,27.0,24.0,28.571428571428573,27.366666666666667,24.98,174.86,14.29,189.15,REORDER,11.0
2025-09-13,P004,Phone Charger,Electronics,178,0,31,147,60,7,In Stock,2025,9,13,5,37,3,1,23.0,35.0,25.0,28.0,27.366666666666667,26.42,184.94,14.0,198.94,REORDER,52.0
2025-09-14,P004,Phone Charger,Electronics,147,0,39,108,60,7,In Stock,2025,9,14,6,37,3,1,31.0,30.0,27.0,27.428571428571427,27.5,25.89,181.23,13.71,194.94,REORDER,87.0
2025-09-15,P004,Phone Charger,Electronics,108,0,28,80,60,7,Reorder Soon,2025,9,15,0,38,3,0,39.0,26.0,26.0,28.714285714285715,27.73333333333333,26.14,182.98,14.36,197.34,REORDER,117.0
2025-09-16,P004,Phone Charger,Electronics,80,183,27,236,60,7,In Stock,2025,9,16,1,38,3,0,28.0,25.0,30.0,29.0,27.933333333333334,26.35,184.45,14.5,198.95,NO REORDER,0.0
2025-09-17,P004,Phone Charger,Electronics,236,0,19,217,60,7,In Stock,2025,9,17,2,38,3,0,27.0,27.0,28.0,29.285714285714285,27.866666666666667,25.9,181.3,14.64,195.94,NO REORDER,0.0
2025-09-18,P004,Phone Charger,Electronics,217,0,31,186,60,7,In Stock,2025,9,18,3,38,3,0,19.0,30.0,25.0,28.142857142857142,27.566666666666663,25.18,176.26,14.07,190.33,REORDER,4.0
2025-09-19,P004,Phone Charger,Electronics,186,0,8,178,60,7,In Stock,2025,9,19,4,38,3,0,31.0,23.0,27.0,28.285714285714285,27.83333333333333,24.9,174.3,14.14,188.44,REORDER,10.0
2025-09-20,P004,Phone Charger,Electronics,178,0,36,142,60,7,In Stock,2025,9,20,5,38,3,1,8.0,31.0,35.0,26.142857142857142,27.03333333333333,25.3,177.1,13.07,190.17,REORDER,48.0
2025-09-21,P004,Phone Charger,Electronics,142,0,34,108,60,7,In Stock,2025,9,21,6,38,3,1,36.0,39.0,30.0,26.857142857142858,27.366666666666667,26.38,184.66,13.43,198.09,REORDER,90.0
2025-09-22,P004,Phone Charger,Electronics,108,0,30,78,60,7,Reorder Soon,2025,9,22,0,39,3,0,34.0,28.0,26.0,26.142857142857142,27.5,25.36,177.52,13.07,190.59,REORDER,113.0
2025-09-23,P004,Phone Charger,Electronics,78,0,16,62,60,7,Reorder Soon,2025,9,23,1,39,3,0,30.0,27.0,25.0,26.428571428571427,27.8,25.58,179.06,13.21,192.27,REORDER,130.0
2025-09-24,P004,Phone Charger,Electronics,62,212,31,243,60,7,In Stock,2025,9,24,2,39,3,0,16.0,19.0,27.0,24.857142857142858,27.266666666666666,27.77,194.39,12.43,206.82,NO REORDER,0.0
2025-09-25,P004,Phone Charger,Electronics,243,0,37,206,60,7,In Stock,2025,9,25,3,39,3,0,31.0,31.0,30.0,26.571428571428573,27.366666666666667,26.46,185.22,13.29,198.51,NO REORDER,0.0
2025-09-26,P004,Phone Charger,Electronics,206,0,18,188,60,7,In Stock,2025,9,26,4,39,3,0,37.0,8.0,23.0,27.428571428571427,27.83333333333333,24.0,168.0,13.71,181.71,NO REORDER,0.0
2025-09-27,P004,Phone Charger,Electronics,188,0,35,153,60,7,In Stock,2025,9,27,5,39,3,1,18.0,36.0,31.0,28.857142857142858,27.5,27.56,192.92,14.43,207.35,REORDER,54.0
2025-09-28,P004,Phone Charger,Electronics,153,0,19,134,60,7,In Stock,2025,9,28,6,39,3,1,35.0,34.0,39.0,28.714285714285715,27.6,25.81,180.67,14.36,195.03,REORDER,61.0
2025-09-29,P004,Phone Charger,Electronics,134,0,23,111,60,7,In Stock,2025,9,29,0,40,3,0,19.0,30.0,28.0,26.571428571428573,27.433333333333334,25.37,177.59,13.29,190.88,REORDER,80.0
2025-09-30,P004,Phone Charger,Electronics,111,0,26,85,60,7,Reorder Soon,2025,9,30,1,40,3,0,23.0,16.0,27.0,25.571428571428573,27.366666666666667,25.89,181.23,12.79,194.02,REORDER,109.0
2025-10-01,P004,Phone Charger,Electronics,85,0,20,65,60,7,Reorder Soon,2025,10,1,2,40,4,0,26.0,31.0,19.0,27.0,27.33333333333333,25.12,175.84,13.5,189.34,REORDER,124.0
2025-10-02,P004,Phone Charger,Electronics,65,195,29,231,60,7,In Stock,2025,10,2,3,40,4,0,20.0,37.0,31.0,25.428571428571427,27.133333333333333,27.45,192.15,12.71,204.86,NO REORDER,0.0
2025-10-03,P004,Phone Charger,Electronics,231,0,26,205,60,7,In Stock,2025,10,3,4,40,4,0,29.0,18.0,8.0,24.285714285714285,27.1,26.48,185.36,12.14,197.5,NO REORDER,0.0
2025-10-04,P004,Phone Charger,Electronics,205,0,26,179,60,7,In Stock,2025,10,4,5,40,4,1,26.0,35.0,36.0,25.428571428571427,27.03333333333333,26.4,184.8,12.71,197.51,REORDER,19.0
2025-10-05,P004,Phone Charger,Electronics,179,0,28,151,60,7,In Stock,2025,10,5,6,40,4,1,26.0,19.0,34.0,24.142857142857142,27.066666666666663,28.29,198.03,12.07,210.1,REORDER,59.0
2025-10-06,P004,Phone Charger,Electronics,151,0,27,124,60,7,In Stock,2025,10,6,0,41,4,0,28.0,23.0,30.0,25.428571428571427,27.1,24.86,174.02,12.71,186.73,REORDER,63.0
2025-10-07,P004,Phone Charger,Electronics,124,0,28,96,60,7,In Stock,2025,10,7,1,41,4,0,27.0,26.0,16.0,26.0,26.83333333333333,25.57,178.99,13.0,191.99,REORDER,96.0
2025-10-08,P004,Phone Charger,Electronics,96,0,26,70,60,7,Reorder Soon,2025,10,8,2,41,4,0,28.0,20.0,31.0,26.285714285714285,26.766666666666666,24.98,174.86,13.14,188.0,REORDER,118.0
2025-10-09,P004,Phone Charger,Electronics,70,198,26,242,60,7,In Stock,2025,10,9,3,41,4,0,26.0,29.0,37.0,27.142857142857142,26.766666666666666,27.14,189.98,13.57,203.55,NO REORDER,0.0
2025-10-10,P004,Phone Charger,Electronics,242,0,29,213,60,7,In Stock,2025,10,10,4,41,4,0,26.0,26.0,18.0,26.714285714285715,26.8,26.9,188.3,13.36,201.66,NO REORDER,0.0
2025-10-11,P004,Phone Charger,Electronics,213,0,29,184,60,7,In Stock,2025,10,11,5,41,4,1,29.0,26.0,35.0,27.142857142857142,26.866666666666667,24.72,173.04,13.57,186.61,REORDER,3.0
2025-10-12,P004,Phone Charger,Electronics,184,0,26,158,60,7,In Stock,2025,10,12,6,41,4,1,29.0,28.0,19.0,27.571428571428573,26.83333333333333,25.04,175.28,13.79,189.07,REORDER,31.0
2025-10-13,P004,Phone Charger,Electronics,158,0,24,134,60,7,In Stock,2025,10,13,0,42,4,0,26.0,27.0,23.0,27.285714285714285,26.933333333333334,24.88,174.16,13.64,187.8,REORDER,54.0
2025-10-14,P004,Phone Charger,Electronics,134,0,28,106,60,7,In Stock,2025,10,14,1,42,4,0,24.0,28.0,26.0,26.857142857142858,26.7,25.82,180.74,13.43,194.17,REORDER,88.0
2025-10-15,P004,Phone Charger,Electronics,106,0,30,76,60,7,Reorder Soon,2025,10,15,2,42,4,0,28.0,26.0,20.0,26.857142857142858,26.33333333333333,25.54,178.78,13.43,192.21,REORDER,116.0
2025-10-16,P004,Phone Charger,Electronics,76,191,34,233,60,7,In Stock,2025,10,16,3,42,4,0,30.0,26.0,29.0,27.428571428571427,26.4,26.93,188.51,13.71,202.22,NO REORDER,0.0
2025-10-17,P004,Phone Charger,Electronics,233,0,23,210,60,7,In Stock,2025,10,17,4,42,4,0,34.0,29.0,26.0,28.571428571428573,26.633333333333333,24.08,168.56,14.29,182.85,NO REORDER,0.0
2025-10-18,P004,Phone Charger,Electronics,210,0,20,190,60,7,In Stock,2025,10,18,5,42,4,1,23.0,29.0,26.0,27.714285714285715,26.766666666666666,24.51,171.57,13.86,185.43,NO REORDER,0.0
2025-10-19,P004,Phone Charger,Electronics,190,0,34,156,60,7,In Stock,2025,10,19,6,42,4,1,20.0,26.0,28.0,26.428571428571427,26.4,26.36,184.52,13.21,197.73,REORDER,42.0
2025-10-20,P004,Phone Charger,Electronics,156,0,23,133,60,7,In Stock,2025,10,20,0,43,4,0,34.0,24.0,27.0,27.571428571428573,27.266666666666666,25.16,176.12,13.79,189.91,REORDER,57.0
2025-10-21,P004,Phone Charger,Electronics,133,0,25,108,60,7,In Stock,2025,10,21,1,43,4,0,23.0,28.0,28.0,27.428571428571427,26.83333333333333,25.72,180.04,13.71,193.75,REORDER,86.0
2025-10-22,P004,Phone Charger,Electronics,108,0,32,76,60,7,Reorder Soon,2025,10,22,2,43,4,0,25.0,30.0,26.0,27.0,26.53333333333333,25.9,181.3,13.5,194.8,REORDER,119.0
2025-10-23,P004,Phone Charger,Electronics,76,198,36,238,60,7,In Stock,2025,10,23,3,43,4,0,32.0,34.0,26.0,27.285714285714285,26.6,26.74,187.18,13.64,200.82,NO REORDER,0.0
2025-10-24,P004,Phone Charger,Electronics,238,0,25,213,60,7,In Stock,2025,10,24,4,43,4,0,36.0,23.0,29.0,27.571428571428573,27.266666666666666,25.82,180.74,13.79,194.53,NO REORDER,0.0
2025-10-25,P004,Phone Charger,Electronics,213,0,20,193,60,7,In Stock,2025,10,25,5,43,4,1,25.0,20.0,29.0,27.857142857142858,27.066666666666663,26.19,183.33,13.93,197.26,REORDER,4.0
2025-10-26,P004,Phone Charger,Electronics,193,0,33,160,60,7,In Stock,2025,10,26,6,43,4,1,20.0,34.0,26.0,27.857142857142858,26.5,26.46,185.22,13.93,199.15,REORDER,39.0
2025-10-27,P004,Phone Charger,Electronics,160,0,26,134,60,7,In Stock,2025,10,27,0,44,4,0,33.0,23.0,24.0,27.714285714285715,27.0,24.22,169.54,13.86,183.4,REORDER,49.0
2025-10-28,P004,Phone Charger,Electronics,134,0,27,107,60,7,In Stock,2025,10,28,1,44,4,0,26.0,25.0,28.0,28.142857142857142,26.7,26.08,182.56,14.07,196.63,REORDER,90.0
2025-10-29,P004,Phone Charger,Electronics,107,0,28,79,60,7,Reorder Soon,2025,10,29,2,44,4,0,27.0,32.0,30.0,28.428571428571427,26.966666666666665,25.59,179.13,14.21,193.34,REORDER,114.0
2025-10-30,P004,Phone Charger,Electronics,79,187,23,243,60,7,In Stock,2025,10,30,3,44,4,0,28.0,36.0,34.0,27.857142857142858,27.133333333333333,26.22,183.54,13.93,197.47,NO REORDER,0.0
2025-10-31,P004,Phone Charger,Electronics,243,0,24,219,60,7,In Stock,2025,10,31,4,44,4,0,23.0,25.0,23.0,26.0,27.03333333333333,29.01,203.07,13.0,216.07,NO REORDER,0.0
2025-11-01,P004,Phone Charger,Electronics,219,0,39,180,60,7,In Stock,2025,11,1,5,44,4,1,24.0,20.0,20.0,25.857142857142858,27.166666666666668,26.82,187.74,12.93,200.67,REORDER,21.0
2025-11-02,P004,Phone Charger,Electronics,180,0,27,153,60,7,In Stock,2025,11,2,6,44,4,1,39.0,33.0,34.0,28.571428571428573,27.5,27.3,191.1,14.29,205.39,REORDER,52.0
2025-11-03,P004,Phone Charger,Electronics,153,0,24,129,60,7,In Stock,2025,11,3,0,45,4,0,27.0,26.0,23.0,27.714285714285715,27.53333333333333,24.96,174.72,13.86,188.58,REORDER,60.0
2025-11-04,P004,Phone Charger,Electronics,129,0,28,101,60,7,In Stock,2025,11,4,1,45,4,0,24.0,27.0,25.0,27.428571428571427,27.466666666666665,25.02,175.14,13.71,188.85,REORDER,88.0
2025-11-05,P004,Phone Charger,Electronics,101,0,30,71,60,7,Reorder Soon,2025,11,5,2,45,4,0,28.0,28.0,32.0,27.571428571428573,27.466666666666665,25.44,178.08,13.79,191.87,REORDER,121.0
2025-11-06,P004,Phone Charger,Electronics,71,219,40,250,60,7,In Stock,2025,11,6,3,45,4,0,30.0,23.0,36.0,27.857142857142858,27.566666666666663,27.7,193.9,13.93,207.83,NO REORDER,0.0
2025-11-07,P004,Phone Charger,Electronics,250,0,22,228,60,7,In Stock,2025,11,7,4,45,4,0,40.0,24.0,25.0,30.285714285714285,27.966666666666665,25.97,181.79,15.14,196.93,NO REORDER,0.0
2025-11-08,P004,Phone Charger,Electronics,228,0,33,195,60,7,In Stock,2025,11,8,5,45,4,1,22.0,39.0,20.0,30.0,27.83333333333333,27.89,195.23,15.0,210.23,REORDER,15.0
2025-11-09,P004,Phone Charger,Electronics,195,0,18,177,60,7,In Stock,2025,11,9,6,45,4,1,33.0,27.0,33.0,29.142857142857142,28.066666666666663,26.96,188.72,14.57,203.29,REORDER,26.0
2025-11-10,P004,Phone Charger,Electronics,177,0,32,145,60,7,In Stock,2025,11,10,0,46,4,0,18.0,24.0,26.0,27.857142857142858,27.7,26.78,187.46,13.93,201.39,REORDER,56.0
2025-11-11,P004,Phone Charger,Electronics,145,0,25,120,60,7,In Stock,2025,11,11,1,46,4,0,32.0,28.0,27.0,29.0,27.8,25.82,180.74,14.5,195.24,REORDER,75.0
2025-11-12,P004,Phone Charger,Electronics,120,0,28,92,60,7,In Stock,2025,11,12,2,46,4,0,25.0,30.0,28.0,28.571428571428573,27.766666666666666,26.48,185.36,14.29,199.65,REORDER,108.0
2025-11-13,P004,Phone Charger,Electronics,92,0,19,73,60,7,Reorder Soon,2025,11,13,3,46,4,0,28.0,40.0,23.0,28.285714285714285,27.9,25.44,178.08,14.14,192.22,REORDER,119.0
2025-11-14,P004,Phone Charger,Electronics,73,188,30,231,60,7,In Stock,2025,11,14,4,46,4,0,19.0,22.0,24.0,25.285714285714285,27.6,27.72,194.04,12.64,206.68,NO REORDER,0.0
2025-11-15,P004,Phone Charger,Electronics,231,0,30,201,60,7,In Stock,2025,11,15,5,46,4,1,30.0,33.0,39.0,26.428571428571427,27.6,25.44,178.08,13.21,191.29,NO REORDER,0.0
2025-11-16,P004,Phone Charger,Electronics,201,0,30,171,60,7,In Stock,2025,11,16,6,46,4,1,30.0,18.0,27.0,26.0,27.466666666666665,26.67,186.69,13.0,199.69,REORDER,29.0
2025-11-17,P004,Phone Charger,Electronics,171,0,19,152,60,7,In Stock,2025,11,17,0,47,4,0,30.0,32.0,24.0,27.714285714285715,27.7,25.75,180.25,13.86,194.11,REORDER,42.0
2025-11-18,P004,Phone Charger,Electronics,152,0,23,129,60,7,In Stock,2025,11,18,1,47,4,0,19.0,25.0,28.0,25.857142857142858,27.666666666666668,25.64,179.48,12.93,192.41,REORDER,63.0
2025-11-19,P004,Phone Charger,Electronics,129,0,28,101,60,7,In Stock,2025,11,19,2,47,4,0,23.0,28.0,30.0,25.571428571428573,27.3,25.79,180.53,12.79,193.32,REORDER,92.0
2025-11-20,P004,Phone Charger,Electronics,101,0,31,70,60,7,Reorder Soon,2025,11,20,3,47,4,0,28.0,19.0,40.0,25.571428571428573,27.466666666666665,24.8,173.6,12.79,186.39,REORDER,116.0
2025-11-21,P004,Phone Charger,Electronics,70,194,23,241,60,7,In Stock,2025,11,21,4,47,4,0,31.0,30.0,22.0,27.285714285714285,27.666666666666668,25.82,180.74,13.64,194.38,NO REORDER,0.0
2025-11-22,P004,Phone Charger,Electronics,241,0,24,217,60,7,In Stock,2025,11,22,5,47,4,1,23.0,30.0,33.0,26.285714285714285,27.366666666666667,26.97,188.79,13.14,201.93,NO REORDER,0.0
2025-11-23,P004,Phone Charger,Electronics,217,0,38,179,60,7,In Stock,2025,11,23,6,47,4,1,24.0,30.0,18.0,25.428571428571427,26.966666666666665,25.56,178.92,12.71,191.63,REORDER,13.0
2025-11-24,P004,Phone Charger,Electronics,179,0,37,142,60,7,In Stock,2025,11,24,0,48,4,0,38.0,19.0,32.0,26.571428571428573,27.4,24.94,174.58,13.29,187.87,REORDER,46.0
2025-11-25,P004,Phone Charger,Electronics,142,0,24,118,60,7,In Stock,2025,11,25,1,48,4,0,37.0,23.0,25.0,29.142857142857142,27.966666666666665,25.76,180.32,14.57,194.89,REORDER,77.0
2025-11-26,P004,Phone Charger,Electronics,118,0,25,93,60,7,In Stock,2025,11,26,2,48,4,0,24.0,28.0,28.0,29.285714285714285,27.666666666666668,27.74,194.18,14.64,208.82,REORDER,116.0
2025-11-27,P004,Phone Charger,Electronics,93,0,24,69,60,7,Reorder Soon,2025,11,27,3,48,4,0,25.0,31.0,19.0,28.857142857142858,27.633333333333333,26.56,185.92,14.43,200.35,REORDER,131.0
2025-11-28,P004,Phone Charger,Electronics,69,198,26,241,60,7,In Stock,2025,11,28,4,48,4,0,24.0,23.0,30.0,27.857142857142858,27.53333333333333,27.41,191.87,13.93,205.8,NO REORDER,0.0
2025-11-29,P004,Phone Charger,Electronics,241,0,33,208,60,7,In Stock,2025,11,29,5,48,4,1,26.0,24.0,30.0,28.285714285714285,27.466666666666665,28.08,196.56,14.14,210.7,REORDER,3.0
2025-11-30,P004,Phone Charger,Electronics,208,0,28,180,60,7,In Stock,2025,11,30,6,48,4,1,33.0,38.0,30.0,29.571428571428573,27.8,27.52,192.64,14.79,207.43,REORDER,27.0
2025-12-01,P004,Phone Charger,Electronics,180,0,37,143,60,7,In Stock,2025,12,1,0,49,4,0,28.0,37.0,19.0,28.142857142857142,27.933333333333334,26.27,183.89,14.07,197.96,REORDER,55.0
2025-12-02,P004,Phone Charger,Electronics,143,0,27,116,60,7,In Stock,2025,12,2,1,49,4,0,37.0,24.0,23.0,28.142857142857142,27.866666666666667,25.81,180.67,14.07,194.74,REORDER,79.0
2025-12-03,P004,Phone Charger,Electronics,116,0,32,84,60,7,Reorder Soon,2025,12,3,2,49,4,0,27.0,25.0,28.0,28.571428571428573,27.866666666666667,26.22,183.54,14.29,197.83,REORDER,114.0
2025-12-04,P004,Phone Charger,Electronics,84,172,25,231,60,7,In Stock,2025,12,4,3,49,4,0,32.0,24.0,31.0,29.571428571428573,28.133333333333333,25.55,178.85,14.79,193.64,NO REORDER,0.0
2025-12-05,P004,Phone Charger,Electronics,231,0,22,209,60,7,In Stock,2025,12,5,4,49,4,0,25.0,26.0,23.0,29.714285714285715,28.03333333333333,25.93,181.51,14.86,196.37,NO REORDER,0.0
2025-12-06,P004,Phone Charger,Electronics,209,0,28,181,60,7,In Stock,2025,12,6,5,49,4,1,22.0,33.0,24.0,29.142857142857142,27.766666666666666,27.04,189.28,14.57,203.85,REORDER,23.0
2025-12-07,P004,Phone Charger,Electronics,181,0,30,151,60,7,In Stock,2025,12,7,6,49,4,1,28.0,28.0,38.0,28.428571428571427,27.366666666666667,27.07,189.49,14.21,203.7,REORDER,53.0
2025-12-08,P004,Phone Charger,Electronics,151,0,23,128,60,7,In Stock,2025,12,8,0,50,4,0,30.0,37.0,37.0,28.714285714285715,27.633333333333333,26.39,184.73,14.36,199.09,REORDER,71.0
2025-12-09,P004,Phone Charger,Electronics,128,0,31,97,60,7,In Stock,2025,12,9,1,50,4,0,23.0,27.0,24.0,26.714285714285715,27.3,27.06,189.42,13.36,202.78,REORDER,106.0
2025-12-10,P004,Phone Charger,Electronics,97,0,25,72,60,7,Reorder Soon,2025,12,10,2,50,4,0,31.0,32.0,25.0,27.285714285714285,27.73333333333333,26.35,184.45,13.64,198.09,REORDER,126.0
2025-12-11,P004,Phone Charger,Electronics,72,192,22,242,60,7,In Stock,2025,12,11,3,50,4,0,25.0,25.0,24.0,26.285714285714285,27.5,27.56,192.92,13.14,206.06,NO REORDER,0.0
2025-12-12,P004,Phone Charger,Electronics,242,0,36,206,60,7,In Stock,2025,12,12,4,50,4,0,22.0,22.0,26.0,25.857142857142858,27.4,29.28,204.96,12.93,217.89,REORDER,12.0
2025-12-13,P004,Phone Charger,Electronics,206,0,24,182,60,7,In Stock,2025,12,13,5,50,4,1,36.0,28.0,33.0,27.857142857142858,27.666666666666668,27.07,189.49,13.93,203.42,REORDER,21.0
2025-12-14,P004,Phone Charger,Electronics,182,0,26,156,60,7,In Stock,2025,12,14,6,50,4,1,24.0,30.0,28.0,27.285714285714285,27.83333333333333,27.75,194.25,13.64,207.89,REORDER,52.0
2025-12-15,P004,Phone Charger,Electronics,156,0,30,126,60,7,In Stock,2025,12,15,0,51,4,0,26.0,23.0,37.0,26.714285714285715,27.7,28.16,197.12,13.36,210.48,REORDER,84.0
2025-12-16,P004,Phone Charger,Electronics,126,0,25,101,60,7,In Stock,2025,12,16,1,51,4,0,30.0,31.0,27.0,27.714285714285715,27.7,26.72,187.04,13.86,200.9,REORDER,100.0
2025-12-17,P004,Phone Charger,Electronics,101,0,22,79,60,7,Reorder Soon,2025,12,17,2,51,4,0,25.0,25.0,32.0,26.857142857142858,27.53333333333333,28.45,199.15,13.43,212.58,REORDER,134.0
2025-12-18,P004,Phone Charger,Electronics,79,176,24,231,60,7,In Stock,2025,12,18,3,51,4,0,22.0,22.0,25.0,26.428571428571427,27.633333333333333,26.6,186.2,13.21,199.41,NO REORDER,0.0
2025-12-19,P004,Phone Charger,Electronics,231,0,35,196,60,7,In Stock,2025,12,19,4,51,4,0,24.0,36.0,22.0,26.714285714285715,27.666666666666668,27.4,191.8,13.36,205.16,REORDER,9.0
2025-12-20,P004,Phone Charger,Electronics,196,0,30,166,60,7,In Stock,2025,12,20,5,51,4,1,35.0,24.0,28.0,26.571428571428573,27.9,27.82,194.74,13.29,208.03,REORDER,42.0
2025-12-21,P004,Phone Charger,Electronics,166,0,31,135,60,7,In Stock,2025,12,21,6,51,4,1,30.0,26.0,30.0,27.428571428571427,27.866666666666667,27.44,192.08,13.71,205.79,REORDER,71.0
2025-12-22,P004,Phone Charger,Electronics,135,0,28,107,60,7,In Stock,2025,12,22,0,52,4,0,31.0,30.0,23.0,28.142857142857142,28.133333333333333,27.4,191.8,14.07,205.87,REORDER,99.0
2025-12-23,P004,Phone Charger,Electronics,107,0,28,79,60,7,Reorder Soon,2025,12,23,1,52,4,0,28.0,25.0,31.0,27.857142857142858,28.266666666666666,29.96,209.72,13.93,223.65,REORDER,145.0
2025-12-24,P004,Phone Charger,Electronics,79,190,25,244,60,7,In Stock,2025,12,24,2,52,4,0,28.0,22.0,25.0,28.285714285714285,27.933333333333334,27.73,194.11,14.14,208.25,NO REORDER,0.0
2025-12-25,P004,Phone Charger,Electronics,244,0,41,203,60,7,In Stock,2025,12,25,3,52,4,0,25.0,24.0,22.0,28.714285714285715,27.53333333333333,30.53,213.71,14.36,228.07,REORDER,25.0
2025-12-26,P004,Phone Charger,Electronics,203,0,19,184,60,7,In Stock,2025,12,26,4,52,4,0,41.0,35.0,36.0,31.142857142857142,28.1,26.29,184.03,15.57,199.6,REORDER,16.0
2025-12-27,P004,Phone Charger,Electronics,184,0,32,152,60,7,In Stock,2025,12,27,5,52,4,1,19.0,30.0,24.0,28.857142857142858,27.9,28.14,196.98,14.43,211.41,REORDER,59.0
2025-12-28,P004,Phone Charger,Electronics,152,0,26,126,60,7,In Stock,2025,12,28,6,52,4,1,32.0,31.0,26.0,29.142857142857142,28.166666666666668,27.32,191.24,14.57,205.81,REORDER,80.0
2025-12-29,P004,Phone Charger,Electronics,126,0,22,104,60,7,In Stock,2025,12,29,0,1,4,0,26.0,28.0,30.0,28.428571428571427,28.166666666666668,26.26,183.82,14.21,198.03,REORDER,94.0
2025-12-30,P004,Phone Charger,Electronics,104,0,27,77,60,7,Reorder Soon,2025,12,30,1,1,4,0,22.0,28.0,25.0,27.571428571428573,27.8,27.26,190.82,13.79,204.61,REORDER,128.0
2025-12-31,P004,Phone Charger,Electronics,77,183,26,234,60,7,In Stock,2025,12,31,2,1,4,0,27.0,25.0,22.0,27.428571428571427,27.766666666666666,27.74,194.18,13.71,207.89,NO REORDER,0.0
2025-08-13,P005,LED Desk Lamp,Home & Kitchen,100,0,9,91,30,10,In Stock,2025,8,13,2,33,3,0,8.0,10.0,7.0,8.714285714285714,9.133333333333333,9.32,93.2,4.36,97.56,REORDER,7.0
2025-08-14,P005,LED Desk Lamp,Home & Kitchen,91,0,10,81,30,10,In Stock,2025,8,14,3,33,3,0,9.0,8.0,7.0,8.571428571428571,9.1,9.54,95.4,4.29,99.69,REORDER,19.0
2025-08-15,P005,LED Desk Lamp,Home & Kitchen,81,0,14,67,30,10,In Stock,2025,8,15,4,33,3,0,10.0,9.0,9.0,8.857142857142858,9.166666666666666,9.78,97.8,4.43,102.23,REORDER,35.0
2025-08-16,P005,LED Desk Lamp,Home & Kitchen,67,0,9,58,30,10,In Stock,2025,8,16,5,33,3,1,14.0,9.0,10.0,9.571428571428571,9.366666666666667,10.3,103.0,4.79,107.79,REORDER,50.0
2025-08-17,P005,LED Desk Lamp,Home & Kitchen,58,0,11,47,30,10,In Stock,2025,8,17,6,33,3,1,9.0,8.0,10.0,9.571428571428571,9.433333333333334,9.78,97.8,4.79,102.59,REORDER,56.0
2025-08-18,P005,LED Desk Lamp,Home & Kitchen,47,0,9,38,30,10,Reorder Soon,2025,8,18,0,34,3,0,11.0,9.0,11.0,10.0,9.633333333333333,9.54,95.4,5.0,100.4,REORDER,62.0
2025-08-19,P005,LED Desk Lamp,Home & Kitchen,38,85,8,115,30,10,In Stock,2025,8,19,1,34,3,0,9.0,8.0,10.0,10.0,9.633333333333333,9.56,95.6,5.0,100.6,NO REORDER,0.0
2025-08-20,P005,LED Desk Lamp,Home & Kitchen,115,0,16,99,30,10,In Stock,2025,8,20,2,34,3,0,8.0,9.0,10.0,10.0,9.533333333333331,9.61,96.1,5.0,101.1,REORDER,2.0
2025-08-21,P005,LED Desk Lamp,Home & Kitchen,99,0,10,89,30,10,In Stock,2025,8,21,3,34,3,0,16.0,10.0,8.0,11.0,9.7,10.14,101.4,5.5,106.9,REORDER,18.0
2025-08-22,P005,LED Desk Lamp,Home & Kitchen,89,0,14,75,30,10,In Stock,2025,8,22,4,34,3,0,10.0,14.0,9.0,11.0,9.633333333333333,10.42,104.2,5.5,109.7,REORDER,35.0
2025-08-23,P005,LED Desk Lamp,Home & Kitchen,75,0,11,64,30,10,In Stock,2025,8,23,5,34,3,1,14.0,9.0,9.0,11.0,9.8,10.4,104.0,5.5,109.5,REORDER,46.0
2025-08-24,P005,LED Desk Lamp,Home & Kitchen,64,0,10,54,30,10,In Stock,2025,8,24,6,34,3,1,11.0,11.0,8.0,11.285714285714286,9.933333333333334,10.75,107.5,5.64,113.14,REORDER,59.0
2025-08-25,P005,LED Desk Lamp,Home & Kitchen,54,0,11,43,30,10,Reorder Soon,2025,8,25,0,35,3,0,10.0,9.0,9.0,11.142857142857142,9.9,10.7,107.0,5.57,112.57,REORDER,70.0
2025-08-26,P005,LED Desk Lamp,Home & Kitchen,43,0,12,31,30,10,Reorder Soon,2025,8,26,1,35,3,0,11.0,8.0,8.0,11.428571428571429,9.933333333333334,10.09,100.9,5.71,106.61,REORDER,76.0
2025-08-27,P005,LED Desk Lamp,Home & Kitchen,31,89,10,110,30,10,In Stock,2025,8,27,2,35,3,0,12.0,16.0,9.0,12.0,9.933333333333334,10.9,109.0,6.0,115.0,REORDER,5.0
2025-08-28,P005,LED Desk Lamp,Home & Kitchen,110,0,7,103,30,10,In Stock,2025,8,28,3,35,3,0,10.0,10.0,10.0,11.142857142857142,9.9,9.78,97.8,5.57,103.37,REORDER,0.0
2025-08-29,P005,LED Desk Lamp,Home & Kitchen,103,0,9,94,30,10,In Stock,2025,8,29,4,35,3,0,7.0,14.0,14.0,10.714285714285714,9.866666666666667,11.09,110.9,5.36,116.26,REORDER,22.0
2025-08-30,P005,LED Desk Lamp,Home & Kitchen,94,0,11,83,30,10,In Stock,2025,8,30,5,35,3,1,9.0,11.0,9.0,10.0,9.933333333333334,10.42,104.2,5.0,109.2,REORDER,26.0
2025-08-31,P005,LED Desk Lamp,Home & Kitchen,83,0,11,72,30,10,In Stock,2025,8,31,6,35,3,1,11.0,10.0,11.0,10.0,10.066666666666666,11.36,113.6,5.0,118.6,REORDER,47.0
2025-09-01,P005,LED Desk Lamp,Home & Kitchen,72,0,11,61,30,10,In Stock,2025,9,1,0,36,3,0,11.0,11.0,9.0,10.142857142857142,10.133333333333333,10.26,102.6,5.07,107.67,REORDER,47.0
2025-09-02,P005,LED Desk Lamp,Home & Kitchen,61,0,11,50,30,10,In Stock,2025,9,2,1,36,3,0,11.0,12.0,8.0,10.142857142857142,10.166666666666666,10.47,104.7,5.07,109.77,REORDER,60.0
2025-09-03,P005,LED Desk Lamp,Home & Kitchen,50,0,11,39,30,10,Reorder Soon,2025,9,3,2,36,3,0,11.0,10.0,16.0,10.0,10.2,9.85,98.5,5.0,103.5,REORDER,64.0
2025-09-04,P005,LED Desk Lamp,Home & Kitchen,39,103,14,128,30,10,In Stock,2025,9,4,3,36,3,0,11.0,7.0,10.0,10.142857142857142,10.2,10.56,105.6,5.07,110.67,NO REORDER,0.0
2025-09-05,P005,LED Desk Lamp,Home & Kitchen,128,0,12,116,30,10,In Stock,2025,9,5,4,36,3,0,14.0,9.0,14.0,11.142857142857142,10.333333333333334,11.2,112.0,5.57,117.57,REORDER,2.0
2025-09-06,P005,LED Desk Lamp,Home & Kitchen,116,0,12,104,30,10,In Stock,2025,9,6,5,36,3,1,12.0,11.0,11.0,11.571428571428571,10.4,11.37,113.7,5.79,119.49,REORDER,15.0
2025-09-07,P005,LED Desk Lamp,Home & Kitchen,104,0,12,92,30,10,In Stock,2025,9,7,6,36,3,1,12.0,11.0,10.0,11.714285714285714,10.533333333333331,11.46,114.6,5.86,120.46,REORDER,28.0
2025-09-08,P005,LED Desk Lamp,Home & Kitchen,92,0,13,79,30,10,In Stock,2025,9,8,0,37,3,0,12.0,11.0,11.0,11.857142857142858,10.633333333333333,10.72,107.2,5.93,113.13,REORDER,34.0
2025-09-09,P005,LED Desk Lamp,Home & Kitchen,79,0,11,68,30,10,In Stock,2025,9,9,1,37,3,0,13.0,11.0,12.0,12.142857142857142,10.766666666666667,11.01,110.1,6.07,116.17,REORDER,48.0
2025-09-10,P005,LED Desk Lamp,Home & Kitchen,68,0,10,58,30,10,In Stock,2025,9,10,2,37,3,0,11.0,11.0,10.0,12.142857142857142,10.866666666666667,11.4,114.0,6.07,120.07,REORDER,62.0
2025-09-11,P005,LED Desk Lamp,Home & Kitchen,58,0,10,48,30,10,In Stock,2025,9,11,3,37,3,0,10.0,14.0,7.0,12.0,10.9,11.54,115.4,6.0,121.4,REORDER,73.0
2025-09-12,P005,LED Desk Lamp,Home & Kitchen,48,0,9,39,30,10,Reorder Soon,2025,9,12,4,37,3,0,10.0,12.0,9.0,11.428571428571429,10.966666666666669,11.49,114.9,5.71,120.61,REORDER,82.0
2025-09-13,P005,LED Desk Lamp,Home & Kitchen,39,93,12,120,30,10,In Stock,2025,9,13,5,37,3,1,9.0,12.0,11.0,11.0,10.966666666666669,12.18,121.8,5.5,127.3,REORDER,7.0
2025-09-14,P005,LED Desk Lamp,Home & Kitchen,120,0,11,109,30,10,In Stock,2025,9,14,6,37,3,1,12.0,12.0,11.0,11.0,11.033333333333331,12.14,121.4,5.5,126.9,REORDER,18.0
2025-09-15,P005,LED Desk Lamp,Home & Kitchen,109,0,9,100,30,10,In Stock,2025,9,15,0,38,3,0,11.0,13.0,11.0,10.857142857142858,10.933333333333334,10.98,109.8,5.43,115.23,REORDER,15.0
2025-09-16,P005,LED Desk Lamp,Home & Kitchen,100,0,12,88,30,10,In Stock,2025,9,16,1,38,3,0,9.0,11.0,11.0,10.285714285714286,10.933333333333334,10.37,103.7,5.14,108.84,REORDER,21.0
2025-09-17,P005,LED Desk Lamp,Home & Kitchen,88,0,10,78,30,10,In Stock,2025,9,17,2,38,3,0,12.0,10.0,11.0,10.428571428571429,10.966666666666669,10.32,103.2,5.21,108.41,REORDER,30.0
2025-09-18,P005,LED Desk Lamp,Home & Kitchen,78,0,11,67,30,10,In Stock,2025,9,18,3,38,3,0,10.0,10.0,14.0,10.428571428571429,11.0,10.34,103.4,5.21,108.61,REORDER,42.0
2025-09-19,P005,LED Desk Lamp,Home & Kitchen,67,0,13,54,30,10,In Stock,2025,9,19,4,38,3,0,11.0,9.0,12.0,10.571428571428571,11.1,10.49,104.9,5.29,110.19,REORDER,56.0
2025-09-20,P005,LED Desk Lamp,Home & Kitchen,54,0,10,44,30,10,Reorder Soon,2025,9,20,5,38,3,1,13.0,12.0,12.0,11.142857142857142,11.0,11.86,118.6,5.57,124.17,REORDER,80.0
2025-09-21,P005,LED Desk Lamp,Home & Kitchen,44,0,8,36,30,10,Reorder Soon,2025,9,21,6,38,3,1,10.0,11.0,12.0,10.857142857142858,11.0,11.55,115.5,5.43,120.93,REORDER,85.0
2025-09-22,P005,LED Desk Lamp,Home & Kitchen,36,93,9,120,30,10,In Stock,2025,9,22,0,39,3,0,8.0,9.0,13.0,10.428571428571429,10.8,10.92,109.2,5.21,114.41,NO REORDER,0.0
2025-09-23,P005,LED Desk Lamp,Home & Kitchen,120,0,15,105,30,10,In Stock,2025,9,23,1,39,3,0,9.0,12.0,11.0,10.428571428571429,10.733333333333333,9.8,98.0,5.21,103.21,NO REORDER,0.0
2025-09-24,P005,LED Desk Lamp,Home & Kitchen,105,0,10,95,30,10,In Stock,2025,9,24,2,39,3,0,15.0,10.0,10.0,10.857142857142858,10.9,10.66,106.6,5.43,112.03,REORDER,17.0
2025-09-25,P005,LED Desk Lamp,Home & Kitchen,95,0,11,84,30,10,In Stock,2025,9,25,3,39,3,0,10.0,11.0,10.0,10.857142857142858,10.866666666666667,11.14,111.4,5.43,116.83,REORDER,33.0
2025-09-26,P005,LED Desk Lamp,Home & Kitchen,84,0,8,76,30,10,In Stock,2025,9,26,4,39,3,0,11.0,13.0,9.0,10.857142857142858,10.833333333333334,11.08,110.8,5.43,116.23,REORDER,40.0
2025-09-27,P005,LED Desk Lamp,Home & Kitchen,76,0,12,64,30,10,In Stock,2025,9,27,5,39,3,1,8.0,10.0,12.0,10.142857142857142,10.766666666666667,11.3,113.0,5.07,118.07,REORDER,54.0
2025-09-28,P005,LED Desk Lamp,Home & Kitchen,64,0,10,54,30,10,In Stock,2025,9,28,6,39,3,1,12.0,8.0,11.0,10.428571428571429,10.933333333333334,11.6,116.0,5.21,121.21,REORDER,67.0
2025-09-29,P005,LED Desk Lamp,Home & Kitchen,54,0,11,43,30,10,Reorder Soon,2025,9,29,0,40,3,0,10.0,9.0,9.0,10.714285714285714,10.966666666666669,11.09,110.9,5.36,116.26,REORDER,73.0
2025-09-30,P005,LED Desk Lamp,Home & Kitchen,43,0,11,32,30,10,Reorder Soon,2025,9,30,1,40,3,0,11.0,15.0,12.0,11.0,10.966666666666669,11.78,117.8,5.5,123.3,REORDER,91.0
2025-10-01,P005,LED Desk Lamp,Home & Kitchen,32,100,16,116,30,10,In Stock,2025,10,1,2,40,4,0,11.0,10.0,10.0,10.428571428571429,10.966666666666669,11.82,118.2,5.21,123.41,REORDER,7.0
2025-10-02,P005,LED Desk Lamp,Home & Kitchen,116,0,14,102,30,10,In Stock,2025,10,2,3,40,4,0,16.0,11.0,11.0,11.285714285714286,11.133333333333333,11.67,116.7,5.64,122.34,REORDER,20.0
2025-10-03,P005,LED Desk Lamp,Home & Kitchen,102,0,13,89,30,10,In Stock,2025,10,3,4,40,4,0,14.0,8.0,13.0,11.714285714285714,11.233333333333333,12.04,120.4,5.86,126.26,REORDER,37.0
2025-10-04,P005,LED Desk Lamp,Home & Kitchen,89,0,12,77,30,10,In Stock,2025,10,4,5,40,4,1,13.0,12.0,10.0,12.428571428571429,11.3,12.4,124.0,6.21,130.21,REORDER,53.0
2025-10-05,P005,LED Desk Lamp,Home & Kitchen,77,0,11,66,30,10,In Stock,2025,10,5,6,40,4,1,12.0,10.0,8.0,12.428571428571429,11.233333333333333,12.42,124.2,6.21,130.41,REORDER,64.0
2025-10-06,P005,LED Desk Lamp,Home & Kitchen,66,0,14,52,30,10,In Stock,2025,10,6,0,41,4,0,11.0,11.0,9.0,12.571428571428571,11.2,11.52,115.2,6.29,121.49,REORDER,69.0
2025-10-07,P005,LED Desk Lamp,Home & Kitchen,52,0,14,38,30,10,Reorder Soon,2025,10,7,1,41,4,0,14.0,11.0,15.0,13.0,11.266666666666667,12.54,125.4,6.5,131.9,REORDER,94.0
2025-10-08,P005,LED Desk Lamp,Home & Kitchen,38,102,15,125,30,10,In Stock,2025,10,8,2,41,4,0,14.0,16.0,10.0,13.428571428571429,11.333333333333334,12.6,126.0,6.71,132.71,REORDER,8.0
2025-10-09,P005,LED Desk Lamp,Home & Kitchen,125,0,12,113,30,10,In Stock,2025,10,9,3,41,4,0,15.0,14.0,11.0,13.285714285714286,11.4,12.48,124.8,6.64,131.44,REORDER,18.0
2025-10-10,P005,LED Desk Lamp,Home & Kitchen,113,0,12,101,30,10,In Stock,2025,10,10,4,41,4,0,12.0,13.0,8.0,13.0,11.433333333333334,13.02,130.2,6.5,136.7,REORDER,36.0
2025-10-11,P005,LED Desk Lamp,Home & Kitchen,101,0,15,86,30,10,In Stock,2025,10,11,5,41,4,1,12.0,12.0,12.0,12.857142857142858,11.5,12.92,129.2,6.43,135.63,REORDER,50.0
2025-10-12,P005,LED Desk Lamp,Home & Kitchen,86,0,13,73,30,10,In Stock,2025,10,12,6,41,4,1,15.0,11.0,10.0,13.285714285714286,11.666666666666666,12.81,128.1,6.64,134.74,REORDER,62.0
2025-10-13,P005,LED Desk Lamp,Home & Kitchen,73,0,19,54,30,10,In Stock,2025,10,13,0,42,4,0,13.0,14.0,11.0,13.571428571428571,11.8,12.59,125.9,6.79,132.69,REORDER,79.0
2025-10-14,P005,LED Desk Lamp,Home & Kitchen,54,0,12,42,30,10,Reorder Soon,2025,10,14,1,42,4,0,19.0,14.0,11.0,14.285714285714286,12.033333333333331,11.86,118.6,7.14,125.74,REORDER,84.0
2025-10-15,P005,LED Desk Lamp,Home & Kitchen,42,88,14,116,30,10,In Stock,2025,10,15,2,42,4,0,12.0,15.0,16.0,14.0,12.066666666666666,11.81,118.1,7.0,125.1,REORDER,9.0
2025-10-16,P005,LED Desk Lamp,Home & Kitchen,116,0,15,101,30,10,In Stock,2025,10,16,3,42,4,0,14.0,12.0,14.0,13.857142857142858,12.233333333333333,12.42,124.2,6.93,131.13,REORDER,30.0
2025-10-17,P005,LED Desk Lamp,Home & Kitchen,101,0,15,86,30,10,In Stock,2025,10,17,4,42,4,0,15.0,12.0,13.0,14.285714285714286,12.333333333333334,12.72,127.2,7.14,134.34,REORDER,48.0
2025-10-18,P005,LED Desk Lamp,Home & Kitchen,86,0,13,73,30,10,In Stock,2025,10,18,5,42,4,1,15.0,15.0,12.0,14.714285714285714,12.5,14.2,142.0,7.36,149.36,REORDER,76.0
2025-10-19,P005,LED Desk Lamp,Home & Kitchen,73,0,15,58,30,10,In Stock,2025,10,19,6,42,4,1,13.0,13.0,11.0,14.428571428571429,12.566666666666666,13.93,139.3,7.21,146.51,REORDER,89.0
2025-10-20,P005,LED Desk Lamp,Home & Kitchen,58,0,14,44,30,10,Reorder Soon,2025,10,20,0,43,4,0,15.0,19.0,14.0,14.714285714285714,12.633333333333333,13.16,131.6,7.36,138.96,REORDER,95.0
2025-10-21,P005,LED Desk Lamp,Home & Kitchen,44,92,15,121,30,10,In Stock,2025,10,21,1,43,4,0,14.0,12.0,14.0,14.0,12.766666666666667,11.49,114.9,7.0,121.9,REORDER,1.0
2025-10-22,P005,LED Desk Lamp,Home & Kitchen,121,0,14,107,30,10,In Stock,2025,10,22,2,43,4,0,15.0,14.0,15.0,14.428571428571429,13.0,12.9,129.0,7.21,136.21,REORDER,29.0
2025-10-23,P005,LED Desk Lamp,Home & Kitchen,107,0,15,92,30,10,In Stock,2025,10,23,3,43,4,0,14.0,15.0,12.0,14.428571428571429,13.166666666666666,13.14,131.4,7.21,138.61,REORDER,47.0
2025-10-24,P005,LED Desk Lamp,Home & Kitchen,92,0,14,78,30,10,In Stock,2025,10,24,4,43,4,0,15.0,15.0,12.0,14.428571428571429,13.166666666666666,13.74,137.4,7.21,144.61,REORDER,67.0
2025-10-25,P005,LED Desk Lamp,Home & Kitchen,78,0,11,67,30,10,In Stock,2025,10,25,5,43,4,1,14.0,13.0,15.0,14.285714285714286,13.3,13.71,137.1,7.14,144.24,REORDER,77.0
2025-10-26,P005,LED Desk Lamp,Home & Kitchen,67,0,15,52,30,10,In Stock,2025,10,26,6,43,4,1,11.0,15.0,13.0,14.0,13.3,13.76,137.6,7.0,144.6,REORDER,93.0
2025-10-27,P005,LED Desk Lamp,Home & Kitchen,52,0,14,38,30,10,Reorder Soon,2025,10,27,0,44,4,0,15.0,14.0,19.0,14.0,13.533333333333331,12.18,121.8,7.0,128.8,REORDER,91.0
2025-10-28,P005,LED Desk Lamp,Home & Kitchen,38,89,15,112,30,10,In Stock,2025,10,28,1,44,4,0,14.0,15.0,12.0,14.0,13.6,13.24,132.4,7.0,139.4,REORDER,27.0
2025-10-29,P005,LED Desk Lamp,Home & Kitchen,112,0,14,98,30,10,In Stock,2025,10,29,2,44,4,0,15.0,14.0,14.0,14.0,13.766666666666667,12.9,129.0,7.0,136.0,REORDER,38.0
2025-10-30,P005,LED Desk Lamp,Home & Kitchen,98,0,17,81,30,10,In Stock,2025,10,30,3,44,4,0,14.0,15.0,15.0,14.0,13.866666666666667,13.4,134.0,7.0,141.0,REORDER,60.0
2025-10-31,P005,LED Desk Lamp,Home & Kitchen,81,0,24,57,30,10,In Stock,2025,10,31,4,44,4,0,17.0,14.0,15.0,14.285714285714286,14.066666666666666,14.76,147.6,7.14,154.74,REORDER,98.0
2025-11-01,P005,LED Desk Lamp,Home & Kitchen,57,0,23,34,30,10,Reorder Soon,2025,11,1,5,44,4,1,24.0,11.0,13.0,15.714285714285714,14.333333333333334,17.28,172.8,7.86,180.66,REORDER,147.0
2025-11-02,P005,LED Desk Lamp,Home & Kitchen,34,97,15,116,30,10,In Stock,2025,11,2,6,44,4,1,23.0,15.0,15.0,17.428571428571427,14.633333333333333,17.48,174.8,8.71,183.51,REORDER,68.0
2025-11-03,P005,LED Desk Lamp,Home & Kitchen,116,0,15,101,30,10,In Stock,2025,11,3,0,45,4,0,15.0,14.0,14.0,17.428571428571427,14.7,16.08,160.8,8.71,169.51,REORDER,69.0
2025-11-04,P005,LED Desk Lamp,Home & Kitchen,101,0,13,88,30,10,In Stock,2025,11,4,1,45,4,0,15.0,15.0,15.0,17.571428571428573,14.8,16.36,163.6,8.79,172.39,REORDER,84.0
2025-11-05,P005,LED Desk Lamp,Home & Kitchen,88,0,13,75,30,10,In Stock,2025,11,5,2,45,4,0,13.0,14.0,14.0,17.285714285714285,14.866666666666667,15.76,157.6,8.64,166.24,REORDER,91.0
2025-11-06,P005,LED Desk Lamp,Home & Kitchen,75,0,14,61,30,10,In Stock,2025,11,6,3,45,4,0,13.0,17.0,15.0,17.142857142857142,14.833333333333334,15.52,155.2,8.57,163.77,REORDER,103.0
2025-11-07,P005,LED Desk Lamp,Home & Kitchen,61,0,12,49,30,10,In Stock,2025,11,7,4,45,4,0,14.0,24.0,14.0,16.714285714285715,14.833333333333334,15.29,152.9,8.36,161.26,REORDER,112.0
2025-11-08,P005,LED Desk Lamp,Home & Kitchen,49,0,12,37,30,10,Reorder Soon,2025,11,8,5,45,4,1,12.0,23.0,11.0,15.0,14.733333333333333,14.52,145.2,7.5,152.7,REORDER,116.0
2025-11-09,P005,LED Desk Lamp,Home & Kitchen,37,86,13,110,30,10,In Stock,2025,11,9,6,45,4,1,12.0,15.0,15.0,13.428571428571429,14.733333333333333,14.61,146.1,6.71,152.81,REORDER,43.0
2025-11-10,P005,LED Desk Lamp,Home & Kitchen,110,0,16,94,30,10,In Stock,2025,11,10,0,46,4,0,13.0,15.0,14.0,13.142857142857142,14.766666666666667,13.78,137.8,6.57,144.37,REORDER,50.0
2025-11-11,P005,LED Desk Lamp,Home & Kitchen,94,0,12,82,30,10,In Stock,2025,11,11,1,46,4,0,16.0,13.0,15.0,13.285714285714286,14.8,14.06,140.6,6.64,147.24,REORDER,65.0
2025-11-12,P005,LED Desk Lamp,Home & Kitchen,82,0,12,70,30,10,In Stock,2025,11,12,2,46,4,0,12.0,13.0,14.0,13.142857142857142,14.766666666666667,14.36,143.6,6.57,150.17,REORDER,80.0
2025-11-13,P005,LED Desk Lamp,Home & Kitchen,70,0,11,59,30,10,In Stock,2025,11,13,3,46,4,0,12.0,14.0,17.0,13.0,14.533333333333331,14.52,145.2,6.5,151.7,REORDER,93.0
2025-11-14,P005,LED Desk Lamp,Home & Kitchen,59,0,15,44,30,10,Reorder Soon,2025,11,14,4,46,4,0,11.0,12.0,24.0,12.571428571428571,14.5,17.46,174.6,6.29,180.89,REORDER,137.0
2025-11-15,P005,LED Desk Lamp,Home & Kitchen,44,86,15,115,30,10,In Stock,2025,11,15,5,46,4,1,15.0,12.0,23.0,13.0,14.533333333333331,14.56,145.6,6.5,152.1,REORDER,37.0
2025-11-16,P005,LED Desk Lamp,Home & Kitchen,115,0,13,102,30,10,In Stock,2025,11,16,6,46,4,1,15.0,13.0,15.0,13.428571428571429,14.533333333333331,15.18,151.8,6.71,158.51,REORDER,57.0
2025-11-17,P005,LED Desk Lamp,Home & Kitchen,102,0,16,86,30,10,In Stock,2025,11,17,0,47,4,0,13.0,16.0,15.0,13.428571428571429,14.466666666666669,13.87,138.7,6.71,145.41,REORDER,59.0
2025-11-18,P005,LED Desk Lamp,Home & Kitchen,86,0,12,74,30,10,In Stock,2025,11,18,1,47,4,0,16.0,12.0,13.0,13.428571428571429,14.566666666666666,14.13,141.3,6.71,148.01,REORDER,74.0
2025-11-19,P005,LED Desk Lamp,Home & Kitchen,74,0,13,61,30,10,In Stock,2025,11,19,2,47,4,0,12.0,12.0,13.0,13.428571428571429,14.466666666666669,14.08,140.8,6.71,147.51,REORDER,87.0
2025-11-20,P005,LED Desk Lamp,Home & Kitchen,61,0,14,47,30,10,In Stock,2025,11,20,3,47,4,0,13.0,11.0,14.0,13.571428571428571,14.433333333333334,14.2,142.0,6.79,148.79,REORDER,102.0
2025-11-21,P005,LED Desk Lamp,Home & Kitchen,47,0,13,34,30,10,Reorder Soon,2025,11,21,4,47,4,0,14.0,15.0,12.0,14.0,14.4,14.6,146.0,7.0,153.0,REORDER,119.0
2025-11-22,P005,LED Desk Lamp,Home & Kitchen,34,95,11,118,30,10,In Stock,2025,11,22,5,47,4,1,13.0,15.0,12.0,13.714285714285714,14.366666666666667,14.05,140.5,6.86,147.36,REORDER,29.0
2025-11-23,P005,LED Desk Lamp,Home & Kitchen,118,0,14,104,30,10,In Stock,2025,11,23,6,47,4,1,11.0,13.0,13.0,13.142857142857142,14.233333333333333,14.61,146.1,6.57,152.67,REORDER,49.0
2025-11-24,P005,LED Desk Lamp,Home & Kitchen,104,0,15,89,30,10,In Stock,2025,11,24,0,48,4,0,14.0,16.0,16.0,13.285714285714286,14.233333333333333,13.56,135.6,6.64,142.24,REORDER,53.0
2025-11-25,P005,LED Desk Lamp,Home & Kitchen,89,0,15,74,30,10,In Stock,2025,11,25,1,48,4,0,15.0,12.0,12.0,13.142857142857142,14.366666666666667,14.38,143.8,6.57,150.37,REORDER,76.0
2025-11-26,P005,LED Desk Lamp,Home & Kitchen,74,0,12,62,30,10,In Stock,2025,11,26,2,48,4,0,15.0,13.0,12.0,13.571428571428571,14.366666666666667,14.24,142.4,6.79,149.19,REORDER,87.0
2025-11-27,P005,LED Desk Lamp,Home & Kitchen,62,0,17,45,30,10,Reorder Soon,2025,11,27,3,48,4,0,12.0,14.0,11.0,13.428571428571429,14.3,14.58,145.8,6.71,152.51,REORDER,108.0
2025-11-28,P005,LED Desk Lamp,Home & Kitchen,45,95,15,125,30,10,In Stock,2025,11,28,4,48,4,0,17.0,13.0,15.0,13.857142857142858,14.366666666666667,13.63,136.3,6.93,143.23,REORDER,18.0
2025-11-29,P005,LED Desk Lamp,Home & Kitchen,125,0,17,108,30,10,In Stock,2025,11,29,5,48,4,1,15.0,11.0,15.0,14.142857142857142,14.4,15.08,150.8,7.07,157.87,REORDER,50.0
2025-11-30,P005,LED Desk Lamp,Home & Kitchen,108,0,13,95,30,10,In Stock,2025,11,30,6,48,4,1,17.0,14.0,13.0,15.0,14.4,14.94,149.4,7.5,156.9,REORDER,62.0
2025-12-01,P005,LED Desk Lamp,Home & Kitchen,95,0,16,79,30,10,In Stock,2025,12,1,0,49,4,0,13.0,15.0,16.0,14.857142857142858,14.033333333333331,13.3,133.0,7.43,140.43,REORDER,61.0
2025-12-02,P005,LED Desk Lamp,Home & Kitchen,79,0,14,65,30,10,In Stock,2025,12,2,1,49,4,0,16.0,15.0,12.0,15.0,13.8,12.96,129.6,7.5,137.1,REORDER,72.0
2025-12-03,P005,LED Desk Lamp,Home & Kitchen,65,0,13,52,30,10,In Stock,2025,12,3,2,49,4,0,14.0,12.0,13.0,14.857142857142858,13.766666666666667,12.7,127.0,7.43,134.43,REORDER,82.0
2025-12-04,P005,LED Desk Lamp,Home & Kitchen,52,0,11,41,30,10,Reorder Soon,2025,12,4,3,49,4,0,13.0,17.0,14.0,15.0,13.7,12.84,128.4,7.5,135.9,REORDER,95.0
2025-12-05,P005,LED Desk Lamp,Home & Kitchen,41,0,8,33,30,10,Reorder Soon,2025,12,5,4,49,4,0,11.0,15.0,13.0,14.142857142857142,13.633333333333333,14.27,142.7,7.07,149.77,REORDER,117.0
2025-12-06,P005,LED Desk Lamp,Home & Kitchen,33,109,15,127,30,10,In Stock,2025,12,6,5,49,4,1,8.0,17.0,11.0,13.142857142857142,13.466666666666669,13.54,135.4,6.57,141.97,REORDER,15.0
2025-12-07,P005,LED Desk Lamp,Home & Kitchen,127,0,15,112,30,10,In Stock,2025,12,7,6,49,4,1,15.0,13.0,14.0,12.857142857142858,13.5,13.4,134.0,6.43,140.43,REORDER,28.0
2025-12-08,P005,LED Desk Lamp,Home & Kitchen,112,0,12,100,30,10,In Stock,2025,12,8,0,50,4,0,15.0,16.0,15.0,13.142857142857142,13.6,13.16,131.6,6.57,138.17,REORDER,38.0
2025-12-09,P005,LED Desk Lamp,Home & Kitchen,100,0,12,88,30,10,In Stock,2025,12,9,1,50,4,0,12.0,14.0,15.0,12.571428571428571,13.6,13.08,130.8,6.29,137.09,REORDER,49.0
2025-12-10,P005,LED Desk Lamp,Home & Kitchen,88,0,13,75,30,10,In Stock,2025,12,10,2,50,4,0,12.0,13.0,12.0,12.285714285714286,13.566666666666666,13.5,135.0,6.14,141.14,REORDER,66.0
2025-12-11,P005,LED Desk Lamp,Home & Kitchen,75,0,18,57,30,10,In Stock,2025,12,11,3,50,4,0,13.0,11.0,17.0,12.285714285714286,13.466666666666669,13.6,136.0,6.14,142.14,REORDER,85.0
2025-12-12,P005,LED Desk Lamp,Home & Kitchen,57,0,12,45,30,10,Reorder Soon,2025,12,12,4,50,4,0,18.0,8.0,15.0,13.285714285714286,13.666666666666666,13.34,133.4,6.64,140.04,REORDER,95.0
2025-12-13,P005,LED Desk Lamp,Home & Kitchen,45,0,12,33,30,10,Reorder Soon,2025,12,13,5,50,4,1,12.0,15.0,17.0,13.857142857142858,13.666666666666666,15.0,150.0,6.93,156.93,REORDER,124.0
2025-12-14,P005,LED Desk Lamp,Home & Kitchen,33,105,17,121,30,10,In Stock,2025,12,14,6,50,4,1,12.0,15.0,13.0,13.428571428571429,13.7,14.46,144.6,6.71,151.31,REORDER,30.0
2025-12-15,P005,LED Desk Lamp,Home & Kitchen,121,0,13,108,30,10,In Stock,2025,12,15,0,51,4,0,17.0,12.0,16.0,13.714285714285714,13.766666666666667,13.15,131.5,6.86,138.36,REORDER,30.0
2025-12-16,P005,LED Desk Lamp,Home & Kitchen,108,0,14,94,30,10,In Stock,2025,12,16,1,51,4,0,13.0,12.0,14.0,13.857142857142858,13.7,13.16,131.6,6.93,138.53,REORDER,45.0
2025-12-17,P005,LED Desk Lamp,Home & Kitchen,94,0,15,79,30,10,In Stock,2025,12,17,2,51,4,0,14.0,13.0,13.0,14.142857142857142,13.733333333333333,13.04,130.4,7.07,137.47,REORDER,58.0
2025-12-18,P005,LED Desk Lamp,Home & Kitchen,79,0,15,64,30,10,In Stock,2025,12,18,3,51,4,0,15.0,18.0,11.0,14.428571428571429,13.7,13.96,139.6,7.21,146.81,REORDER,83.0
2025-12-19,P005,LED Desk Lamp,Home & Kitchen,64,0,15,49,30,10,In Stock,2025,12,19,4,51,4,0,15.0,12.0,8.0,14.0,13.8,13.6,136.0,7.0,143.0,REORDER,94.0
2025-12-20,P005,LED Desk Lamp,Home & Kitchen,49,0,15,34,30,10,Reorder Soon,2025,12,20,5,51,4,1,15.0,12.0,15.0,14.428571428571429,13.866666666666667,14.26,142.6,7.21,149.81,REORDER,116.0
2025-12-21,P005,LED Desk Lamp,Home & Kitchen,34,108,13,129,30,10,In Stock,2025,12,21,6,51,4,1,15.0,17.0,15.0,14.857142857142858,13.9,14.02,140.2,7.43,147.63,REORDER,19.0
2025-12-22,P005,LED Desk Lamp,Home & Kitchen,129,0,13,116,30,10,In Stock,2025,12,22,0,52,4,0,13.0,13.0,12.0,14.285714285714286,13.9,13.38,133.8,7.14,140.94,REORDER,25.0
2025-12-23,P005,LED Desk Lamp,Home & Kitchen,116,0,16,100,30,10,In Stock,2025,12,23,1,52,4,0,13.0,14.0,12.0,14.285714285714286,13.966666666666669,13.2,132.0,7.14,139.14,REORDER,39.0
2025-12-24,P005,LED Desk Lamp,Home & Kitchen,100,0,21,79,30,10,In Stock,2025,12,24,2,52,4,0,16.0,15.0,13.0,14.571428571428571,14.033333333333331,12.82,128.2,7.29,135.49,REORDER,56.0
2025-12-25,P005,LED Desk Lamp,Home & Kitchen,79,0,22,57,30,10,In Stock,2025,12,25,3,52,4,0,21.0,15.0,18.0,15.428571428571429,14.233333333333333,14.0,140.0,7.71,147.71,REORDER,91.0
2025-12-26,P005,LED Desk Lamp,Home & Kitchen,57,0,13,44,30,10,Reorder Soon,2025,12,26,4,52,4,0,22.0,15.0,12.0,16.428571428571427,14.466666666666669,15.14,151.4,8.21,159.61,REORDER,116.0
2025-12-27,P005,LED Desk Lamp,Home & Kitchen,44,0,13,31,30,10,Reorder Soon,2025,12,27,5,52,4,1,13.0,15.0,12.0,16.142857142857142,14.5,20.79,207.9,8.07,215.97,REORDER,185.0
2025-12-28,P005,LED Desk Lamp,Home & Kitchen,31,104,18,117,30,10,In Stock,2025,12,28,6,52,4,1,13.0,13.0,17.0,15.857142857142858,14.366666666666667,15.07,150.7,7.93,158.63,REORDER,42.0
2025-12-29,P005,LED Desk Lamp,Home & Kitchen,117,0,13,104,30,10,In Stock,2025,12,29,0,1,4,0,18.0,13.0,13.0,16.571428571428573,14.466666666666669,13.62,136.2,8.29,144.49,REORDER,40.0
2025-12-30,P005,LED Desk Lamp,Home & Kitchen,104,0,12,92,30,10,In Stock,2025,12,30,1,1,4,0,13.0,16.0,14.0,16.571428571428573,14.333333333333334,13.5,135.0,8.29,143.29,REORDER,51.0
2025-12-31,P005,LED Desk Lamp,Home & Kitchen,92,0,13,79,30,10,In Stock,2025,12,31,2,1,4,0,12.0,21.0,15.0,16.0,14.3,13.3,133.0,8.0,141.0,REORDER,62.0
2025-08-13,P006,Water Bottle,Home & Kitchen,262,0,34,228,70,5,In Stock,2025,8,13,2,33,3,0,31.0,33.0,31.0,32.714285714285715,33.733333333333334,31.27,156.35,16.36,172.71,NO REORDER,0.0
2025-08-14,P006,Water Bottle,Home & Kitchen,228,0,33,195,70,5,In Stock,2025,8,14,3,33,3,0,34.0,35.0,36.0,32.857142857142854,33.733333333333334,33.09,165.45,16.43,181.88,NO REORDER,0.0
2025-08-15,P006,Water Bottle,Home & Kitchen,195,0,37,158,70,5,In Stock,2025,8,15,4,33,3,0,33.0,34.0,27.0,32.57142857142857,33.766666666666666,33.1,165.5,16.29,181.79,REORDER,24.0
2025-08-16,P006,Water Bottle,Home & Kitchen,158,0,28,130,70,5,In Stock,2025,8,16,5,33,3,1,37.0,35.0,31.0,33.0,33.9,34.95,174.75,16.5,191.25,REORDER,61.0
2025-08-17,P006,Water Bottle,Home & Kitchen,130,0,46,84,70,5,Reorder Soon,2025,8,17,6,33,3,1,28.0,35.0,27.0,32.0,33.43333333333333,34.2,171.0,16.0,187.0,REORDER,103.0
2025-08-18,P006,Water Bottle,Home & Kitchen,84,311,36,359,70,5,In Stock,2025,8,18,0,34,3,0,46.0,26.0,36.0,33.57142857142857,33.86666666666667,33.8,169.0,16.79,185.79,NO REORDER,0.0
2025-08-19,P006,Water Bottle,Home & Kitchen,359,0,31,328,70,5,In Stock,2025,8,19,1,34,3,0,36.0,31.0,29.0,35.0,34.06666666666667,31.96,159.8,17.5,177.3,NO REORDER,0.0
2025-08-20,P006,Water Bottle,Home & Kitchen,328,0,43,285,70,5,In Stock,2025,8,20,2,34,3,0,31.0,34.0,33.0,35.0,33.4,33.59,167.95,17.5,185.45,NO REORDER,0.0
2025-08-21,P006,Water Bottle,Home & Kitchen,285,0,37,248,70,5,In Stock,2025,8,21,3,34,3,0,43.0,33.0,35.0,36.285714285714285,33.63333333333333,35.04,175.2,18.14,193.34,NO REORDER,0.0
2025-08-22,P006,Water Bottle,Home & Kitchen,248,0,34,214,70,5,In Stock,2025,8,22,4,34,3,0,37.0,37.0,34.0,36.85714285714285,33.6,34.61,173.05,18.43,191.48,NO REORDER,0.0
2025-08-23,P006,Water Bottle,Home & Kitchen,214,0,38,176,70,5,In Stock,2025,8,23,5,34,3,1,34.0,28.0,35.0,36.42857142857143,33.833333333333336,34.07,170.35,18.21,188.56,REORDER,13.0
2025-08-24,P006,Water Bottle,Home & Kitchen,176,0,35,141,70,5,In Stock,2025,8,24,6,34,3,1,38.0,46.0,35.0,37.85714285714285,33.766666666666666,34.79,173.95,18.93,192.88,REORDER,52.0
2025-08-25,P006,Water Bottle,Home & Kitchen,141,0,25,116,70,5,In Stock,2025,8,25,0,35,3,0,35.0,36.0,26.0,36.285714285714285,33.733333333333334,31.18,155.9,18.14,174.04,REORDER,58.0
2025-08-26,P006,Water Bottle,Home & Kitchen,116,0,38,78,70,5,Reorder Soon,2025,8,26,1,35,3,0,25.0,31.0,31.0,34.714285714285715,33.166666666666664,31.15,155.75,17.36,173.11,REORDER,95.0
2025-08-27,P006,Water Bottle,Home & Kitchen,78,306,31,353,70,5,In Stock,2025,8,27,2,35,3,0,38.0,43.0,34.0,35.714285714285715,33.53333333333333,34.26,171.3,17.86,189.16,NO REORDER,0.0
2025-08-28,P006,Water Bottle,Home & Kitchen,353,0,43,310,70,5,In Stock,2025,8,28,3,35,3,0,31.0,37.0,33.0,34.0,33.3,32.79,163.95,17.0,180.95,NO REORDER,0.0
2025-08-29,P006,Water Bottle,Home & Kitchen,310,0,22,288,70,5,In Stock,2025,8,29,4,35,3,0,43.0,34.0,37.0,34.857142857142854,33.833333333333336,33.27,166.35,17.43,183.78,NO REORDER,0.0
2025-08-30,P006,Water Bottle,Home & Kitchen,288,0,35,253,70,5,In Stock,2025,8,30,5,35,3,1,22.0,38.0,28.0,33.142857142857146,33.53333333333333,35.53,177.65,16.57,194.22,NO REORDER,0.0
2025-08-31,P006,Water Bottle,Home & Kitchen,253,0,31,222,70,5,In Stock,2025,8,31,6,35,3,1,35.0,35.0,46.0,32.714285714285715,33.5,34.4,172.0,16.36,188.36,NO REORDER,0.0
2025-09-01,P006,Water Bottle,Home & Kitchen,222,0,33,189,70,5,In Stock,2025,9,1,0,36,3,0,31.0,25.0,36.0,32.142857142857146,33.63333333333333,31.9,159.5,16.07,175.57,NO REORDER,0.0
2025-09-02,P006,Water Bottle,Home & Kitchen,189,0,41,148,70,5,In Stock,2025,9,2,1,36,3,0,33.0,38.0,31.0,33.285714285714285,33.7,33.35,166.75,16.64,183.39,REORDER,35.0
2025-09-03,P006,Water Bottle,Home & Kitchen,148,0,32,116,70,5,In Stock,2025,9,3,2,36,3,0,41.0,31.0,43.0,33.714285714285715,34.166666666666664,33.38,166.9,16.86,183.76,REORDER,68.0
2025-09-04,P006,Water Bottle,Home & Kitchen,116,0,32,84,70,5,Reorder Soon,2025,9,4,3,36,3,0,32.0,43.0,37.0,33.857142857142854,34.03333333333333,32.38,161.9,16.93,178.83,REORDER,95.0
2025-09-05,P006,Water Bottle,Home & Kitchen,84,312,36,360,70,5,In Stock,2025,9,5,4,36,3,0,32.0,22.0,34.0,32.285714285714285,34.13333333333333,35.93,179.65,16.14,195.79,NO REORDER,0.0
2025-09-06,P006,Water Bottle,Home & Kitchen,360,0,36,324,70,5,In Stock,2025,9,6,5,36,3,1,36.0,35.0,38.0,34.285714285714285,34.233333333333334,33.2,166.0,17.14,183.14,NO REORDER,0.0
2025-09-07,P006,Water Bottle,Home & Kitchen,324,0,35,289,70,5,In Stock,2025,9,7,6,36,3,1,36.0,31.0,35.0,34.42857142857143,34.266666666666666,33.38,166.9,17.21,184.11,NO REORDER,0.0
2025-09-08,P006,Water Bottle,Home & Kitchen,289,0,34,255,70,5,In Stock,2025,9,8,0,37,3,0,35.0,33.0,25.0,35.0,34.3,32.4,162.0,17.5,179.5,NO REORDER,0.0
2025-09-09,P006,Water Bottle,Home & Kitchen,255,0,39,216,70,5,In Stock,2025,9,9,1,37,3,0,34.0,41.0,38.0,35.142857142857146,34.266666666666666,32.53,162.65,17.57,180.22,NO REORDER,0.0
2025-09-10,P006,Water Bottle,Home & Kitchen,216,0,37,179,70,5,In Stock,2025,9,10,2,37,3,0,39.0,32.0,31.0,34.857142857142854,34.4,33.17,165.85,17.43,183.28,REORDER,4.0
2025-09-11,P006,Water Bottle,Home & Kitchen,179,0,31,148,70,5,In Stock,2025,9,11,3,37,3,0,37.0,32.0,43.0,35.57142857142857,34.766666666666666,34.08,170.4,17.79,188.19,REORDER,40.0
2025-09-12,P006,Water Bottle,Home & Kitchen,148,0,41,107,70,5,In Stock,2025,9,12,4,37,3,0,31.0,36.0,22.0,35.42857142857143,34.766666666666666,35.52,177.6,17.71,195.31,REORDER,88.0
2025-09-13,P006,Water Bottle,Home & Kitchen,107,0,32,75,70,5,Reorder Soon,2025,9,13,5,37,3,1,41.0,36.0,35.0,36.142857142857146,35.0,34.59,172.95,18.07,191.02,REORDER,116.0
2025-09-14,P006,Water Bottle,Home & Kitchen,75,304,35,344,70,5,In Stock,2025,9,14,6,37,3,1,32.0,35.0,31.0,35.57142857142857,34.96666666666667,36.21,181.05,17.79,198.84,NO REORDER,0.0
2025-09-15,P006,Water Bottle,Home & Kitchen,344,0,34,310,70,5,In Stock,2025,9,15,0,38,3,0,35.0,34.0,33.0,35.57142857142857,34.9,32.89,164.45,17.79,182.24,NO REORDER,0.0
2025-09-16,P006,Water Bottle,Home & Kitchen,310,0,31,279,70,5,In Stock,2025,9,16,1,38,3,0,34.0,39.0,41.0,35.57142857142857,35.1,32.86,164.3,17.79,182.09,NO REORDER,0.0
2025-09-17,P006,Water Bottle,Home & Kitchen,279,0,40,239,70,5,In Stock,2025,9,17,2,38,3,0,31.0,37.0,32.0,34.42857142857143,34.6,33.99,169.95,17.21,187.16,NO REORDER,0.0
2025-09-18,P006,Water Bottle,Home & Kitchen,239,0,31,208,70,5,In Stock,2025,9,18,3,38,3,0,40.0,31.0,32.0,34.857142857142854,34.733333333333334,33.1,165.5,17.43,182.93,NO REORDER,0.0
2025-09-19,P006,Water Bottle,Home & Kitchen,208,0,32,176,70,5,In Stock,2025,9,19,4,38,3,0,31.0,41.0,36.0,34.857142857142854,34.733333333333334,33.88,169.4,17.43,186.83,REORDER,11.0
2025-09-20,P006,Water Bottle,Home & Kitchen,176,0,40,136,70,5,In Stock,2025,9,20,5,38,3,1,32.0,32.0,36.0,33.57142857142857,34.36666666666667,34.71,173.55,16.79,190.34,REORDER,54.0
2025-09-21,P006,Water Bottle,Home & Kitchen,136,0,32,104,70,5,Reorder Soon,2025,9,21,6,38,3,1,40.0,35.0,35.0,34.714285714285715,34.46666666666667,35.84,179.2,17.36,196.56,REORDER,93.0
2025-09-22,P006,Water Bottle,Home & Kitchen,104,0,26,78,70,5,Reorder Soon,2025,9,22,0,39,3,0,32.0,34.0,34.0,34.285714285714285,34.4,31.0,155.0,17.14,172.14,REORDER,94.0
2025-09-23,P006,Water Bottle,Home & Kitchen,78,295,33,340,70,5,In Stock,2025,9,23,1,39,3,0,26.0,31.0,39.0,33.142857142857146,34.0,32.14,160.7,16.57,177.27,NO REORDER,0.0
2025-09-24,P006,Water Bottle,Home & Kitchen,340,0,28,312,70,5,In Stock,2025,9,24,2,39,3,0,33.0,40.0,37.0,33.42857142857143,33.93333333333333,30.76,153.8,16.71,170.51,NO REORDER,0.0
2025-09-25,P006,Water Bottle,Home & Kitchen,312,0,27,285,70,5,In Stock,2025,9,25,3,39,3,0,28.0,31.0,31.0,31.714285714285715,34.03333333333333,34.17,170.85,15.86,186.71,NO REORDER,0.0
2025-09-26,P006,Water Bottle,Home & Kitchen,285,0,23,262,70,5,In Stock,2025,9,26,4,39,3,0,27.0,32.0,41.0,31.142857142857142,33.666666666666664,33.75,168.75,15.57,184.32,NO REORDER,0.0
2025-09-27,P006,Water Bottle,Home & Kitchen,262,0,24,238,70,5,In Stock,2025,9,27,5,39,3,1,23.0,40.0,32.0,29.857142857142858,33.4,32.49,162.45,14.93,177.38,NO REORDER,0.0
2025-09-28,P006,Water Bottle,Home & Kitchen,238,0,25,213,70,5,In Stock,2025,9,28,6,39,3,1,24.0,32.0,35.0,27.571428571428573,32.766666666666666,33.68,168.4,13.79,182.19,NO REORDER,0.0
2025-09-29,P006,Water Bottle,Home & Kitchen,213,0,41,172,70,5,In Stock,2025,9,29,0,40,3,0,25.0,26.0,34.0,26.571428571428573,32.86666666666667,34.22,171.1,13.29,184.39,REORDER,12.0
2025-09-30,P006,Water Bottle,Home & Kitchen,172,0,23,149,70,5,In Stock,2025,9,30,1,40,3,0,41.0,33.0,31.0,28.714285714285715,33.06666666666667,35.52,177.6,14.36,191.96,REORDER,43.0
2025-10-01,P006,Water Bottle,Home & Kitchen,149,0,28,121,70,5,In Stock,2025,10,1,2,40,4,0,23.0,28.0,40.0,27.285714285714285,32.8,32.91,164.55,13.64,178.19,REORDER,57.0
2025-10-02,P006,Water Bottle,Home & Kitchen,121,0,32,89,70,5,Reorder Soon,2025,10,2,3,40,4,0,28.0,27.0,31.0,27.285714285714285,32.63333333333333,32.63,163.15,13.64,176.79,REORDER,88.0
2025-10-03,P006,Water Bottle,Home & Kitchen,89,305,36,358,70,5,In Stock,2025,10,3,4,40,4,0,32.0,23.0,32.0,28.0,32.333333333333336,32.99,164.95,14.0,178.95,NO REORDER,0.0
2025-10-04,P006,Water Bottle,Home & Kitchen,358,0,38,320,70,5,In Stock,2025,10,4,5,40,4,1,36.0,24.0,40.0,29.857142857142858,32.46666666666667,34.03,170.15,14.93,185.08,NO REORDER,0.0
2025-10-05,P006,Water Bottle,Home & Kitchen,320,0,30,290,70,5,In Stock,2025,10,5,6,40,4,1,38.0,25.0,32.0,31.857142857142858,32.666666666666664,35.98,179.9,15.93,195.83,NO REORDER,0.0
2025-10-06,P006,Water Bottle,Home & Kitchen,290,0,33,257,70,5,In Stock,2025,10,6,0,41,4,0,30.0,41.0,26.0,32.57142857142857,32.46666666666667,31.27,156.35,16.29,172.64,NO REORDER,0.0
2025-10-07,P006,Water Bottle,Home & Kitchen,257,0,32,225,70,5,In Stock,2025,10,7,1,41,4,0,33.0,23.0,33.0,31.428571428571427,32.36666666666667,32.79,163.95,15.71,179.66,NO REORDER,0.0
2025-10-08,P006,Water Bottle,Home & Kitchen,225,0,33,192,70,5,In Stock,2025,10,8,2,41,4,0,32.0,28.0,28.0,32.714285714285715,32.266666666666666,31.59,157.95,16.36,174.31,NO REORDER,0.0
2025-10-09,P006,Water Bottle,Home & Kitchen,192,0,34,158,70,5,In Stock,2025,10,9,3,41,4,0,33.0,32.0,27.0,33.42857142857143,32.233333333333334,32.04,160.2,16.71,176.91,REORDER,19.0
2025-10-10,P006,Water Bottle,Home & Kitchen,158,0,35,123,70,5,In Stock,2025,10,10,4,41,4,0,34.0,36.0,23.0,33.714285714285715,32.06666666666667,34.56,172.8,16.86,189.66,REORDER,67.0
2025-10-11,P006,Water Bottle,Home & Kitchen,123,0,31,92,70,5,Reorder Soon,2025,10,11,5,41,4,1,35.0,38.0,24.0,33.57142857142857,32.0,33.47,167.35,16.79,184.14,REORDER,92.0
2025-10-12,P006,Water Bottle,Home & Kitchen,92,302,41,353,70,5,In Stock,2025,10,12,6,41,4,1,31.0,30.0,25.0,32.57142857142857,32.0,35.1,175.5,16.29,191.79,NO REORDER,0.0
2025-10-13,P006,Water Bottle,Home & Kitchen,353,0,42,311,70,5,In Stock,2025,10,13,0,42,4,0,41.0,33.0,41.0,34.142857142857146,32.0,32.88,164.4,17.07,181.47,NO REORDER,0.0
2025-10-14,P006,Water Bottle,Home & Kitchen,311,0,31,280,70,5,In Stock,2025,10,14,1,42,4,0,42.0,32.0,23.0,35.42857142857143,32.333333333333336,32.7,163.5,17.71,181.21,NO REORDER,0.0
2025-10-15,P006,Water Bottle,Home & Kitchen,280,0,44,236,70,5,In Stock,2025,10,15,2,42,4,0,31.0,33.0,28.0,35.285714285714285,32.2,33.17,165.85,17.64,183.49,NO REORDER,0.0
2025-10-16,P006,Water Bottle,Home & Kitchen,236,0,30,206,70,5,In Stock,2025,10,16,3,42,4,0,44.0,34.0,32.0,36.85714285714285,32.53333333333333,32.62,163.1,18.43,181.53,NO REORDER,0.0
2025-10-17,P006,Water Bottle,Home & Kitchen,206,0,33,173,70,5,In Stock,2025,10,17,4,42,4,0,30.0,35.0,36.0,36.285714285714285,32.5,30.86,154.3,18.14,172.44,NO REORDER,0.0
2025-10-18,P006,Water Bottle,Home & Kitchen,173,0,34,139,70,5,In Stock,2025,10,18,5,42,4,1,33.0,31.0,38.0,36.0,32.266666666666666,32.7,163.5,18.0,181.5,REORDER,42.0
2025-10-19,P006,Water Bottle,Home & Kitchen,139,0,35,104,70,5,Reorder Soon,2025,10,19,6,42,4,1,34.0,41.0,30.0,36.42857142857143,32.36666666666667,31.9,159.5,18.21,177.71,REORDER,74.0
2025-10-20,P006,Water Bottle,Home & Kitchen,104,288,38,354,70,5,In Stock,2025,10,20,0,43,4,0,35.0,42.0,33.0,35.57142857142857,32.46666666666667,32.24,161.2,17.79,178.99,NO REORDER,0.0
2025-10-21,P006,Water Bottle,Home & Kitchen,354,0,32,322,70,5,In Stock,2025,10,21,1,43,4,0,38.0,31.0,32.0,35.0,32.4,32.03,160.15,17.5,177.65,NO REORDER,0.0
2025-10-22,P006,Water Bottle,Home & Kitchen,322,0,27,295,70,5,In Stock,2025,10,22,2,43,4,0,32.0,44.0,33.0,35.142857142857146,32.4,32.19,160.95,17.57,178.52,NO REORDER,0.0
2025-10-23,P006,Water Bottle,Home & Kitchen,295,0,30,265,70,5,In Stock,2025,10,23,3,43,4,0,27.0,30.0,34.0,32.714285714285715,32.43333333333333,33.85,169.25,16.36,185.61,NO REORDER,0.0
2025-10-24,P006,Water Bottle,Home & Kitchen,265,0,32,233,70,5,In Stock,2025,10,24,4,43,4,0,30.0,33.0,35.0,32.714285714285715,32.333333333333336,33.21,166.05,16.36,182.41,NO REORDER,0.0
2025-10-25,P006,Water Bottle,Home & Kitchen,233,0,36,197,70,5,In Stock,2025,10,25,5,43,4,1,32.0,34.0,31.0,32.57142857142857,32.46666666666667,33.26,166.3,16.29,182.59,NO REORDER,0.0
2025-10-26,P006,Water Bottle,Home & Kitchen,197,0,30,167,70,5,In Stock,2025,10,26,6,43,4,1,36.0,35.0,41.0,32.857142857142854,32.766666666666666,33.8,169.0,16.43,185.43,REORDER,18.0
2025-10-27,P006,Water Bottle,Home & Kitchen,167,0,30,137,70,5,In Stock,2025,10,27,0,44,4,0,30.0,38.0,42.0,32.142857142857146,33.0,32.17,160.85,16.07,176.92,REORDER,40.0
2025-10-28,P006,Water Bottle,Home & Kitchen,137,0,34,103,70,5,Reorder Soon,2025,10,28,1,44,4,0,30.0,32.0,31.0,31.0,33.2,32.38,161.9,15.5,177.4,REORDER,74.0
2025-10-29,P006,Water Bottle,Home & Kitchen,103,277,34,346,70,5,In Stock,2025,10,29,2,44,4,0,34.0,27.0,44.0,31.285714285714285,33.5,32.9,164.5,15.64,180.14,NO REORDER,0.0
2025-10-30,P006,Water Bottle,Home & Kitchen,346,0,38,308,70,5,In Stock,2025,10,30,3,44,4,0,34.0,30.0,30.0,32.285714285714285,33.266666666666666,33.55,167.75,16.14,183.89,NO REORDER,0.0
2025-10-31,P006,Water Bottle,Home & Kitchen,308,0,54,254,70,5,In Stock,2025,10,31,4,44,4,0,38.0,32.0,33.0,33.42857142857143,33.766666666666666,35.43,177.15,16.71,193.86,NO REORDER,0.0
2025-11-01,P006,Water Bottle,Home & Kitchen,254,0,37,217,70,5,In Stock,2025,11,1,5,44,4,1,54.0,36.0,34.0,36.57142857142857,34.63333333333333,34.89,174.45,18.29,192.74,NO REORDER,0.0
2025-11-02,P006,Water Bottle,Home & Kitchen,217,0,34,183,70,5,In Stock,2025,11,2,6,44,4,1,37.0,30.0,35.0,36.71428571428572,34.8,35.26,176.3,18.36,194.66,REORDER,12.0
2025-11-03,P006,Water Bottle,Home & Kitchen,183,0,31,152,70,5,In Stock,2025,11,3,0,45,4,0,34.0,30.0,38.0,37.285714285714285,34.733333333333334,32.8,164.0,18.64,182.64,REORDER,31.0
2025-11-04,P006,Water Bottle,Home & Kitchen,152,0,32,120,70,5,In Stock,2025,11,4,1,45,4,0,31.0,34.0,32.0,37.42857142857143,34.5,33.78,168.9,18.71,187.61,REORDER,68.0
2025-11-05,P006,Water Bottle,Home & Kitchen,120,0,33,87,70,5,Reorder Soon,2025,11,5,2,45,4,0,32.0,34.0,27.0,37.142857142857146,34.56666666666667,32.13,160.65,18.57,179.22,REORDER,92.0
2025-11-06,P006,Water Bottle,Home & Kitchen,87,287,27,347,70,5,In Stock,2025,11,6,3,45,4,0,33.0,38.0,30.0,37.0,34.56666666666667,34.22,171.1,18.5,189.6,NO REORDER,0.0
2025-11-07,P006,Water Bottle,Home & Kitchen,347,0,27,320,70,5,In Stock,2025,11,7,4,45,4,0,27.0,54.0,32.0,35.42857142857143,34.4,33.08,165.4,17.71,183.11,NO REORDER,0.0
2025-11-08,P006,Water Bottle,Home & Kitchen,320,0,38,282,70,5,In Stock,2025,11,8,5,45,4,1,27.0,37.0,36.0,31.571428571428573,34.2,33.93,169.65,15.79,185.44,NO REORDER,0.0
2025-11-09,P006,Water Bottle,Home & Kitchen,282,0,33,249,70,5,In Stock,2025,11,9,6,45,4,1,38.0,34.0,30.0,31.714285714285715,34.333333333333336,35.22,176.1,15.86,191.96,NO REORDER,0.0
2025-11-10,P006,Water Bottle,Home & Kitchen,249,0,34,215,70,5,In Stock,2025,11,10,0,46,4,0,33.0,31.0,30.0,31.571428571428573,34.266666666666666,32.54,162.7,15.79,178.49,NO REORDER,0.0
2025-11-11,P006,Water Bottle,Home & Kitchen,215,0,36,179,70,5,In Stock,2025,11,11,1,46,4,0,34.0,32.0,34.0,32.0,34.36666666666667,32.33,161.65,16.0,177.65,NO REORDER,0.0
2025-11-12,P006,Water Bottle,Home & Kitchen,179,0,33,146,70,5,In Stock,2025,11,12,2,46,4,0,36.0,33.0,34.0,32.57142857142857,34.2,33.34,166.7,16.29,182.99,REORDER,37.0
2025-11-13,P006,Water Bottle,Home & Kitchen,146,0,36,110,70,5,In Stock,2025,11,13,3,46,4,0,33.0,27.0,38.0,32.57142857142857,33.9,33.6,168.0,16.29,184.29,REORDER,74.0
2025-11-14,P006,Water Bottle,Home & Kitchen,110,0,33,77,70,5,Reorder Soon,2025,11,14,4,46,4,0,36.0,27.0,54.0,33.857142857142854,34.06666666666667,32.05,160.25,16.93,177.18,REORDER,100.0
2025-11-15,P006,Water Bottle,Home & Kitchen,77,312,35,354,70,5,In Stock,2025,11,15,5,46,4,1,33.0,38.0,37.0,34.714285714285715,33.7,34.44,172.2,17.36,189.56,NO REORDER,0.0
2025-11-16,P006,Water Bottle,Home & Kitchen,354,0,41,313,70,5,In Stock,2025,11,16,6,46,4,1,35.0,33.0,34.0,34.285714285714285,33.86666666666667,33.63,168.15,17.14,185.29,NO REORDER,0.0
2025-11-17,P006,Water Bottle,Home & Kitchen,313,0,32,281,70,5,In Stock,2025,11,17,0,47,4,0,41.0,34.0,31.0,35.42857142857143,34.13333333333333,31.77,158.85,17.71,176.56,NO REORDER,0.0
2025-11-18,P006,Water Bottle,Home & Kitchen,281,0,37,244,70,5,In Stock,2025,11,18,1,47,4,0,32.0,36.0,32.0,35.142857142857146,34.06666666666667,32.65,163.25,17.57,180.82,NO REORDER,0.0
2025-11-19,P006,Water Bottle,Home & Kitchen,244,0,26,218,70,5,In Stock,2025,11,19,2,47,4,0,37.0,33.0,33.0,35.285714285714285,34.13333333333333,32.83,164.15,17.64,181.79,NO REORDER,0.0
2025-11-20,P006,Water Bottle,Home & Kitchen,218,0,34,184,70,5,In Stock,2025,11,20,3,47,4,0,26.0,36.0,27.0,34.285714285714285,33.733333333333334,33.34,166.7,17.14,183.84,NO REORDER,0.0
2025-11-21,P006,Water Bottle,Home & Kitchen,184,0,41,143,70,5,In Stock,2025,11,21,4,47,4,0,34.0,33.0,27.0,34.0,33.8,32.58,162.9,17.0,179.9,REORDER,37.0
2025-11-22,P006,Water Bottle,Home & Kitchen,143,0,47,96,70,5,Reorder Soon,2025,11,22,5,47,4,1,41.0,35.0,38.0,35.142857142857146,34.266666666666666,35.58,177.9,17.57,195.47,REORDER,99.0
2025-11-23,P006,Water Bottle,Home & Kitchen,96,279,27,348,70,5,In Stock,2025,11,23,6,47,4,1,47.0,41.0,33.0,36.85714285714285,34.833333333333336,35.84,179.2,18.43,197.63,NO REORDER,0.0
2025-11-24,P006,Water Bottle,Home & Kitchen,348,0,31,317,70,5,In Stock,2025,11,24,0,48,4,0,27.0,32.0,34.0,34.857142857142854,34.666666666666664,32.78,163.9,17.43,181.33,NO REORDER,0.0
2025-11-25,P006,Water Bottle,Home & Kitchen,317,0,28,289,70,5,In Stock,2025,11,25,1,48,4,0,31.0,37.0,36.0,34.714285714285715,34.5,31.64,158.2,17.36,175.56,NO REORDER,0.0
2025-11-26,P006,Water Bottle,Home & Kitchen,289,0,32,257,70,5,In Stock,2025,11,26,2,48,4,0,28.0,26.0,33.0,33.42857142857143,34.43333333333333,33.96,169.8,16.71,186.51,NO REORDER,0.0
2025-11-27,P006,Water Bottle,Home & Kitchen,257,0,37,220,70,5,In Stock,2025,11,27,3,48,4,0,32.0,34.0,36.0,34.285714285714285,34.5,33.9,169.5,17.14,186.64,NO REORDER,0.0
2025-11-28,P006,Water Bottle,Home & Kitchen,220,0,39,181,70,5,In Stock,2025,11,28,4,48,4,0,37.0,41.0,33.0,34.714285714285715,34.6,34.66,173.3,17.36,190.66,REORDER,10.0
2025-11-29,P006,Water Bottle,Home & Kitchen,181,0,41,140,70,5,In Stock,2025,11,29,5,48,4,1,39.0,47.0,35.0,34.42857142857143,34.766666666666666,34.7,173.5,17.21,190.71,REORDER,51.0
2025-11-30,P006,Water Bottle,Home & Kitchen,140,0,27,113,70,5,In Stock,2025,11,30,6,48,4,1,41.0,27.0,41.0,33.57142857142857,34.86666666666667,37.24,186.2,16.79,202.99,REORDER,90.0
2025-12-01,P006,Water Bottle,Home & Kitchen,113,0,33,80,70,5,Reorder Soon,2025,12,1,0,49,4,0,27.0,31.0,32.0,33.57142857142857,33.96666666666667,32.06,160.3,16.79,177.09,REORDER,97.0
2025-12-02,P006,Water Bottle,Home & Kitchen,80,291,30,341,70,5,In Stock,2025,12,2,1,49,4,0,33.0,28.0,37.0,33.857142857142854,33.833333333333336,30.46,152.3,16.93,169.23,NO REORDER,0.0
2025-12-03,P006,Water Bottle,Home & Kitchen,341,0,32,309,70,5,In Stock,2025,12,3,2,49,4,0,30.0,32.0,26.0,34.142857142857146,33.7,30.68,153.4,17.07,170.47,NO REORDER,0.0
2025-12-04,P006,Water Bottle,Home & Kitchen,309,0,31,278,70,5,In Stock,2025,12,4,3,49,4,0,32.0,37.0,34.0,34.142857142857146,33.733333333333334,32.54,162.7,17.07,179.77,NO REORDER,0.0
2025-12-05,P006,Water Bottle,Home & Kitchen,278,0,26,252,70,5,In Stock,2025,12,5,4,49,4,0,31.0,39.0,41.0,33.285714285714285,33.7,32.03,160.15,16.64,176.79,NO REORDER,0.0
2025-12-06,P006,Water Bottle,Home & Kitchen,252,0,41,211,70,5,In Stock,2025,12,6,5,49,4,1,26.0,41.0,47.0,31.428571428571427,33.46666666666667,33.83,169.15,15.71,184.86,NO REORDER,0.0
2025-12-07,P006,Water Bottle,Home & Kitchen,211,0,48,163,70,5,In Stock,2025,12,7,6,49,4,1,41.0,27.0,27.0,31.428571428571427,33.93333333333333,33.49,167.45,15.71,183.16,REORDER,20.0
2025-12-08,P006,Water Bottle,Home & Kitchen,163,0,41,122,70,5,In Stock,2025,12,8,0,50,4,0,48.0,33.0,31.0,34.42857142857143,34.63333333333333,34.53,172.65,17.21,189.86,REORDER,68.0
2025-12-09,P006,Water Bottle,Home & Kitchen,122,0,33,89,70,5,Reorder Soon,2025,12,9,1,50,4,0,41.0,30.0,28.0,35.57142857142857,34.733333333333334,30.61,153.05,17.79,170.84,REORDER,82.0
2025-12-10,P006,Water Bottle,Home & Kitchen,89,302,45,346,70,5,In Stock,2025,12,10,2,50,4,0,33.0,32.0,32.0,36.0,34.733333333333334,32.33,161.65,18.0,179.65,NO REORDER,0.0
2025-12-11,P006,Water Bottle,Home & Kitchen,346,0,31,315,70,5,In Stock,2025,12,11,3,50,4,0,45.0,31.0,37.0,37.85714285714285,35.1,32.84,164.2,18.93,183.13,NO REORDER,0.0
2025-12-12,P006,Water Bottle,Home & Kitchen,315,0,37,278,70,5,In Stock,2025,12,12,4,50,4,0,31.0,26.0,39.0,37.85714285714285,34.93333333333333,33.15,165.75,18.93,184.68,NO REORDER,0.0
2025-12-13,P006,Water Bottle,Home & Kitchen,278,0,31,247,70,5,In Stock,2025,12,13,5,50,4,1,37.0,41.0,41.0,39.42857142857143,35.06666666666667,32.27,161.35,19.71,181.06,NO REORDER,0.0
2025-12-14,P006,Water Bottle,Home & Kitchen,247,0,36,211,70,5,In Stock,2025,12,14,6,50,4,1,31.0,48.0,27.0,38.0,34.9,32.03,160.15,19.0,179.15,NO REORDER,0.0
2025-12-15,P006,Water Bottle,Home & Kitchen,211,0,33,178,70,5,In Stock,2025,12,15,0,51,4,0,36.0,41.0,33.0,36.285714285714285,35.0,32.76,163.8,18.14,181.94,REORDER,4.0
2025-12-16,P006,Water Bottle,Home & Kitchen,178,0,32,146,70,5,In Stock,2025,12,16,1,51,4,0,33.0,33.0,30.0,35.142857142857146,34.93333333333333,32.65,163.25,17.57,180.82,REORDER,35.0
2025-12-17,P006,Water Bottle,Home & Kitchen,146,0,29,117,70,5,In Stock,2025,12,17,2,51,4,0,32.0,45.0,32.0,35.0,34.63333333333333,32.18,160.9,17.5,178.4,REORDER,61.0
2025-12-18,P006,Water Bottle,Home & Kitchen,117,0,41,76,70,5,Reorder Soon,2025,12,18,3,51,4,0,29.0,31.0,31.0,32.714285714285715,34.53333333333333,33.47,167.35,16.36,183.71,REORDER,108.0
2025-12-19,P006,Water Bottle,Home & Kitchen,76,308,36,348,70,5,In Stock,2025,12,19,4,51,4,0,41.0,37.0,26.0,34.142857142857146,34.666666666666664,32.74,163.7,17.07,180.77,NO REORDER,0.0
2025-12-20,P006,Water Bottle,Home & Kitchen,348,0,35,313,70,5,In Stock,2025,12,20,5,51,4,1,36.0,31.0,41.0,34.0,35.0,34.01,170.05,17.0,187.05,NO REORDER,0.0
2025-12-21,P006,Water Bottle,Home & Kitchen,313,0,28,285,70,5,In Stock,2025,12,21,6,51,4,1,35.0,36.0,48.0,34.57142857142857,35.03333333333333,31.08,155.4,17.29,172.69,NO REORDER,0.0
2025-12-22,P006,Water Bottle,Home & Kitchen,285,0,22,263,70,5,In Stock,2025,12,22,0,52,4,0,28.0,33.0,41.0,33.42857142857143,34.6,33.34,166.7,16.71,183.41,NO REORDER,0.0
2025-12-23,P006,Water Bottle,Home & Kitchen,263,0,35,228,70,5,In Stock,2025,12,23,1,52,4,0,22.0,32.0,33.0,31.857142857142858,33.766666666666666,31.0,155.0,15.93,170.93,NO REORDER,0.0
2025-12-24,P006,Water Bottle,Home & Kitchen,228,0,30,198,70,5,In Stock,2025,12,24,2,52,4,0,35.0,29.0,45.0,32.285714285714285,34.03333333333333,32.65,163.25,16.14,179.39,NO REORDER,0.0
2025-12-25,P006,Water Bottle,Home & Kitchen,198,0,66,132,70,5,In Stock,2025,12,25,3,52,4,0,30.0,41.0,31.0,32.42857142857143,34.0,35.01,175.05,16.21,191.26,REORDER,59.0
2025-12-26,P006,Water Bottle,Home & Kitchen,132,0,38,94,70,5,Reorder Soon,2025,12,26,4,52,4,0,66.0,36.0,37.0,36.0,35.266666666666666,34.82,174.1,18.0,192.1,REORDER,98.0
2025-12-27,P006,Water Bottle,Home & Kitchen,94,298,35,357,70,5,In Stock,2025,12,27,5,52,4,1,38.0,35.0,31.0,36.285714285714285,35.46666666666667,36.53,182.65,18.14,200.79,NO REORDER,0.0
2025-12-28,P006,Water Bottle,Home & Kitchen,357,0,33,324,70,5,In Stock,2025,12,28,6,52,4,1,35.0,28.0,36.0,36.285714285714285,35.4,35.62,178.1,18.14,196.24,NO REORDER,0.0
2025-12-29,P006,Water Bottle,Home & Kitchen,324,0,41,283,70,5,In Stock,2025,12,29,0,1,4,0,33.0,22.0,33.0,37.0,35.2,36.34,181.7,18.5,200.2,NO REORDER,0.0
2025-12-30,P006,Water Bottle,Home & Kitchen,283,0,39,244,70,5,In Stock,2025,12,30,1,1,4,0,41.0,35.0,32.0,39.71428571428572,35.2,33.84,169.2,19.86,189.06,NO REORDER,0.0
2025-12-31,P006,Water Bottle,Home & Kitchen,244,0,41,203,70,5,In Stock,2025,12,31,2,1,4,0,39.0,30.0,29.0,40.285714285714285,35.6,36.3,181.5,20.14,201.64,NO REORDER,0.0
2025-08-13,P007,Storage Box Set,Home & Kitchen,105,0,7,98,35,12,In Stock,2025,8,13,2,33,3,0,12.0,11.0,10.0,11.428571428571429,11.6,11.38,136.56,5.71,142.27,REORDER,44.0
2025-08-14,P007,Storage Box Set,Home & Kitchen,98,0,13,85,35,12,In Stock,2025,8,14,3,33,3,0,7.0,12.0,15.0,10.857142857142858,11.366666666666667,10.94,131.28,5.43,136.71,REORDER,52.0
2025-08-15,P007,Storage Box Set,Home & Kitchen,85,0,13,72,35,12,In Stock,2025,8,15,4,33,3,0,13.0,11.0,10.0,11.0,11.466666666666669,11.42,137.04,5.5,142.54,REORDER,71.0
2025-08-16,P007,Storage Box Set,Home & Kitchen,72,0,13,59,35,12,In Stock,2025,8,16,5,33,3,1,13.0,12.0,14.0,11.285714285714286,11.5,11.42,137.04,5.64,142.68,REORDER,84.0
2025-08-17,P007,Storage Box Set,Home & Kitchen,59,0,7,52,35,12,Reorder Soon,2025,8,17,6,33,3,1,13.0,13.0,11.0,11.428571428571429,11.566666666666666,11.54,138.48,5.71,144.19,REORDER,92.0
2025-08-18,P007,Storage Box Set,Home & Kitchen,52,0,12,40,35,12,Reorder Soon,2025,8,18,0,34,3,0,7.0,9.0,11.0,10.571428571428571,11.3,10.9,130.8,5.29,136.09,REORDER,96.0
2025-08-19,P007,Storage Box Set,Home & Kitchen,40,114,10,144,35,12,In Stock,2025,8,19,1,34,3,0,12.0,12.0,9.0,11.0,11.3,10.94,131.28,5.5,136.78,NO REORDER,0.0
2025-08-20,P007,Storage Box Set,Home & Kitchen,144,0,11,133,35,12,In Stock,2025,8,20,2,34,3,0,10.0,7.0,11.0,10.714285714285714,11.266666666666667,10.99,131.88,5.36,137.24,REORDER,4.0
2025-08-21,P007,Storage Box Set,Home & Kitchen,133,0,12,121,35,12,In Stock,2025,8,21,3,34,3,0,11.0,13.0,12.0,11.285714285714286,11.233333333333333,11.37,136.44,5.64,142.08,REORDER,21.0
2025-08-22,P007,Storage Box Set,Home & Kitchen,121,0,11,110,35,12,In Stock,2025,8,22,4,34,3,0,12.0,13.0,11.0,11.142857142857142,11.233333333333333,11.76,141.12,5.57,146.69,REORDER,37.0
2025-08-23,P007,Storage Box Set,Home & Kitchen,110,0,13,97,35,12,In Stock,2025,8,23,5,34,3,1,11.0,13.0,12.0,10.857142857142858,11.066666666666666,12.3,147.6,5.43,153.03,REORDER,56.0
2025-08-24,P007,Storage Box Set,Home & Kitchen,97,0,11,86,35,12,In Stock,2025,8,24,6,34,3,1,13.0,7.0,13.0,10.857142857142858,11.133333333333333,11.66,139.92,5.43,145.35,REORDER,59.0
2025-08-25,P007,Storage Box Set,Home & Kitchen,86,0,14,72,35,12,In Stock,2025,8,25,0,35,3,0,11.0,12.0,9.0,11.428571428571429,11.2,11.58,138.96,5.71,144.67,REORDER,73.0
2025-08-26,P007,Storage Box Set,Home & Kitchen,72,0,11,61,35,12,In Stock,2025,8,26,1,35,3,0,14.0,10.0,12.0,11.714285714285714,11.3,11.02,132.24,5.86,138.1,REORDER,77.0
2025-08-27,P007,Storage Box Set,Home & Kitchen,61,0,11,50,35,12,Reorder Soon,2025,8,27,2,35,3,0,11.0,11.0,7.0,11.857142857142858,11.266666666666667,11.32,135.84,5.93,141.77,REORDER,92.0
2025-08-28,P007,Storage Box Set,Home & Kitchen,50,0,11,39,35,12,Reorder Soon,2025,8,28,3,35,3,0,11.0,12.0,13.0,11.857142857142858,11.233333333333333,10.83,129.96,5.93,135.89,REORDER,97.0
2025-08-29,P007,Storage Box Set,Home & Kitchen,39,116,11,144,35,12,In Stock,2025,8,29,4,35,3,0,11.0,11.0,13.0,11.714285714285714,11.333333333333334,11.97,143.64,5.86,149.5,REORDER,5.0
2025-08-30,P007,Storage Box Set,Home & Kitchen,144,0,9,135,35,12,In Stock,2025,8,30,5,35,3,1,11.0,13.0,13.0,11.714285714285714,11.366666666666667,11.96,143.52,5.86,149.38,REORDER,14.0
2025-08-31,P007,Storage Box Set,Home & Kitchen,135,0,10,125,35,12,In Stock,2025,8,31,6,35,3,1,9.0,11.0,7.0,11.142857142857142,11.166666666666666,11.8,141.6,5.57,147.17,REORDER,22.0
2025-09-01,P007,Storage Box Set,Home & Kitchen,125,0,15,110,35,12,In Stock,2025,9,1,0,36,3,0,10.0,14.0,12.0,11.0,11.166666666666666,11.69,140.28,5.5,145.78,REORDER,36.0
2025-09-02,P007,Storage Box Set,Home & Kitchen,110,0,12,98,35,12,In Stock,2025,9,2,1,36,3,0,15.0,11.0,10.0,11.142857142857142,11.2,11.07,132.84,5.57,138.41,REORDER,40.0
2025-09-03,P007,Storage Box Set,Home & Kitchen,98,0,14,84,35,12,In Stock,2025,9,3,2,36,3,0,12.0,11.0,11.0,11.285714285714286,11.233333333333333,10.88,130.56,5.64,136.2,REORDER,52.0
2025-09-04,P007,Storage Box Set,Home & Kitchen,84,0,8,76,35,12,In Stock,2025,9,4,3,36,3,0,14.0,11.0,12.0,11.714285714285714,11.333333333333334,10.92,131.04,5.86,136.9,REORDER,61.0
2025-09-05,P007,Storage Box Set,Home & Kitchen,76,0,12,64,35,12,In Stock,2025,9,5,4,36,3,0,8.0,11.0,11.0,11.285714285714286,11.3,11.0,132.0,5.64,137.64,REORDER,74.0
2025-09-06,P007,Storage Box Set,Home & Kitchen,64,0,15,49,35,12,Reorder Soon,2025,9,6,5,36,3,1,12.0,9.0,13.0,11.428571428571429,11.333333333333334,11.34,136.08,5.71,141.79,REORDER,93.0
2025-09-07,P007,Storage Box Set,Home & Kitchen,49,0,12,37,35,12,Reorder Soon,2025,9,7,6,36,3,1,15.0,10.0,11.0,12.285714285714286,11.433333333333334,12.5,150.0,6.14,156.14,REORDER,119.0
2025-09-08,P007,Storage Box Set,Home & Kitchen,37,110,11,136,35,12,In Stock,2025,9,8,0,37,3,0,12.0,15.0,14.0,12.571428571428571,11.466666666666669,12.0,144.0,6.29,150.29,REORDER,14.0
2025-09-09,P007,Storage Box Set,Home & Kitchen,136,0,13,123,35,12,In Stock,2025,9,9,1,37,3,0,11.0,12.0,11.0,12.0,11.433333333333334,11.7,140.4,6.0,146.4,REORDER,23.0
2025-09-10,P007,Storage Box Set,Home & Kitchen,123,0,11,112,35,12,In Stock,2025,9,10,2,37,3,0,13.0,14.0,11.0,12.142857142857142,11.433333333333334,12.18,146.16,6.07,152.23,REORDER,40.0
2025-09-11,P007,Storage Box Set,Home & Kitchen,112,0,11,101,35,12,In Stock,2025,9,11,3,37,3,0,11.0,8.0,11.0,11.714285714285714,11.5,11.5,138.0,5.86,143.86,REORDER,43.0
2025-09-12,P007,Storage Box Set,Home & Kitchen,101,0,8,93,35,12,In Stock,2025,9,12,4,37,3,0,11.0,12.0,11.0,12.142857142857142,11.466666666666669,11.65,139.8,6.07,145.87,REORDER,53.0
2025-09-13,P007,Storage Box Set,Home & Kitchen,93,0,13,80,35,12,In Stock,2025,9,13,5,37,3,1,8.0,15.0,9.0,11.571428571428571,11.5,12.04,144.48,5.79,150.27,REORDER,70.0
2025-09-14,P007,Storage Box Set,Home & Kitchen,80,0,11,69,35,12,In Stock,2025,9,14,6,37,3,1,13.0,12.0,10.0,11.285714285714286,11.5,11.18,134.16,5.64,139.8,REORDER,71.0
2025-09-15,P007,Storage Box Set,Home & Kitchen,69,0,14,55,35,12,In Stock,2025,9,15,0,38,3,0,11.0,11.0,15.0,11.142857142857142,11.433333333333334,11.04,132.48,5.57,138.05,REORDER,83.0
2025-09-16,P007,Storage Box Set,Home & Kitchen,55,0,10,45,35,12,Reorder Soon,2025,9,16,1,38,3,0,14.0,13.0,12.0,11.571428571428571,11.466666666666669,11.26,135.12,5.79,140.91,REORDER,96.0
2025-09-17,P007,Storage Box Set,Home & Kitchen,45,113,13,145,35,12,In Stock,2025,9,17,2,38,3,0,10.0,11.0,14.0,11.142857142857142,11.566666666666666,11.74,140.88,5.57,146.45,REORDER,1.0
2025-09-18,P007,Storage Box Set,Home & Kitchen,145,0,11,134,35,12,In Stock,2025,9,18,3,38,3,0,13.0,11.0,8.0,11.428571428571429,11.6,10.96,131.52,5.71,137.23,REORDER,3.0
2025-09-19,P007,Storage Box Set,Home & Kitchen,134,0,12,122,35,12,In Stock,2025,9,19,4,38,3,0,11.0,8.0,12.0,11.428571428571429,11.633333333333333,11.26,135.12,5.71,140.83,REORDER,19.0
2025-09-20,P007,Storage Box Set,Home & Kitchen,122,0,11,111,35,12,In Stock,2025,9,20,5,38,3,1,12.0,13.0,15.0,12.0,11.666666666666666,11.72,140.64,6.0,146.64,REORDER,36.0
2025-09-21,P007,Storage Box Set,Home & Kitchen,111,0,11,100,35,12,In Stock,2025,9,21,6,38,3,1,11.0,11.0,12.0,11.714285714285714,11.633333333333333,11.93,143.16,5.86,149.02,REORDER,49.0
2025-09-22,P007,Storage Box Set,Home & Kitchen,100,0,8,92,35,12,In Stock,2025,9,22,0,39,3,0,11.0,14.0,11.0,11.714285714285714,11.633333333333333,11.29,135.48,5.86,141.34,REORDER,49.0
2025-09-23,P007,Storage Box Set,Home & Kitchen,92,0,12,80,35,12,In Stock,2025,9,23,1,39,3,0,8.0,10.0,13.0,10.857142857142858,11.466666666666669,11.54,138.48,5.43,143.91,REORDER,64.0
2025-09-24,P007,Storage Box Set,Home & Kitchen,80,0,12,68,35,12,In Stock,2025,9,24,2,39,3,0,12.0,13.0,11.0,11.142857142857142,11.5,11.16,133.92,5.57,139.49,REORDER,71.0
2025-09-25,P007,Storage Box Set,Home & Kitchen,68,0,15,53,35,12,In Stock,2025,9,25,3,39,3,0,12.0,11.0,11.0,11.0,11.433333333333334,11.48,137.76,5.5,143.26,REORDER,90.0
2025-09-26,P007,Storage Box Set,Home & Kitchen,53,0,8,45,35,12,Reorder Soon,2025,9,26,4,39,3,0,15.0,12.0,8.0,11.571428571428571,11.566666666666666,11.23,134.76,5.79,140.55,REORDER,96.0
2025-09-27,P007,Storage Box Set,Home & Kitchen,45,106,10,141,35,12,In Stock,2025,9,27,5,39,3,1,8.0,11.0,13.0,11.0,11.466666666666669,11.93,143.16,5.5,148.66,REORDER,8.0
2025-09-28,P007,Storage Box Set,Home & Kitchen,141,0,12,129,35,12,In Stock,2025,9,28,6,39,3,1,10.0,11.0,11.0,10.857142857142858,11.433333333333334,11.76,141.12,5.43,146.55,REORDER,18.0
2025-09-29,P007,Storage Box Set,Home & Kitchen,129,0,14,115,35,12,In Stock,2025,9,29,0,40,3,0,12.0,8.0,14.0,11.0,11.466666666666669,11.61,139.32,5.5,144.82,REORDER,30.0
2025-09-30,P007,Storage Box Set,Home & Kitchen,115,0,15,100,35,12,In Stock,2025,9,30,1,40,3,0,14.0,12.0,10.0,11.857142857142858,11.633333333333333,12.2,146.4,5.93,152.33,REORDER,52.0
2025-10-01,P007,Storage Box Set,Home & Kitchen,100,0,8,92,35,12,In Stock,2025,10,1,2,40,4,0,15.0,12.0,13.0,12.285714285714286,11.8,11.68,140.16,6.14,146.3,REORDER,54.0
2025-10-02,P007,Storage Box Set,Home & Kitchen,92,0,8,84,35,12,In Stock,2025,10,2,3,40,4,0,8.0,15.0,11.0,11.714285714285714,11.566666666666666,12.38,148.56,5.86,154.42,REORDER,70.0
2025-10-03,P007,Storage Box Set,Home & Kitchen,84,0,12,72,35,12,In Stock,2025,10,3,4,40,4,0,8.0,8.0,12.0,10.714285714285714,11.433333333333334,11.38,136.56,5.36,141.92,REORDER,70.0
2025-10-04,P007,Storage Box Set,Home & Kitchen,72,0,11,61,35,12,In Stock,2025,10,4,5,40,4,1,12.0,10.0,11.0,11.285714285714286,11.366666666666667,11.06,132.72,5.64,138.36,REORDER,77.0
2025-10-05,P007,Storage Box Set,Home & Kitchen,61,0,11,50,35,12,Reorder Soon,2025,10,5,6,40,4,1,11.0,12.0,11.0,11.428571428571429,11.466666666666669,11.89,142.68,5.71,148.39,REORDER,98.0
2025-10-06,P007,Storage Box Set,Home & Kitchen,50,0,11,39,35,12,Reorder Soon,2025,10,6,0,41,4,0,11.0,14.0,8.0,11.285714285714286,11.433333333333334,11.53,138.36,5.64,144.0,REORDER,105.0
2025-10-07,P007,Storage Box Set,Home & Kitchen,39,112,9,142,35,12,In Stock,2025,10,7,1,41,4,0,11.0,15.0,12.0,10.857142857142858,11.3,11.34,136.08,5.43,141.51,NO REORDER,0.0
2025-10-08,P007,Storage Box Set,Home & Kitchen,142,0,12,130,35,12,In Stock,2025,10,8,2,41,4,0,9.0,8.0,12.0,10.0,11.2,11.22,134.64,5.0,139.64,REORDER,10.0
2025-10-09,P007,Storage Box Set,Home & Kitchen,130,0,12,118,35,12,In Stock,2025,10,9,3,41,4,0,12.0,8.0,15.0,10.571428571428571,11.233333333333333,11.24,134.88,5.29,140.17,REORDER,22.0
2025-10-10,P007,Storage Box Set,Home & Kitchen,118,0,7,111,35,12,In Stock,2025,10,10,4,41,4,0,12.0,12.0,8.0,11.142857142857142,11.2,11.25,135.0,5.57,140.57,REORDER,30.0
2025-10-11,P007,Storage Box Set,Home & Kitchen,111,0,9,102,35,12,In Stock,2025,10,11,5,41,4,1,7.0,11.0,10.0,10.428571428571429,11.066666666666666,11.76,141.12,5.21,146.33,REORDER,44.0
2025-10-12,P007,Storage Box Set,Home & Kitchen,102,0,13,89,35,12,In Stock,2025,10,12,6,41,4,1,9.0,11.0,12.0,10.142857142857142,11.0,11.42,137.04,5.07,142.11,REORDER,53.0
2025-10-13,P007,Storage Box Set,Home & Kitchen,89,0,9,80,35,12,In Stock,2025,10,13,0,42,4,0,13.0,11.0,14.0,10.428571428571429,11.166666666666666,11.3,135.6,5.21,140.81,REORDER,61.0
2025-10-14,P007,Storage Box Set,Home & Kitchen,80,0,15,65,35,12,In Stock,2025,10,14,1,42,4,0,9.0,9.0,15.0,10.142857142857142,11.033333333333331,11.02,132.24,5.07,137.31,REORDER,72.0
2025-10-15,P007,Storage Box Set,Home & Kitchen,65,0,11,54,35,12,In Stock,2025,10,15,2,42,4,0,15.0,12.0,8.0,11.0,11.166666666666666,10.58,126.96,5.5,132.46,REORDER,78.0
2025-10-16,P007,Storage Box Set,Home & Kitchen,54,0,11,43,35,12,Reorder Soon,2025,10,16,3,42,4,0,11.0,12.0,8.0,10.857142857142858,11.066666666666666,11.04,132.48,5.43,137.91,REORDER,95.0
2025-10-17,P007,Storage Box Set,Home & Kitchen,43,106,14,135,35,12,In Stock,2025,10,17,4,42,4,0,11.0,7.0,12.0,10.714285714285714,11.1,11.29,135.48,5.36,140.84,REORDER,6.0
2025-10-18,P007,Storage Box Set,Home & Kitchen,135,0,12,123,35,12,In Stock,2025,10,18,5,42,4,1,14.0,9.0,11.0,11.714285714285714,11.133333333333333,11.34,136.08,5.86,141.94,REORDER,19.0
2025-10-19,P007,Storage Box Set,Home & Kitchen,123,0,8,115,35,12,In Stock,2025,10,19,6,42,4,1,12.0,13.0,11.0,12.142857142857142,11.166666666666666,11.25,135.0,6.07,141.07,REORDER,26.0
2025-10-20,P007,Storage Box Set,Home & Kitchen,115,0,14,101,35,12,In Stock,2025,10,20,0,43,4,0,8.0,9.0,11.0,11.428571428571429,11.033333333333331,11.64,139.68,5.71,145.39,REORDER,44.0
2025-10-21,P007,Storage Box Set,Home & Kitchen,101,0,10,91,35,12,In Stock,2025,10,21,1,43,4,0,14.0,15.0,9.0,12.142857142857142,11.133333333333333,10.74,128.88,6.07,134.95,REORDER,44.0
2025-10-22,P007,Storage Box Set,Home & Kitchen,91,0,13,78,35,12,In Stock,2025,10,22,2,43,4,0,10.0,11.0,12.0,11.428571428571429,11.1,11.46,137.52,5.71,143.23,REORDER,65.0
2025-10-23,P007,Storage Box Set,Home & Kitchen,78,0,10,68,35,12,In Stock,2025,10,23,3,43,4,0,13.0,11.0,12.0,11.714285714285714,11.266666666666667,10.74,128.88,5.86,134.74,REORDER,67.0
2025-10-24,P007,Storage Box Set,Home & Kitchen,68,0,9,59,35,12,In Stock,2025,10,24,4,43,4,0,10.0,14.0,7.0,11.571428571428571,11.2,11.3,135.6,5.79,141.39,REORDER,82.0
2025-10-25,P007,Storage Box Set,Home & Kitchen,59,0,12,47,35,12,Reorder Soon,2025,10,25,5,43,4,1,9.0,12.0,9.0,10.857142857142858,11.1,11.18,134.16,5.43,139.59,REORDER,93.0
2025-10-26,P007,Storage Box Set,Home & Kitchen,47,102,13,136,35,12,In Stock,2025,10,26,6,43,4,1,12.0,8.0,13.0,10.857142857142858,11.0,11.98,143.76,5.43,149.19,REORDER,13.0
2025-10-27,P007,Storage Box Set,Home & Kitchen,136,0,13,123,35,12,In Stock,2025,10,27,0,44,4,0,13.0,14.0,9.0,11.571428571428571,11.166666666666666,11.51,138.12,5.79,143.91,REORDER,21.0
2025-10-28,P007,Storage Box Set,Home & Kitchen,123,0,10,113,35,12,In Stock,2025,10,28,1,44,4,0,13.0,10.0,15.0,11.428571428571429,11.266666666666667,11.4,136.8,5.71,142.51,REORDER,30.0
2025-10-29,P007,Storage Box Set,Home & Kitchen,113,0,9,104,35,12,In Stock,2025,10,29,2,44,4,0,10.0,13.0,11.0,11.428571428571429,11.2,11.62,139.44,5.71,145.15,REORDER,41.0
2025-10-30,P007,Storage Box Set,Home & Kitchen,104,0,8,96,35,12,In Stock,2025,10,30,3,44,4,0,9.0,10.0,11.0,10.857142857142858,11.033333333333331,11.77,141.24,5.43,146.67,REORDER,51.0
2025-10-31,P007,Storage Box Set,Home & Kitchen,96,0,15,81,35,12,In Stock,2025,10,31,4,44,4,0,8.0,9.0,14.0,10.571428571428571,10.8,12.54,150.48,5.29,155.77,REORDER,75.0
2025-11-01,P007,Storage Box Set,Home & Kitchen,81,0,9,72,35,12,In Stock,2025,11,1,5,44,4,1,15.0,12.0,12.0,11.428571428571429,11.033333333333331,11.77,141.24,5.71,146.95,REORDER,75.0
2025-11-02,P007,Storage Box Set,Home & Kitchen,72,0,12,60,35,12,In Stock,2025,11,2,6,44,4,1,9.0,13.0,8.0,11.0,11.066666666666666,11.26,135.12,5.5,140.62,REORDER,81.0
2025-11-03,P007,Storage Box Set,Home & Kitchen,60,0,9,51,35,12,Reorder Soon,2025,11,3,0,45,4,0,12.0,13.0,14.0,10.857142857142858,11.066666666666666,11.32,135.84,5.43,141.27,REORDER,90.0
2025-11-04,P007,Storage Box Set,Home & Kitchen,51,0,9,42,35,12,Reorder Soon,2025,11,4,1,45,4,0,9.0,10.0,10.0,10.285714285714286,11.0,10.1,121.2,5.14,126.34,REORDER,84.0
2025-11-05,P007,Storage Box Set,Home & Kitchen,42,115,9,148,35,12,In Stock,2025,11,5,2,45,4,0,9.0,9.0,13.0,10.142857142857142,10.933333333333334,10.96,131.52,5.07,136.59,NO REORDER,0.0
2025-11-06,P007,Storage Box Set,Home & Kitchen,148,0,10,138,35,12,In Stock,2025,11,6,3,45,4,0,9.0,8.0,10.0,10.142857142857142,10.866666666666667,11.71,140.52,5.07,145.59,REORDER,8.0
2025-11-07,P007,Storage Box Set,Home & Kitchen,138,0,11,127,35,12,In Stock,2025,11,7,4,45,4,0,10.0,15.0,9.0,10.428571428571429,10.9,11.16,133.92,5.21,139.13,REORDER,12.0
2025-11-08,P007,Storage Box Set,Home & Kitchen,127,0,11,116,35,12,In Stock,2025,11,8,5,45,4,1,11.0,9.0,12.0,9.857142857142858,10.866666666666667,11.75,141.0,4.93,145.93,REORDER,30.0
2025-11-09,P007,Storage Box Set,Home & Kitchen,116,0,13,103,35,12,In Stock,2025,11,9,6,45,4,1,11.0,12.0,13.0,10.142857142857142,10.833333333333334,11.45,137.4,5.07,142.47,REORDER,39.0
2025-11-10,P007,Storage Box Set,Home & Kitchen,103,0,8,95,35,12,In Stock,2025,11,10,0,46,4,0,13.0,9.0,13.0,10.285714285714286,11.033333333333331,11.24,134.88,5.14,140.02,REORDER,45.0
2025-11-11,P007,Storage Box Set,Home & Kitchen,95,0,12,83,35,12,In Stock,2025,11,11,1,46,4,0,8.0,9.0,10.0,10.142857142857142,11.0,10.98,131.76,5.07,136.83,REORDER,54.0
2025-11-12,P007,Storage Box Set,Home & Kitchen,83,0,13,70,35,12,In Stock,2025,11,12,2,46,4,0,12.0,9.0,9.0,10.571428571428571,10.966666666666669,11.13,133.56,5.29,138.85,REORDER,69.0
2025-11-13,P007,Storage Box Set,Home & Kitchen,70,0,11,59,35,12,In Stock,2025,11,13,3,46,4,0,13.0,10.0,8.0,11.142857142857142,11.1,11.09,133.08,5.57,138.65,REORDER,80.0
2025-11-14,P007,Storage Box Set,Home & Kitchen,59,0,9,50,35,12,Reorder Soon,2025,11,14,4,46,4,0,11.0,11.0,15.0,11.285714285714286,10.966666666666669,11.82,141.84,5.64,147.48,REORDER,97.0
2025-11-15,P007,Storage Box Set,Home & Kitchen,50,0,12,38,35,12,Reorder Soon,2025,11,15,5,46,4,1,9.0,11.0,9.0,11.0,10.9,10.83,129.96,5.5,135.46,REORDER,97.0
2025-11-16,P007,Storage Box Set,Home & Kitchen,38,115,11,142,35,12,In Stock,2025,11,16,6,46,4,1,12.0,13.0,12.0,11.142857142857142,10.933333333333334,11.58,138.96,5.57,144.53,REORDER,3.0
2025-11-17,P007,Storage Box Set,Home & Kitchen,142,0,11,131,35,12,In Stock,2025,11,17,0,47,4,0,11.0,8.0,9.0,10.857142857142858,10.833333333333334,10.7,128.4,5.43,133.83,REORDER,3.0
2025-11-18,P007,Storage Box Set,Home & Kitchen,131,0,12,119,35,12,In Stock,2025,11,18,1,47,4,0,11.0,12.0,9.0,11.285714285714286,10.8,11.12,133.44,5.64,139.08,REORDER,20.0
2025-11-19,P007,Storage Box Set,Home & Kitchen,119,0,16,103,35,12,In Stock,2025,11,19,2,47,4,0,12.0,13.0,9.0,11.285714285714286,10.933333333333334,11.78,141.36,5.64,147.0,REORDER,44.0
2025-11-20,P007,Storage Box Set,Home & Kitchen,103,0,10,93,35,12,In Stock,2025,11,20,3,47,4,0,16.0,11.0,10.0,11.714285714285714,11.0,10.88,130.56,5.86,136.42,REORDER,43.0
2025-11-21,P007,Storage Box Set,Home & Kitchen,93,0,11,82,35,12,In Stock,2025,11,21,4,47,4,0,10.0,9.0,11.0,11.571428571428571,11.0,11.68,140.16,5.79,145.95,REORDER,64.0
2025-11-22,P007,Storage Box Set,Home & Kitchen,82,0,10,72,35,12,In Stock,2025,11,22,5,47,4,1,11.0,12.0,11.0,11.857142857142858,10.933333333333334,11.12,133.44,5.93,139.37,REORDER,67.0
2025-11-23,P007,Storage Box Set,Home & Kitchen,72,0,13,59,35,12,In Stock,2025,11,23,6,47,4,1,10.0,11.0,13.0,11.571428571428571,10.933333333333334,11.64,139.68,5.79,145.47,REORDER,86.0
2025-11-24,P007,Storage Box Set,Home & Kitchen,59,0,11,48,35,12,Reorder Soon,2025,11,24,0,48,4,0,13.0,11.0,8.0,11.857142857142858,11.066666666666666,11.02,132.24,5.93,138.17,REORDER,90.0
2025-11-25,P007,Storage Box Set,Home & Kitchen,48,97,13,132,35,12,In Stock,2025,11,25,1,48,4,0,11.0,12.0,12.0,11.857142857142858,11.033333333333331,11.34,136.08,5.93,142.01,REORDER,10.0
2025-11-26,P007,Storage Box Set,Home & Kitchen,132,0,11,121,35,12,In Stock,2025,11,26,2,48,4,0,13.0,16.0,13.0,12.0,11.033333333333331,11.66,139.92,6.0,145.92,REORDER,25.0
2025-11-27,P007,Storage Box Set,Home & Kitchen,121,0,9,112,35,12,In Stock,2025,11,27,3,48,4,0,11.0,10.0,11.0,11.285714285714286,10.966666666666669,11.96,143.52,5.64,149.16,REORDER,37.0
2025-11-28,P007,Storage Box Set,Home & Kitchen,112,0,11,101,35,12,In Stock,2025,11,28,4,48,4,0,9.0,11.0,9.0,11.142857142857142,10.933333333333334,11.66,139.92,5.57,145.49,REORDER,44.0
2025-11-29,P007,Storage Box Set,Home & Kitchen,101,0,13,88,35,12,In Stock,2025,11,29,5,48,4,1,11.0,10.0,12.0,11.142857142857142,11.0,11.71,140.52,5.57,146.09,REORDER,58.0
2025-11-30,P007,Storage Box Set,Home & Kitchen,88,0,10,78,35,12,In Stock,2025,11,30,6,48,4,1,13.0,13.0,11.0,11.571428571428571,11.166666666666666,11.0,132.0,5.79,137.79,REORDER,60.0
2025-12-01,P007,Storage Box Set,Home & Kitchen,78,0,10,68,35,12,In Stock,2025,12,1,0,49,4,0,10.0,11.0,11.0,11.142857142857142,11.0,11.45,137.4,5.57,142.97,REORDER,75.0
2025-12-02,P007,Storage Box Set,Home & Kitchen,68,0,11,57,35,12,In Stock,2025,12,2,1,49,4,0,10.0,13.0,12.0,11.0,11.033333333333331,11.55,138.6,5.5,144.1,REORDER,87.0
2025-12-03,P007,Storage Box Set,Home & Kitchen,57,0,15,42,35,12,Reorder Soon,2025,12,3,2,49,4,0,11.0,11.0,16.0,10.714285714285714,11.0,10.96,131.52,5.36,136.88,REORDER,95.0
2025-12-04,P007,Storage Box Set,Home & Kitchen,42,109,10,141,35,12,In Stock,2025,12,4,3,49,4,0,15.0,9.0,10.0,11.285714285714286,11.2,11.93,143.16,5.64,148.8,REORDER,8.0
2025-12-05,P007,Storage Box Set,Home & Kitchen,141,0,13,128,35,12,In Stock,2025,12,5,4,49,4,0,10.0,11.0,11.0,11.428571428571429,11.233333333333333,11.38,136.56,5.71,142.27,REORDER,14.0
2025-12-06,P007,Storage Box Set,Home & Kitchen,128,0,11,117,35,12,In Stock,2025,12,6,5,49,4,1,13.0,13.0,10.0,11.714285714285714,11.366666666666667,11.71,140.52,5.86,146.38,REORDER,29.0
2025-12-07,P007,Storage Box Set,Home & Kitchen,117,0,12,105,35,12,In Stock,2025,12,7,6,49,4,1,11.0,10.0,13.0,11.428571428571429,11.4,11.96,143.52,5.71,149.23,REORDER,44.0
2025-12-08,P007,Storage Box Set,Home & Kitchen,105,0,10,95,35,12,In Stock,2025,12,8,0,50,4,0,12.0,10.0,11.0,11.714285714285714,11.433333333333334,11.38,136.56,5.86,142.42,REORDER,47.0
2025-12-09,P007,Storage Box Set,Home & Kitchen,95,0,13,82,35,12,In Stock,2025,12,9,1,50,4,0,10.0,11.0,13.0,11.714285714285714,11.4,11.19,134.28,5.86,140.14,REORDER,58.0
2025-12-10,P007,Storage Box Set,Home & Kitchen,82,0,9,73,35,12,In Stock,2025,12,10,2,50,4,0,13.0,15.0,11.0,12.0,11.4,11.05,132.6,6.0,138.6,REORDER,66.0
2025-12-11,P007,Storage Box Set,Home & Kitchen,73,0,12,61,35,12,In Stock,2025,12,11,3,50,4,0,9.0,10.0,9.0,11.142857142857142,11.433333333333334,12.08,144.96,5.57,150.53,REORDER,90.0
2025-12-12,P007,Storage Box Set,Home & Kitchen,61,0,11,50,35,12,Reorder Soon,2025,12,12,4,50,4,0,12.0,13.0,11.0,11.428571428571429,11.433333333333334,11.94,143.28,5.71,148.99,REORDER,99.0
2025-12-13,P007,Storage Box Set,Home & Kitchen,50,0,11,39,35,12,Reorder Soon,2025,12,13,5,50,4,1,11.0,11.0,13.0,11.142857142857142,11.366666666666667,11.4,136.8,5.57,142.37,REORDER,103.0
2025-12-14,P007,Storage Box Set,Home & Kitchen,39,114,11,142,35,12,In Stock,2025,12,14,6,50,4,1,11.0,12.0,10.0,11.142857142857142,11.366666666666667,12.04,144.48,5.57,150.05,REORDER,8.0
2025-12-15,P007,Storage Box Set,Home & Kitchen,142,0,7,135,35,12,In Stock,2025,12,15,0,51,4,0,11.0,10.0,10.0,11.0,11.433333333333334,11.76,141.12,5.5,146.62,REORDER,12.0
2025-12-16,P007,Storage Box Set,Home & Kitchen,135,0,12,123,35,12,In Stock,2025,12,16,1,51,4,0,7.0,13.0,11.0,10.571428571428571,11.266666666666667,11.88,142.56,5.29,147.85,REORDER,25.0
2025-12-17,P007,Storage Box Set,Home & Kitchen,123,0,10,113,35,12,In Stock,2025,12,17,2,51,4,0,12.0,9.0,15.0,10.428571428571429,11.3,12.38,148.56,5.21,153.77,REORDER,41.0
2025-12-18,P007,Storage Box Set,Home & Kitchen,113,0,9,104,35,12,In Stock,2025,12,18,3,51,4,0,10.0,12.0,10.0,10.571428571428571,11.266666666666667,11.78,141.36,5.29,146.65,REORDER,43.0
2025-12-19,P007,Storage Box Set,Home & Kitchen,104,0,13,91,35,12,In Stock,2025,12,19,4,51,4,0,9.0,11.0,13.0,10.142857142857142,11.166666666666666,11.93,143.16,5.07,148.23,REORDER,57.0
2025-12-20,P007,Storage Box Set,Home & Kitchen,91,0,21,70,35,12,In Stock,2025,12,20,5,51,4,1,13.0,11.0,11.0,10.428571428571429,11.066666666666666,12.04,144.48,5.21,149.69,REORDER,80.0
2025-12-21,P007,Storage Box Set,Home & Kitchen,70,0,11,59,35,12,In Stock,2025,12,21,6,51,4,1,21.0,11.0,12.0,11.857142857142858,11.433333333333334,11.64,139.68,5.93,145.61,REORDER,87.0
2025-12-22,P007,Storage Box Set,Home & Kitchen,59,0,11,48,35,12,Reorder Soon,2025,12,22,0,52,4,0,11.0,7.0,10.0,11.857142857142858,11.433333333333334,11.85,142.2,5.93,148.13,REORDER,100.0
2025-12-23,P007,Storage Box Set,Home & Kitchen,48,0,9,39,35,12,Reorder Soon,2025,12,23,1,52,4,0,11.0,12.0,13.0,12.428571428571429,11.466666666666669,11.61,139.32,6.21,145.53,REORDER,107.0
2025-12-24,P007,Storage Box Set,Home & Kitchen,39,118,11,146,35,12,In Stock,2025,12,24,2,52,4,0,9.0,10.0,9.0,12.0,11.333333333333334,11.71,140.52,6.0,146.52,REORDER,1.0
2025-12-25,P007,Storage Box Set,Home & Kitchen,146,0,17,129,35,12,In Stock,2025,12,25,3,52,4,0,11.0,9.0,12.0,12.142857142857142,11.333333333333334,11.54,138.48,6.07,144.55,REORDER,16.0
2025-12-26,P007,Storage Box Set,Home & Kitchen,129,0,11,118,35,12,In Stock,2025,12,26,4,52,4,0,17.0,13.0,11.0,13.285714285714286,11.466666666666669,12.08,144.96,6.64,151.6,REORDER,34.0
2025-12-27,P007,Storage Box Set,Home & Kitchen,118,0,12,106,35,12,In Stock,2025,12,27,5,52,4,1,11.0,21.0,11.0,13.0,11.466666666666669,12.73,152.76,6.5,159.26,REORDER,53.0
2025-12-28,P007,Storage Box Set,Home & Kitchen,106,0,22,84,35,12,In Stock,2025,12,28,6,52,4,1,12.0,11.0,11.0,11.714285714285714,11.566666666666666,12.49,149.88,5.86,155.74,REORDER,72.0
2025-12-29,P007,Storage Box Set,Home & Kitchen,84,0,9,75,35,12,In Stock,2025,12,29,0,1,4,0,22.0,11.0,7.0,13.285714285714286,11.933333333333334,11.6,139.2,6.64,145.84,REORDER,71.0
2025-12-30,P007,Storage Box Set,Home & Kitchen,75,0,11,64,35,12,In Stock,2025,12,30,1,1,4,0,9.0,9.0,12.0,13.0,11.8,11.28,135.36,6.5,141.86,REORDER,78.0
2025-12-31,P007,Storage Box Set,Home & Kitchen,64,0,11,53,35,12,In Stock,2025,12,31,2,1,4,0,11.0,11.0,10.0,13.285714285714286,11.833333333333334,11.5,138.0,6.64,144.64,REORDER,92.0
2025-08-13,P008,Coffee Mug,Home & Kitchen,208,0,21,187,55,6,In Stock,2025,8,13,2,33,3,0,23.0,19.0,13.0,20.0,20.566666666666663,20.08,120.48,10.0,130.48,NO REORDER,0.0
2025-08-14,P008,Coffee Mug,Home & Kitchen,187,0,21,166,55,6,In Stock,2025,8,14,3,33,3,0,21.0,16.0,23.0,20.285714285714285,20.6,20.81,124.86,10.14,135.0,NO REORDER,0.0
2025-08-15,P008,Coffee Mug,Home & Kitchen,166,0,25,141,55,6,In Stock,2025,8,15,4,33,3,0,21.0,17.0,25.0,21.0,20.6,19.91,119.46,10.5,129.96,NO REORDER,0.0
2025-08-16,P008,Coffee Mug,Home & Kitchen,141,0,23,118,55,6,In Stock,2025,8,16,5,33,3,1,25.0,23.0,25.0,22.142857142857142,20.8,22.42,134.52,11.07,145.59,REORDER,28.0
2025-08-17,P008,Coffee Mug,Home & Kitchen,118,0,24,94,55,6,In Stock,2025,8,17,6,33,3,1,23.0,21.0,25.0,22.142857142857142,20.933333333333334,22.1,132.6,11.07,143.67,REORDER,50.0
2025-08-18,P008,Coffee Mug,Home & Kitchen,94,0,17,77,55,6,Reorder Soon,2025,8,18,0,34,3,0,24.0,21.0,17.0,22.571428571428573,20.866666666666667,20.2,121.2,11.29,132.49,REORDER,55.0
2025-08-19,P008,Coffee Mug,Home & Kitchen,77,218,23,272,55,6,In Stock,2025,8,19,1,34,3,0,17.0,23.0,17.0,22.0,20.53333333333333,19.47,116.82,11.0,127.82,NO REORDER,0.0
2025-08-20,P008,Coffee Mug,Home & Kitchen,272,0,17,255,55,6,In Stock,2025,8,20,2,34,3,0,23.0,21.0,19.0,22.0,20.466666666666665,19.93,119.58,11.0,130.58,NO REORDER,0.0
2025-08-21,P008,Coffee Mug,Home & Kitchen,255,0,25,230,55,6,In Stock,2025,8,21,3,34,3,0,17.0,21.0,16.0,21.428571428571427,20.433333333333334,19.68,118.08,10.71,128.79,NO REORDER,0.0
2025-08-22,P008,Coffee Mug,Home & Kitchen,230,0,17,213,55,6,In Stock,2025,8,22,4,34,3,0,25.0,25.0,17.0,22.0,20.8,19.81,118.86,11.0,129.86,NO REORDER,0.0
2025-08-23,P008,Coffee Mug,Home & Kitchen,213,0,18,195,55,6,In Stock,2025,8,23,5,34,3,1,17.0,23.0,23.0,20.857142857142858,20.633333333333333,23.0,138.0,10.43,148.43,NO REORDER,0.0
2025-08-24,P008,Coffee Mug,Home & Kitchen,195,0,25,170,55,6,In Stock,2025,8,24,6,34,3,1,18.0,24.0,21.0,20.142857142857142,20.566666666666663,24.59,147.54,10.07,157.61,NO REORDER,0.0
2025-08-25,P008,Coffee Mug,Home & Kitchen,170,0,22,148,55,6,In Stock,2025,8,25,0,35,3,0,25.0,17.0,21.0,20.285714285714285,20.766666666666666,19.05,114.3,10.14,124.44,NO REORDER,0.0
2025-08-26,P008,Coffee Mug,Home & Kitchen,148,0,22,126,55,6,In Stock,2025,8,26,1,35,3,0,22.0,23.0,23.0,21.0,20.73333333333333,19.91,119.46,10.5,129.96,REORDER,4.0
2025-08-27,P008,Coffee Mug,Home & Kitchen,126,0,21,105,55,6,In Stock,2025,8,27,2,35,3,0,22.0,17.0,21.0,20.857142857142858,20.83333333333333,19.97,119.82,10.43,130.25,REORDER,25.0
2025-08-28,P008,Coffee Mug,Home & Kitchen,105,0,24,81,55,6,Reorder Soon,2025,8,28,3,35,3,0,21.0,25.0,21.0,21.428571428571427,20.966666666666665,19.58,117.48,10.71,128.19,REORDER,47.0
2025-08-29,P008,Coffee Mug,Home & Kitchen,81,0,24,57,55,6,Reorder Soon,2025,8,29,4,35,3,0,24.0,17.0,25.0,21.285714285714285,21.0,19.48,116.88,10.64,127.52,REORDER,71.0
2025-08-30,P008,Coffee Mug,Home & Kitchen,57,247,23,281,55,6,In Stock,2025,8,30,5,35,3,1,24.0,18.0,23.0,22.285714285714285,21.366666666666667,23.57,141.42,11.14,152.56,NO REORDER,0.0
2025-08-31,P008,Coffee Mug,Home & Kitchen,281,0,26,255,55,6,In Stock,2025,8,31,6,35,3,1,23.0,25.0,24.0,23.0,21.366666666666667,23.13,138.78,11.5,150.28,NO REORDER,0.0
2025-09-01,P008,Coffee Mug,Home & Kitchen,255,0,13,242,55,6,In Stock,2025,9,1,0,36,3,0,26.0,22.0,17.0,23.142857142857142,21.4,19.86,119.16,11.57,130.73,NO REORDER,0.0
2025-09-02,P008,Coffee Mug,Home & Kitchen,242,0,24,218,55,6,In Stock,2025,9,2,1,36,3,0,13.0,22.0,23.0,21.857142857142858,21.0,21.86,131.16,10.93,142.09,NO REORDER,0.0
2025-09-03,P008,Coffee Mug,Home & Kitchen,218,0,23,195,55,6,In Stock,2025,9,3,2,36,3,0,24.0,21.0,17.0,22.142857142857142,20.966666666666665,19.36,116.16,11.07,127.23,NO REORDER,0.0
2025-09-04,P008,Coffee Mug,Home & Kitchen,195,0,18,177,55,6,In Stock,2025,9,4,3,36,3,0,23.0,24.0,25.0,22.428571428571427,21.166666666666668,19.64,117.84,11.21,129.05,NO REORDER,0.0
2025-09-05,P008,Coffee Mug,Home & Kitchen,177,0,18,159,55,6,In Stock,2025,9,5,4,36,3,0,18.0,24.0,17.0,21.571428571428573,21.2,19.02,114.12,10.79,124.91,NO REORDER,0.0
2025-09-06,P008,Coffee Mug,Home & Kitchen,159,0,20,139,55,6,In Stock,2025,9,6,5,36,3,1,18.0,23.0,18.0,20.714285714285715,21.166666666666668,23.27,139.62,10.36,149.98,REORDER,11.0
2025-09-07,P008,Coffee Mug,Home & Kitchen,139,0,19,120,55,6,In Stock,2025,9,7,6,36,3,1,20.0,26.0,25.0,20.285714285714285,21.3,23.64,141.84,10.14,151.98,REORDER,32.0
2025-09-08,P008,Coffee Mug,Home & Kitchen,120,0,19,101,55,6,In Stock,2025,9,8,0,37,3,0,19.0,13.0,22.0,19.285714285714285,21.366666666666667,18.56,111.36,9.64,121.0,REORDER,20.0
2025-09-09,P008,Coffee Mug,Home & Kitchen,101,0,25,76,55,6,Reorder Soon,2025,9,9,1,37,3,0,19.0,24.0,22.0,20.142857142857142,21.23333333333333,19.7,118.2,10.07,128.27,REORDER,52.0
2025-09-10,P008,Coffee Mug,Home & Kitchen,76,0,17,59,55,6,Reorder Soon,2025,9,10,2,37,3,0,25.0,23.0,21.0,20.285714285714285,21.366666666666667,18.7,112.2,10.14,122.34,REORDER,63.0
2025-09-11,P008,Coffee Mug,Home & Kitchen,59,248,24,283,55,6,In Stock,2025,9,11,3,37,3,0,17.0,18.0,24.0,19.428571428571427,21.23333333333333,21.28,127.68,9.71,137.39,NO REORDER,0.0
2025-09-12,P008,Coffee Mug,Home & Kitchen,283,0,15,268,55,6,In Stock,2025,9,12,4,37,3,0,24.0,18.0,24.0,20.285714285714285,21.266666666666666,18.72,112.32,10.14,122.46,NO REORDER,0.0
2025-09-13,P008,Coffee Mug,Home & Kitchen,268,0,19,249,55,6,In Stock,2025,9,13,5,37,3,1,15.0,20.0,23.0,19.857142857142858,21.066666666666663,22.54,135.24,9.93,145.17,NO REORDER,0.0
2025-09-14,P008,Coffee Mug,Home & Kitchen,249,0,15,234,55,6,In Stock,2025,9,14,6,37,3,1,19.0,19.0,26.0,19.714285714285715,21.0,22.52,135.12,9.86,144.98,NO REORDER,0.0
2025-09-15,P008,Coffee Mug,Home & Kitchen,234,0,17,217,55,6,In Stock,2025,9,15,0,38,3,0,15.0,19.0,13.0,19.142857142857142,20.666666666666668,19.73,118.38,9.57,127.95,NO REORDER,0.0
2025-09-16,P008,Coffee Mug,Home & Kitchen,217,0,25,192,55,6,In Stock,2025,9,16,1,38,3,0,17.0,25.0,24.0,18.857142857142858,20.466666666666665,19.44,116.64,9.43,126.07,NO REORDER,0.0
2025-09-17,P008,Coffee Mug,Home & Kitchen,192,0,19,173,55,6,In Stock,2025,9,17,2,38,3,0,25.0,17.0,23.0,18.857142857142858,20.5,20.18,121.08,9.43,130.51,NO REORDER,0.0
2025-09-18,P008,Coffee Mug,Home & Kitchen,173,0,19,154,55,6,In Stock,2025,9,18,3,38,3,0,19.0,24.0,18.0,19.142857142857142,20.566666666666663,19.66,117.96,9.57,127.53,NO REORDER,0.0
2025-09-19,P008,Coffee Mug,Home & Kitchen,154,0,21,133,55,6,In Stock,2025,9,19,4,38,3,0,19.0,15.0,18.0,18.428571428571427,20.433333333333334,19.43,116.58,9.21,125.79,NO REORDER,0.0
2025-09-20,P008,Coffee Mug,Home & Kitchen,133,0,33,100,55,6,In Stock,2025,9,20,5,38,3,1,21.0,19.0,20.0,19.285714285714285,20.566666666666663,23.29,139.74,9.64,149.38,REORDER,49.0
2025-09-21,P008,Coffee Mug,Home & Kitchen,100,0,19,81,55,6,Reorder Soon,2025,9,21,6,38,3,1,33.0,15.0,19.0,21.285714285714285,20.83333333333333,23.6,141.6,10.64,152.24,REORDER,71.0
2025-09-22,P008,Coffee Mug,Home & Kitchen,81,0,17,64,55,6,Reorder Soon,2025,9,22,0,39,3,0,19.0,17.0,19.0,21.857142857142858,20.9,18.52,111.12,10.93,122.05,REORDER,58.0
2025-09-23,P008,Coffee Mug,Home & Kitchen,64,236,16,284,55,6,In Stock,2025,9,23,1,39,3,0,17.0,25.0,25.0,21.857142857142858,20.866666666666667,20.21,121.26,10.93,132.19,NO REORDER,0.0
2025-09-24,P008,Coffee Mug,Home & Kitchen,284,0,21,263,55,6,In Stock,2025,9,24,2,39,3,0,16.0,19.0,17.0,20.571428571428573,20.566666666666663,19.78,118.68,10.29,128.97,NO REORDER,0.0
2025-09-25,P008,Coffee Mug,Home & Kitchen,263,0,22,241,55,6,In Stock,2025,9,25,3,39,3,0,21.0,19.0,24.0,20.857142857142858,20.53333333333333,20.54,123.24,10.43,133.67,NO REORDER,0.0
2025-09-26,P008,Coffee Mug,Home & Kitchen,241,0,21,220,55,6,In Stock,2025,9,26,4,39,3,0,22.0,21.0,15.0,21.285714285714285,20.53333333333333,19.92,119.52,10.64,130.16,NO REORDER,0.0
2025-09-27,P008,Coffee Mug,Home & Kitchen,220,0,21,199,55,6,In Stock,2025,9,27,5,39,3,1,21.0,33.0,19.0,21.285714285714285,20.53333333333333,24.0,144.0,10.64,154.64,NO REORDER,0.0
2025-09-28,P008,Coffee Mug,Home & Kitchen,199,0,27,172,55,6,In Stock,2025,9,28,6,39,3,1,21.0,19.0,15.0,19.571428571428573,20.433333333333334,24.96,149.76,9.79,159.55,NO REORDER,0.0
2025-09-29,P008,Coffee Mug,Home & Kitchen,172,0,20,152,55,6,In Stock,2025,9,29,0,40,3,0,27.0,17.0,17.0,20.714285714285715,20.53333333333333,19.12,114.72,10.36,125.08,NO REORDER,0.0
2025-09-30,P008,Coffee Mug,Home & Kitchen,152,0,20,132,55,6,In Stock,2025,9,30,1,40,3,0,20.0,16.0,25.0,21.142857142857142,20.433333333333334,19.53,117.18,10.57,127.75,NO REORDER,0.0
2025-10-01,P008,Coffee Mug,Home & Kitchen,132,0,22,110,55,6,In Stock,2025,10,1,2,40,4,0,20.0,21.0,19.0,21.714285714285715,20.23333333333333,21.13,126.78,10.86,137.64,REORDER,28.0
2025-10-02,P008,Coffee Mug,Home & Kitchen,110,0,17,93,55,6,In Stock,2025,10,2,3,40,4,0,22.0,22.0,19.0,21.857142857142858,20.53333333333333,19.91,119.46,10.93,130.39,REORDER,37.0
2025-10-03,P008,Coffee Mug,Home & Kitchen,93,0,23,70,55,6,Reorder Soon,2025,10,3,4,40,4,0,17.0,21.0,21.0,21.142857142857142,20.3,20.66,123.96,10.57,134.53,REORDER,65.0
2025-10-04,P008,Coffee Mug,Home & Kitchen,70,234,26,278,55,6,In Stock,2025,10,4,5,40,4,1,23.0,21.0,33.0,21.428571428571427,20.3,21.9,131.4,10.71,142.11,NO REORDER,0.0
2025-10-05,P008,Coffee Mug,Home & Kitchen,278,0,26,252,55,6,In Stock,2025,10,5,6,40,4,1,26.0,27.0,19.0,22.142857142857142,20.566666666666663,23.09,138.54,11.07,149.61,NO REORDER,0.0
2025-10-06,P008,Coffee Mug,Home & Kitchen,252,0,24,228,55,6,In Stock,2025,10,6,0,41,4,0,26.0,20.0,17.0,22.0,20.83333333333333,18.6,111.6,11.0,122.6,NO REORDER,0.0
2025-10-07,P008,Coffee Mug,Home & Kitchen,228,0,21,207,55,6,In Stock,2025,10,7,1,41,4,0,24.0,20.0,16.0,22.571428571428573,20.966666666666665,19.7,118.2,11.29,129.49,NO REORDER,0.0
2025-10-08,P008,Coffee Mug,Home & Kitchen,207,0,20,187,55,6,In Stock,2025,10,8,2,41,4,0,21.0,22.0,21.0,22.714285714285715,21.03333333333333,19.36,116.16,11.36,127.52,NO REORDER,0.0
2025-10-09,P008,Coffee Mug,Home & Kitchen,187,0,21,166,55,6,In Stock,2025,10,9,3,41,4,0,20.0,17.0,22.0,22.428571428571427,21.066666666666663,19.08,114.48,11.21,125.69,NO REORDER,0.0
2025-10-10,P008,Coffee Mug,Home & Kitchen,166,0,20,146,55,6,In Stock,2025,10,10,4,41,4,0,21.0,23.0,21.0,23.0,20.933333333333334,19.12,114.72,11.5,126.22,NO REORDER,0.0
2025-10-11,P008,Coffee Mug,Home & Kitchen,146,0,26,120,55,6,In Stock,2025,10,11,5,41,4,1,20.0,26.0,21.0,22.571428571428573,21.03333333333333,22.62,135.72,11.29,147.01,REORDER,27.0
2025-10-12,P008,Coffee Mug,Home & Kitchen,120,0,27,93,55,6,In Stock,2025,10,12,6,41,4,1,26.0,26.0,27.0,22.571428571428573,21.1,22.1,132.6,11.29,143.89,REORDER,51.0
2025-10-13,P008,Coffee Mug,Home & Kitchen,93,0,24,69,55,6,Reorder Soon,2025,10,13,0,42,4,0,27.0,24.0,20.0,22.714285714285715,21.5,20.43,122.58,11.36,133.94,REORDER,65.0
2025-10-14,P008,Coffee Mug,Home & Kitchen,69,217,18,268,55,6,In Stock,2025,10,14,1,42,4,0,24.0,21.0,20.0,22.714285714285715,21.666666666666668,18.77,112.62,11.36,123.98,NO REORDER,0.0
2025-10-15,P008,Coffee Mug,Home & Kitchen,268,0,21,247,55,6,In Stock,2025,10,15,2,42,4,0,18.0,20.0,22.0,22.285714285714285,21.766666666666666,20.4,122.4,11.14,133.54,NO REORDER,0.0
2025-10-16,P008,Coffee Mug,Home & Kitchen,247,0,24,223,55,6,In Stock,2025,10,16,3,42,4,0,21.0,21.0,17.0,22.428571428571427,21.9,19.2,115.2,11.21,126.41,NO REORDER,0.0
2025-10-17,P008,Coffee Mug,Home & Kitchen,223,0,17,206,55,6,In Stock,2025,10,17,4,42,4,0,24.0,20.0,23.0,22.857142857142858,21.866666666666667,19.68,118.08,11.43,129.51,NO REORDER,0.0
2025-10-18,P008,Coffee Mug,Home & Kitchen,206,0,23,183,55,6,In Stock,2025,10,18,5,42,4,1,17.0,26.0,26.0,22.428571428571427,21.8,23.2,139.2,11.21,150.41,NO REORDER,0.0
2025-10-19,P008,Coffee Mug,Home & Kitchen,183,0,20,163,55,6,In Stock,2025,10,19,6,42,4,1,23.0,27.0,26.0,22.0,21.933333333333334,23.72,142.32,11.0,153.32,NO REORDER,0.0
2025-10-20,P008,Coffee Mug,Home & Kitchen,163,0,26,137,55,6,In Stock,2025,10,20,0,43,4,0,20.0,24.0,24.0,21.0,21.9,20.16,120.96,10.5,131.46,NO REORDER,0.0
2025-10-21,P008,Coffee Mug,Home & Kitchen,137,0,24,113,55,6,In Stock,2025,10,21,1,43,4,0,26.0,18.0,21.0,21.285714285714285,21.666666666666668,19.88,119.28,10.64,129.92,REORDER,17.0
2025-10-22,P008,Coffee Mug,Home & Kitchen,113,0,22,91,55,6,In Stock,2025,10,22,2,43,4,0,24.0,21.0,20.0,22.142857142857142,21.83333333333333,20.31,121.86,11.07,132.93,REORDER,42.0
2025-10-23,P008,Coffee Mug,Home & Kitchen,91,0,22,69,55,6,Reorder Soon,2025,10,23,3,43,4,0,22.0,24.0,21.0,22.285714285714285,22.0,19.58,117.48,11.14,128.62,REORDER,60.0
2025-10-24,P008,Coffee Mug,Home & Kitchen,69,228,18,279,55,6,In Stock,2025,10,24,4,43,4,0,22.0,17.0,20.0,22.0,22.2,20.12,120.72,11.0,131.72,NO REORDER,0.0
2025-10-25,P008,Coffee Mug,Home & Kitchen,279,0,28,251,55,6,In Stock,2025,10,25,5,43,4,1,18.0,23.0,26.0,22.142857142857142,22.1,22.78,136.68,11.07,147.75,NO REORDER,0.0
2025-10-26,P008,Coffee Mug,Home & Kitchen,251,0,22,229,55,6,In Stock,2025,10,26,6,43,4,1,28.0,20.0,27.0,22.857142857142858,22.3,22.93,137.58,11.43,149.01,NO REORDER,0.0
2025-10-27,P008,Coffee Mug,Home & Kitchen,229,0,18,211,55,6,In Stock,2025,10,27,0,44,4,0,22.0,26.0,24.0,23.142857142857142,22.33333333333333,21.74,130.44,11.57,142.01,NO REORDER,0.0
2025-10-28,P008,Coffee Mug,Home & Kitchen,211,0,24,187,55,6,In Stock,2025,10,28,1,44,4,0,18.0,24.0,18.0,22.0,22.23333333333333,21.54,129.24,11.0,140.24,NO REORDER,0.0
2025-10-29,P008,Coffee Mug,Home & Kitchen,187,0,19,168,55,6,In Stock,2025,10,29,2,44,4,0,24.0,22.0,21.0,22.0,22.133333333333333,21.27,127.62,11.0,138.62,NO REORDER,0.0
2025-10-30,P008,Coffee Mug,Home & Kitchen,168,0,18,150,55,6,In Stock,2025,10,30,3,44,4,0,19.0,22.0,24.0,21.571428571428573,22.1,21.58,129.48,10.79,140.27,NO REORDER,0.0
2025-10-31,P008,Coffee Mug,Home & Kitchen,150,0,41,109,55,6,In Stock,2025,10,31,4,44,4,0,18.0,18.0,17.0,21.0,22.03333333333333,24.14,144.84,10.5,155.34,REORDER,46.0
2025-11-01,P008,Coffee Mug,Home & Kitchen,109,0,19,90,55,6,In Stock,2025,11,1,5,44,4,1,41.0,28.0,23.0,24.285714285714285,22.666666666666668,25.5,153.0,12.14,165.14,REORDER,75.0
2025-11-02,P008,Coffee Mug,Home & Kitchen,90,0,25,65,55,6,Reorder Soon,2025,11,2,6,44,4,1,19.0,22.0,20.0,23.0,22.73333333333333,24.3,145.8,11.5,157.3,REORDER,92.0
2025-11-03,P008,Coffee Mug,Home & Kitchen,65,230,20,275,55,6,In Stock,2025,11,3,0,45,4,0,25.0,18.0,26.0,23.428571428571427,22.8,20.53,123.18,11.71,134.89,NO REORDER,0.0
2025-11-04,P008,Coffee Mug,Home & Kitchen,275,0,22,253,55,6,In Stock,2025,11,4,1,45,4,0,20.0,24.0,24.0,23.714285714285715,22.6,21.46,128.76,11.86,140.62,NO REORDER,0.0
2025-11-05,P008,Coffee Mug,Home & Kitchen,253,0,21,232,55,6,In Stock,2025,11,5,2,45,4,0,22.0,19.0,22.0,23.428571428571427,22.466666666666665,22.06,132.36,11.71,144.07,NO REORDER,0.0
2025-11-06,P008,Coffee Mug,Home & Kitchen,232,0,28,204,55,6,In Stock,2025,11,6,3,45,4,0,21.0,18.0,22.0,23.714285714285715,22.366666666666667,22.08,132.48,11.86,144.34,NO REORDER,0.0
2025-11-07,P008,Coffee Mug,Home & Kitchen,204,0,21,183,55,6,In Stock,2025,11,7,4,45,4,0,28.0,41.0,18.0,25.142857142857142,22.6,21.82,130.92,12.57,143.49,NO REORDER,0.0
2025-11-08,P008,Coffee Mug,Home & Kitchen,183,0,21,162,55,6,In Stock,2025,11,8,5,45,4,1,21.0,19.0,28.0,22.285714285714285,22.633333333333333,24.02,144.12,11.14,155.26,NO REORDER,0.0
2025-11-09,P008,Coffee Mug,Home & Kitchen,162,0,23,139,55,6,In Stock,2025,11,9,6,45,4,1,21.0,25.0,22.0,22.571428571428573,22.633333333333333,25.52,153.12,11.29,164.41,REORDER,25.0
2025-11-10,P008,Coffee Mug,Home & Kitchen,139,0,21,118,55,6,In Stock,2025,11,10,0,46,4,0,23.0,20.0,18.0,22.285714285714285,22.73333333333333,22.38,134.28,11.14,145.42,REORDER,27.0
2025-11-11,P008,Coffee Mug,Home & Kitchen,118,0,26,92,55,6,In Stock,2025,11,11,1,46,4,0,21.0,22.0,24.0,22.428571428571427,22.566666666666663,21.05,126.3,11.21,137.51,REORDER,46.0
2025-11-12,P008,Coffee Mug,Home & Kitchen,92,0,22,70,55,6,Reorder Soon,2025,11,12,2,46,4,0,26.0,21.0,19.0,23.0,22.53333333333333,21.68,130.08,11.5,141.58,REORDER,72.0
2025-11-13,P008,Coffee Mug,Home & Kitchen,70,223,17,276,55,6,In Stock,2025,11,13,3,46,4,0,22.0,28.0,18.0,23.142857142857142,22.466666666666665,21.19,127.14,11.57,138.71,NO REORDER,0.0
2025-11-14,P008,Coffee Mug,Home & Kitchen,276,0,33,243,55,6,In Stock,2025,11,14,4,46,4,0,17.0,21.0,41.0,21.571428571428573,22.433333333333334,28.14,168.84,10.79,179.63,NO REORDER,0.0
2025-11-15,P008,Coffee Mug,Home & Kitchen,243,0,27,216,55,6,In Stock,2025,11,15,5,46,4,1,33.0,21.0,19.0,23.285714285714285,22.83333333333333,24.92,149.52,11.64,161.16,NO REORDER,0.0
2025-11-16,P008,Coffee Mug,Home & Kitchen,216,0,20,196,55,6,In Stock,2025,11,16,6,46,4,1,27.0,23.0,25.0,24.142857142857142,22.933333333333334,24.16,144.96,12.07,157.03,NO REORDER,0.0
2025-11-17,P008,Coffee Mug,Home & Kitchen,196,0,16,180,55,6,In Stock,2025,11,17,0,47,4,0,20.0,21.0,20.0,23.714285714285715,23.03333333333333,22.77,136.62,11.86,148.48,NO REORDER,0.0
2025-11-18,P008,Coffee Mug,Home & Kitchen,180,0,20,160,55,6,In Stock,2025,11,18,1,47,4,0,16.0,26.0,22.0,23.0,22.8,22.0,132.0,11.5,143.5,NO REORDER,0.0
2025-11-19,P008,Coffee Mug,Home & Kitchen,160,0,20,140,55,6,In Stock,2025,11,19,2,47,4,0,20.0,22.0,21.0,22.142857142857142,22.8,22.64,135.84,11.07,146.91,REORDER,7.0
2025-11-20,P008,Coffee Mug,Home & Kitchen,140,0,20,120,55,6,In Stock,2025,11,20,3,47,4,0,20.0,17.0,28.0,21.857142857142858,22.6,22.36,134.16,10.93,145.09,REORDER,25.0
2025-11-21,P008,Coffee Mug,Home & Kitchen,120,0,18,102,55,6,In Stock,2025,11,21,4,47,4,0,20.0,33.0,21.0,22.285714285714285,22.466666666666665,21.91,131.46,11.14,142.6,REORDER,41.0
2025-11-22,P008,Coffee Mug,Home & Kitchen,102,0,18,84,55,6,In Stock,2025,11,22,5,47,4,1,18.0,27.0,21.0,20.142857142857142,22.33333333333333,23.02,138.12,10.07,148.19,REORDER,64.0
2025-11-23,P008,Coffee Mug,Home & Kitchen,84,0,19,65,55,6,Reorder Soon,2025,11,23,6,47,4,1,18.0,20.0,23.0,18.857142857142858,22.2,22.49,134.94,9.43,144.37,REORDER,79.0
2025-11-24,P008,Coffee Mug,Home & Kitchen,65,232,22,275,55,6,In Stock,2025,11,24,0,48,4,0,19.0,16.0,21.0,18.714285714285715,22.23333333333333,20.08,120.48,9.36,129.84,NO REORDER,0.0
2025-11-25,P008,Coffee Mug,Home & Kitchen,275,0,19,256,55,6,In Stock,2025,11,25,1,48,4,0,22.0,20.0,26.0,19.571428571428573,22.03333333333333,20.41,122.46,9.79,132.25,NO REORDER,0.0
2025-11-26,P008,Coffee Mug,Home & Kitchen,256,0,17,239,55,6,In Stock,2025,11,26,2,48,4,0,19.0,20.0,22.0,19.428571428571427,21.933333333333334,19.11,114.66,9.71,124.37,NO REORDER,0.0
2025-11-27,P008,Coffee Mug,Home & Kitchen,239,0,20,219,55,6,In Stock,2025,11,27,3,48,4,0,17.0,20.0,17.0,19.0,21.9,20.4,122.4,9.5,131.9,NO REORDER,0.0
2025-11-28,P008,Coffee Mug,Home & Kitchen,219,0,21,198,55,6,In Stock,2025,11,28,4,48,4,0,20.0,18.0,33.0,19.0,21.766666666666666,19.76,118.56,9.5,128.06,NO REORDER,0.0
2025-11-29,P008,Coffee Mug,Home & Kitchen,198,0,25,173,55,6,In Stock,2025,11,29,5,48,4,1,21.0,18.0,27.0,19.428571428571427,21.83333333333333,24.06,144.36,9.71,154.07,NO REORDER,0.0
2025-11-30,P008,Coffee Mug,Home & Kitchen,173,0,25,148,55,6,In Stock,2025,11,30,6,48,4,1,25.0,19.0,20.0,20.428571428571427,22.066666666666663,24.21,145.26,10.21,155.47,REORDER,7.0
2025-12-01,P008,Coffee Mug,Home & Kitchen,148,0,20,128,55,6,In Stock,2025,12,1,0,49,4,0,25.0,22.0,16.0,21.285714285714285,21.53333333333333,20.34,122.04,10.64,132.68,REORDER,5.0
2025-12-02,P008,Coffee Mug,Home & Kitchen,128,0,24,104,55,6,In Stock,2025,12,2,1,49,4,0,20.0,19.0,20.0,21.0,21.566666666666663,21.02,126.12,10.5,136.62,REORDER,33.0
2025-12-03,P008,Coffee Mug,Home & Kitchen,104,0,17,87,55,6,In Stock,2025,12,3,2,49,4,0,24.0,17.0,20.0,21.714285714285715,21.53333333333333,19.72,118.32,10.86,129.18,REORDER,42.0
2025-12-04,P008,Coffee Mug,Home & Kitchen,87,0,19,68,55,6,Reorder Soon,2025,12,4,3,49,4,0,17.0,20.0,20.0,21.714285714285715,21.433333333333334,20.52,123.12,10.86,133.98,REORDER,66.0
2025-12-05,P008,Coffee Mug,Home & Kitchen,68,229,14,283,55,6,In Stock,2025,12,5,4,49,4,0,19.0,21.0,18.0,21.571428571428573,21.33333333333333,19.26,115.56,10.79,126.35,NO REORDER,0.0
2025-12-06,P008,Coffee Mug,Home & Kitchen,283,0,22,261,55,6,In Stock,2025,12,6,5,49,4,1,14.0,25.0,18.0,20.571428571428573,21.1,21.94,131.64,10.29,141.93,NO REORDER,0.0
2025-12-07,P008,Coffee Mug,Home & Kitchen,261,0,24,237,55,6,In Stock,2025,12,7,6,49,4,1,22.0,25.0,19.0,20.142857142857142,20.9,22.92,137.52,10.07,147.59,NO REORDER,0.0
2025-12-08,P008,Coffee Mug,Home & Kitchen,237,0,23,214,55,6,In Stock,2025,12,8,0,50,4,0,24.0,20.0,22.0,20.0,21.0,21.44,128.64,10.0,138.64,NO REORDER,0.0
2025-12-09,P008,Coffee Mug,Home & Kitchen,214,0,14,200,55,6,In Stock,2025,12,9,1,50,4,0,23.0,24.0,19.0,20.428571428571427,21.066666666666663,20.34,122.04,10.21,132.25,NO REORDER,0.0
2025-12-10,P008,Coffee Mug,Home & Kitchen,200,0,20,180,55,6,In Stock,2025,12,10,2,50,4,0,14.0,17.0,17.0,19.0,20.766666666666666,20.95,125.7,9.5,135.2,NO REORDER,0.0
2025-12-11,P008,Coffee Mug,Home & Kitchen,180,0,26,154,55,6,In Stock,2025,12,11,3,50,4,0,20.0,19.0,20.0,19.428571428571427,20.73333333333333,19.99,119.94,9.71,129.65,NO REORDER,0.0
2025-12-12,P008,Coffee Mug,Home & Kitchen,154,0,11,143,55,6,In Stock,2025,12,12,4,50,4,0,26.0,14.0,21.0,20.428571428571427,20.73333333333333,20.23,121.38,10.21,131.59,NO REORDER,0.0
2025-12-13,P008,Coffee Mug,Home & Kitchen,143,0,25,118,55,6,In Stock,2025,12,13,5,50,4,1,11.0,22.0,25.0,20.0,20.366666666666667,23.44,140.64,10.0,150.64,REORDER,33.0
2025-12-14,P008,Coffee Mug,Home & Kitchen,118,0,19,99,55,6,In Stock,2025,12,14,6,50,4,1,25.0,24.0,25.0,20.428571428571427,20.633333333333333,22.93,137.58,10.21,147.79,REORDER,49.0
2025-12-15,P008,Coffee Mug,Home & Kitchen,99,0,19,80,55,6,Reorder Soon,2025,12,15,0,51,4,0,19.0,23.0,20.0,19.714285714285715,20.166666666666668,19.43,116.58,9.86,126.44,REORDER,46.0
2025-12-16,P008,Coffee Mug,Home & Kitchen,80,0,22,58,55,6,Reorder Soon,2025,12,16,1,51,4,0,19.0,14.0,24.0,19.142857142857142,19.9,18.93,113.58,9.57,123.15,REORDER,65.0
2025-12-17,P008,Coffee Mug,Home & Kitchen,58,232,18,272,55,6,In Stock,2025,12,17,2,51,4,0,22.0,20.0,17.0,20.285714285714285,19.966666666666665,22.42,134.52,10.14,144.66,NO REORDER,0.0
2025-12-18,P008,Coffee Mug,Home & Kitchen,272,0,21,251,55,6,In Stock,2025,12,18,3,51,4,0,18.0,26.0,19.0,20.0,20.03333333333333,20.15,120.9,10.0,130.9,NO REORDER,0.0
2025-12-19,P008,Coffee Mug,Home & Kitchen,251,0,21,230,55,6,In Stock,2025,12,19,4,51,4,0,21.0,11.0,14.0,19.285714285714285,20.066666666666663,19.58,117.48,9.64,127.12,NO REORDER,0.0
2025-12-20,P008,Coffee Mug,Home & Kitchen,230,0,23,207,55,6,In Stock,2025,12,20,5,51,4,1,21.0,25.0,22.0,20.714285714285715,20.1,23.9,143.4,10.36,153.76,NO REORDER,0.0
2025-12-21,P008,Coffee Mug,Home & Kitchen,207,0,18,189,55,6,In Stock,2025,12,21,6,51,4,1,23.0,19.0,24.0,20.428571428571427,20.2,23.96,143.76,10.21,153.97,NO REORDER,0.0
2025-12-22,P008,Coffee Mug,Home & Kitchen,189,0,18,171,55,6,In Stock,2025,12,22,0,52,4,0,18.0,19.0,23.0,20.285714285714285,20.2,20.34,122.04,10.14,132.18,NO REORDER,0.0
2025-12-23,P008,Coffee Mug,Home & Kitchen,171,0,27,144,55,6,In Stock,2025,12,23,1,52,4,0,18.0,22.0,14.0,20.142857142857142,20.2,20.72,124.32,10.07,134.39,NO REORDER,0.0
2025-12-24,P008,Coffee Mug,Home & Kitchen,144,0,19,125,55,6,In Stock,2025,12,24,2,52,4,0,27.0,18.0,20.0,20.857142857142858,20.466666666666665,22.36,134.16,10.43,144.59,REORDER,20.0
2025-12-25,P008,Coffee Mug,Home & Kitchen,125,0,29,96,55,6,In Stock,2025,12,25,3,52,4,0,19.0,21.0,26.0,21.0,20.366666666666667,22.4,134.4,10.5,144.9,REORDER,49.0
2025-12-26,P008,Coffee Mug,Home & Kitchen,96,0,19,77,55,6,Reorder Soon,2025,12,26,4,52,4,0,29.0,21.0,11.0,22.142857142857142,20.7,22.4,134.4,11.07,145.47,REORDER,68.0
2025-12-27,P008,Coffee Mug,Home & Kitchen,77,234,26,285,55,6,In Stock,2025,12,27,5,52,4,1,19.0,23.0,25.0,21.857142857142858,20.766666666666666,22.26,133.56,10.93,144.49,NO REORDER,0.0
2025-12-28,P008,Coffee Mug,Home & Kitchen,285,0,28,257,55,6,In Stock,2025,12,28,6,52,4,1,26.0,18.0,19.0,22.285714285714285,20.966666666666665,23.12,138.72,11.14,149.86,NO REORDER,0.0
2025-12-29,P008,Coffee Mug,Home & Kitchen,257,0,19,238,55,6,In Stock,2025,12,29,0,1,4,0,28.0,18.0,19.0,23.714285714285715,21.2,17.84,107.04,11.86,118.9,NO REORDER,0.0
2025-12-30,P008,Coffee Mug,Home & Kitchen,238,0,20,218,55,6,In Stock,2025,12,30,1,1,4,0,19.0,27.0,22.0,23.857142857142858,21.0,20.54,123.24,11.93,135.17,NO REORDER,0.0
2025-12-31,P008,Coffee Mug,Home & Kitchen,218,0,20,198,55,6,In Stock,2025,12,31,2,1,4,0,20.0,19.0,18.0,22.857142857142858,20.83333333333333,21.3,127.8,11.43,139.23,NO REORDER,0.0
2025-08-13,P009,Notebook,Stationery,592,0,74,518,120,5,In Stock,2025,8,13,2,33,3,0,137.0,59.0,86.0,92.42857142857144,75.6,84.22,421.1,46.21,467.31,NO REORDER,0.0
2025-08-14,P009,Notebook,Stationery,518,0,79,439,120,5,In Stock,2025,8,14,3,33,3,0,74.0,78.0,48.0,94.57142857142856,75.06666666666666,88.99,444.95,47.29,492.24,REORDER,53.0
2025-08-15,P009,Notebook,Stationery,439,0,70,369,120,5,In Stock,2025,8,15,4,33,3,0,79.0,90.0,70.0,94.71428571428572,76.0,84.18,420.9,47.36,468.26,REORDER,99.0
2025-08-16,P009,Notebook,Stationery,369,0,63,306,120,5,In Stock,2025,8,16,5,33,3,1,70.0,99.0,74.0,91.85714285714286,75.53333333333333,82.44,412.2,45.93,458.13,REORDER,152.0
2025-08-17,P009,Notebook,Stationery,306,0,75,231,120,5,In Stock,2025,8,17,6,33,3,1,63.0,98.0,87.0,86.71428571428571,75.63333333333334,83.82,419.1,43.36,462.46,REORDER,231.0
2025-08-18,P009,Notebook,Stationery,231,0,85,146,120,5,Reorder Soon,2025,8,18,0,34,3,0,75.0,86.0,73.0,83.42857142857143,76.16666666666667,77.42,387.1,41.71,428.81,REORDER,283.0
2025-08-19,P009,Notebook,Stationery,146,510,61,595,120,5,In Stock,2025,8,19,1,34,3,0,85.0,137.0,111.0,83.28571428571429,76.86666666666666,74.5,372.5,41.64,414.14,NO REORDER,0.0
2025-08-20,P009,Notebook,Stationery,595,0,104,491,120,5,In Stock,2025,8,20,2,34,3,0,61.0,74.0,59.0,72.42857142857143,76.2,67.89,339.45,36.21,375.66,NO REORDER,0.0
2025-08-21,P009,Notebook,Stationery,491,0,83,408,120,5,In Stock,2025,8,21,3,34,3,0,104.0,79.0,78.0,76.71428571428571,77.53333333333333,70.72,353.6,38.36,391.96,NO REORDER,0.0
2025-08-22,P009,Notebook,Stationery,408,0,68,340,120,5,In Stock,2025,8,22,4,34,3,0,83.0,70.0,90.0,77.28571428571429,78.23333333333333,72.02,360.1,38.64,398.74,REORDER,59.0
2025-08-23,P009,Notebook,Stationery,340,0,101,239,120,5,In Stock,2025,8,23,5,34,3,1,68.0,63.0,99.0,77.0,78.1,74.06,370.3,38.5,408.8,REORDER,170.0
2025-08-24,P009,Notebook,Stationery,239,0,86,153,120,5,Reorder Soon,2025,8,24,6,34,3,1,101.0,75.0,98.0,82.42857142857143,79.1,76.92,384.6,41.21,425.81,REORDER,273.0
2025-08-25,P009,Notebook,Stationery,153,548,100,601,120,5,In Stock,2025,8,25,0,35,3,0,86.0,85.0,86.0,84.0,79.9,77.12,385.6,42.0,427.6,NO REORDER,0.0
2025-08-26,P009,Notebook,Stationery,601,0,80,521,120,5,In Stock,2025,8,26,1,35,3,0,100.0,61.0,137.0,86.14285714285714,81.46666666666667,76.39,381.95,43.07,425.02,NO REORDER,0.0
2025-08-27,P009,Notebook,Stationery,521,0,69,452,120,5,In Stock,2025,8,27,2,35,3,0,80.0,104.0,74.0,88.85714285714286,81.46666666666667,69.9,349.5,44.43,393.93,NO REORDER,0.0
2025-08-28,P009,Notebook,Stationery,452,0,71,381,120,5,In Stock,2025,8,28,3,35,3,0,69.0,83.0,79.0,83.85714285714286,81.4,73.12,365.6,41.93,407.53,REORDER,27.0
2025-08-29,P009,Notebook,Stationery,381,0,80,301,120,5,In Stock,2025,8,29,4,35,3,0,71.0,68.0,70.0,82.14285714285714,82.16666666666667,76.64,383.2,41.07,424.27,REORDER,123.0
2025-08-30,P009,Notebook,Stationery,301,0,109,192,120,5,In Stock,2025,8,30,5,35,3,1,80.0,101.0,63.0,83.85714285714286,81.96666666666667,80.51,402.55,41.93,444.48,REORDER,252.0
2025-08-31,P009,Notebook,Stationery,192,492,87,597,120,5,In Stock,2025,8,31,6,35,3,1,109.0,86.0,75.0,85.0,84.0,79.82,399.1,42.5,441.6,NO REORDER,0.0
2025-09-01,P009,Notebook,Stationery,597,0,64,533,120,5,In Stock,2025,9,1,0,36,3,0,87.0,100.0,85.0,85.14285714285714,84.56666666666666,74.7,373.5,42.57,416.07,NO REORDER,0.0
2025-09-02,P009,Notebook,Stationery,533,0,59,474,120,5,In Stock,2025,9,2,1,36,3,0,64.0,80.0,61.0,80.0,84.23333333333333,68.66,343.3,40.0,383.3,NO REORDER,0.0
2025-09-03,P009,Notebook,Stationery,474,0,53,421,120,5,In Stock,2025,9,3,2,36,3,0,59.0,69.0,104.0,77.0,83.3,68.9,344.5,38.5,383.0,NO REORDER,0.0
2025-09-04,P009,Notebook,Stationery,421,0,52,369,120,5,In Stock,2025,9,4,3,36,3,0,53.0,71.0,83.0,74.71428571428571,82.63333333333334,69.68,348.4,37.36,385.76,REORDER,17.0
2025-09-05,P009,Notebook,Stationery,369,0,62,307,120,5,In Stock,2025,9,5,4,36,3,0,52.0,80.0,68.0,72.0,80.66666666666667,69.92,349.6,36.0,385.6,REORDER,79.0
2025-09-06,P009,Notebook,Stationery,307,0,72,235,120,5,In Stock,2025,9,6,5,36,3,1,62.0,109.0,101.0,69.42857142857143,80.76666666666667,69.19,345.95,34.71,380.66,REORDER,146.0
2025-09-07,P009,Notebook,Stationery,235,0,63,172,120,5,Reorder Soon,2025,9,7,6,36,3,1,72.0,87.0,86.0,64.14285714285714,80.56666666666666,70.76,353.8,32.07,385.87,REORDER,214.0
2025-09-08,P009,Notebook,Stationery,172,0,49,123,120,5,Reorder Soon,2025,9,8,0,37,3,0,63.0,64.0,100.0,60.71428571428572,79.66666666666667,50.94,254.7,30.36,285.06,REORDER,162.0
2025-09-09,P009,Notebook,Stationery,123,517,46,594,120,5,In Stock,2025,9,9,1,37,3,0,49.0,59.0,80.0,58.57142857142857,78.0,55.54,277.7,29.29,306.99,NO REORDER,0.0
2025-09-10,P009,Notebook,Stationery,594,0,61,533,120,5,In Stock,2025,9,10,2,37,3,0,46.0,53.0,69.0,56.71428571428572,76.26666666666667,53.2,266.0,28.36,294.36,NO REORDER,0.0
2025-09-11,P009,Notebook,Stationery,533,0,60,473,120,5,In Stock,2025,9,11,3,37,3,0,61.0,52.0,71.0,57.85714285714285,75.43333333333334,54.84,274.2,28.93,303.13,NO REORDER,0.0
2025-09-12,P009,Notebook,Stationery,473,0,52,421,120,5,In Stock,2025,9,12,4,37,3,0,60.0,62.0,80.0,59.0,72.86666666666666,57.68,288.4,29.5,317.9,NO REORDER,0.0
2025-09-13,P009,Notebook,Stationery,421,0,56,365,120,5,In Stock,2025,9,13,5,37,3,1,52.0,72.0,109.0,57.57142857142857,72.13333333333334,58.87,294.35,28.79,323.14,NO REORDER,0.0
2025-09-14,P009,Notebook,Stationery,365,0,52,313,120,5,In Stock,2025,9,14,6,37,3,1,56.0,63.0,87.0,55.285714285714285,71.36666666666666,57.71,288.55,27.64,316.19,REORDER,3.0
2025-09-15,P009,Notebook,Stationery,313,0,46,267,120,5,In Stock,2025,9,15,0,38,3,0,52.0,49.0,64.0,53.71428571428572,70.76666666666667,54.15,270.75,26.86,297.61,REORDER,31.0
2025-09-16,P009,Notebook,Stationery,267,0,50,217,120,5,In Stock,2025,9,16,1,38,3,0,46.0,46.0,59.0,53.285714285714285,70.2,56.36,281.8,26.64,308.44,REORDER,91.0
2025-09-17,P009,Notebook,Stationery,217,0,34,183,120,5,In Stock,2025,9,17,2,38,3,0,50.0,61.0,53.0,53.85714285714285,69.36666666666666,53.68,268.4,26.93,295.33,REORDER,112.0
2025-09-18,P009,Notebook,Stationery,183,473,65,591,120,5,In Stock,2025,9,18,3,38,3,0,34.0,60.0,52.0,50.0,67.66666666666667,57.22,286.1,25.0,311.1,NO REORDER,0.0
2025-09-19,P009,Notebook,Stationery,591,0,44,547,120,5,In Stock,2025,9,19,4,38,3,0,65.0,52.0,62.0,50.71428571428572,67.8,54.29,271.45,25.36,296.81,NO REORDER,0.0
2025-09-20,P009,Notebook,Stationery,547,0,57,490,120,5,In Stock,2025,9,20,5,38,3,1,44.0,56.0,72.0,49.57142857142857,65.8,63.4,317.0,24.79,341.79,NO REORDER,0.0
2025-09-21,P009,Notebook,Stationery,490,0,39,451,120,5,In Stock,2025,9,21,6,38,3,1,57.0,52.0,63.0,49.71428571428572,64.93333333333334,61.75,308.75,24.86,333.61,NO REORDER,0.0
2025-09-22,P009,Notebook,Stationery,451,0,60,391,120,5,In Stock,2025,9,22,0,39,3,0,39.0,46.0,49.0,47.85714285714285,63.96666666666667,58.85,294.25,23.93,318.18,NO REORDER,0.0
2025-09-23,P009,Notebook,Stationery,391,0,63,328,120,5,In Stock,2025,9,23,1,39,3,0,60.0,50.0,46.0,49.85714285714285,62.6,57.92,289.6,24.93,314.53,NO REORDER,0.0
2025-09-24,P009,Notebook,Stationery,328,0,56,272,120,5,In Stock,2025,9,24,2,39,3,0,63.0,34.0,61.0,51.71428571428572,61.833333333333336,59.18,295.9,25.86,321.76,REORDER,50.0
2025-09-25,P009,Notebook,Stationery,272,0,54,218,120,5,In Stock,2025,9,25,3,39,3,0,56.0,65.0,60.0,54.85714285714285,60.36666666666667,51.56,257.8,27.43,285.23,REORDER,67.0
2025-09-26,P009,Notebook,Stationery,218,0,37,181,120,5,In Stock,2025,9,26,4,39,3,0,54.0,44.0,52.0,53.285714285714285,59.5,53.93,269.65,26.64,296.29,REORDER,115.0
2025-09-27,P009,Notebook,Stationery,181,470,61,590,120,5,In Stock,2025,9,27,5,39,3,1,37.0,57.0,56.0,52.285714285714285,58.43333333333333,60.56,302.8,26.14,328.94,NO REORDER,0.0
2025-09-28,P009,Notebook,Stationery,590,0,62,528,120,5,In Stock,2025,9,28,6,39,3,1,61.0,39.0,52.0,52.85714285714285,58.1,54.96,274.8,26.43,301.23,NO REORDER,0.0
2025-09-29,P009,Notebook,Stationery,528,0,51,477,120,5,In Stock,2025,9,29,0,40,3,0,62.0,60.0,46.0,56.142857142857146,57.5,52.04,260.2,28.07,288.27,NO REORDER,0.0
2025-09-30,P009,Notebook,Stationery,477,0,60,417,120,5,In Stock,2025,9,30,1,40,3,0,51.0,63.0,50.0,54.85714285714285,55.56666666666667,53.39,266.95,27.43,294.38,NO REORDER,0.0
2025-10-01,P009,Notebook,Stationery,417,0,61,356,120,5,In Stock,2025,10,1,2,40,4,0,60.0,56.0,34.0,54.42857142857143,54.66666666666666,64.62,323.1,27.21,350.31,NO REORDER,0.0
2025-10-02,P009,Notebook,Stationery,356,0,72,284,120,5,In Stock,2025,10,2,3,40,4,0,61.0,54.0,65.0,55.142857142857146,54.56666666666667,63.72,318.6,27.57,346.17,REORDER,62.0
2025-10-03,P009,Notebook,Stationery,284,0,82,202,120,5,In Stock,2025,10,3,4,40,4,0,72.0,37.0,44.0,57.71428571428572,55.0,65.42,327.1,28.86,355.96,REORDER,154.0
2025-10-04,P009,Notebook,Stationery,202,0,72,130,120,5,Reorder Soon,2025,10,4,5,40,4,1,82.0,61.0,57.0,64.14285714285714,55.96666666666667,79.56,397.8,32.07,429.87,REORDER,300.0
2025-10-05,P009,Notebook,Stationery,130,523,59,594,120,5,In Stock,2025,10,5,6,40,4,1,72.0,62.0,39.0,65.71428571428571,56.63333333333333,78.25,391.25,32.86,424.11,NO REORDER,0.0
2025-10-06,P009,Notebook,Stationery,594,0,65,529,120,5,In Stock,2025,10,6,0,41,4,0,59.0,51.0,60.0,65.28571428571429,56.53333333333333,67.74,338.7,32.64,371.34,NO REORDER,0.0
2025-10-07,P009,Notebook,Stationery,529,0,81,448,120,5,In Stock,2025,10,7,1,41,4,0,65.0,60.0,63.0,67.28571428571429,56.3,68.39,341.95,33.64,375.59,NO REORDER,0.0
2025-10-08,P009,Notebook,Stationery,448,0,55,393,120,5,In Stock,2025,10,8,2,41,4,0,81.0,61.0,56.0,70.28571428571429,56.9,73.53,367.65,35.14,402.79,REORDER,10.0
2025-10-09,P009,Notebook,Stationery,393,0,86,307,120,5,In Stock,2025,10,9,3,41,4,0,55.0,72.0,54.0,69.42857142857143,57.1,71.68,358.4,34.71,393.11,REORDER,86.0
2025-10-10,P009,Notebook,Stationery,307,0,74,233,120,5,In Stock,2025,10,10,4,41,4,0,86.0,82.0,37.0,71.42857142857143,58.43333333333333,73.08,365.4,35.71,401.11,REORDER,168.0
2025-10-11,P009,Notebook,Stationery,233,0,59,174,120,5,Reorder Soon,2025,10,11,5,41,4,1,74.0,72.0,61.0,70.28571428571429,58.86666666666667,75.11,375.55,35.14,410.69,REORDER,237.0
2025-10-12,P009,Notebook,Stationery,174,504,83,595,120,5,In Stock,2025,10,12,6,41,4,1,59.0,59.0,62.0,68.42857142857143,58.833333333333336,79.47,397.35,34.21,431.56,NO REORDER,0.0
2025-10-13,P009,Notebook,Stationery,595,0,63,532,120,5,In Stock,2025,10,13,0,42,4,0,83.0,65.0,51.0,71.85714285714286,59.86666666666667,70.52,352.6,35.93,388.53,NO REORDER,0.0
2025-10-14,P009,Notebook,Stationery,532,0,77,455,120,5,In Stock,2025,10,14,1,42,4,0,63.0,81.0,60.0,71.57142857142857,60.1,69.13,345.65,35.79,381.44,NO REORDER,0.0
2025-10-15,P009,Notebook,Stationery,455,0,93,362,120,5,In Stock,2025,10,15,2,42,4,0,77.0,55.0,61.0,71.0,60.93333333333333,75.39,376.95,35.5,412.45,REORDER,50.0
2025-10-16,P009,Notebook,Stationery,362,0,96,266,120,5,In Stock,2025,10,16,3,42,4,0,93.0,86.0,72.0,76.42857142857143,62.5,73.86,369.3,38.21,407.51,REORDER,142.0
2025-10-17,P009,Notebook,Stationery,266,0,70,196,120,5,In Stock,2025,10,17,4,42,4,0,96.0,74.0,82.0,77.85714285714286,64.03333333333333,78.0,390.0,38.93,428.93,REORDER,233.0
2025-10-18,P009,Notebook,Stationery,196,0,73,123,120,5,Reorder Soon,2025,10,18,5,42,4,1,70.0,59.0,72.0,77.28571428571429,65.23333333333333,80.33,401.65,38.64,440.29,REORDER,317.0
2025-10-19,P009,Notebook,Stationery,123,551,82,592,120,5,In Stock,2025,10,19,6,42,4,1,73.0,83.0,59.0,79.28571428571429,65.5,76.76,383.8,39.64,423.44,NO REORDER,0.0
2025-10-20,P009,Notebook,Stationery,592,0,76,516,120,5,In Stock,2025,10,20,0,43,4,0,82.0,63.0,65.0,79.14285714285714,66.76666666666667,77.31,386.55,39.57,426.12,NO REORDER,0.0
2025-10-21,P009,Notebook,Stationery,516,0,82,434,120,5,In Stock,2025,10,21,1,43,4,0,76.0,77.0,81.0,81.0,67.4,76.06,380.3,40.5,420.8,NO REORDER,0.0
2025-10-22,P009,Notebook,Stationery,434,0,67,367,120,5,In Stock,2025,10,22,2,43,4,0,82.0,93.0,55.0,81.71428571428571,68.83333333333333,74.61,373.05,40.86,413.91,REORDER,47.0
2025-10-23,P009,Notebook,Stationery,367,0,72,295,120,5,In Stock,2025,10,23,3,43,4,0,67.0,96.0,86.0,78.0,69.06666666666666,67.45,337.25,39.0,376.25,REORDER,81.0
2025-10-24,P009,Notebook,Stationery,295,0,84,211,120,5,In Stock,2025,10,24,4,43,4,0,72.0,70.0,74.0,74.57142857142857,69.36666666666666,74.31,371.55,37.29,408.84,REORDER,198.0
2025-10-25,P009,Notebook,Stationery,211,480,91,600,120,5,In Stock,2025,10,25,5,43,4,1,84.0,73.0,59.0,76.57142857142857,70.3,77.4,387.0,38.29,425.29,NO REORDER,0.0
2025-10-26,P009,Notebook,Stationery,600,0,91,509,120,5,In Stock,2025,10,26,6,43,4,1,91.0,82.0,83.0,79.14285714285714,71.53333333333333,74.01,370.05,39.57,409.62,NO REORDER,0.0
2025-10-27,P009,Notebook,Stationery,509,0,76,433,120,5,In Stock,2025,10,27,0,44,4,0,91.0,76.0,63.0,80.42857142857143,73.33333333333333,74.93,374.65,40.21,414.86,NO REORDER,0.0
2025-10-28,P009,Notebook,Stationery,433,0,91,342,120,5,In Stock,2025,10,28,1,44,4,0,76.0,82.0,77.0,80.42857142857143,73.83333333333333,71.67,358.35,40.21,398.56,REORDER,57.0
2025-10-29,P009,Notebook,Stationery,342,0,67,275,120,5,In Stock,2025,10,29,2,44,4,0,91.0,67.0,93.0,81.71428571428571,74.8,76.88,384.4,40.86,425.26,REORDER,150.0
2025-10-30,P009,Notebook,Stationery,275,0,59,216,120,5,In Stock,2025,10,30,3,44,4,0,67.0,72.0,96.0,81.71428571428571,75.33333333333333,76.17,380.85,40.86,421.71,REORDER,206.0
2025-10-31,P009,Notebook,Stationery,216,488,96,608,120,5,In Stock,2025,10,31,4,44,4,0,59.0,84.0,70.0,79.85714285714286,75.3,72.94,364.7,39.93,404.63,NO REORDER,0.0
2025-11-01,P009,Notebook,Stationery,608,0,79,529,120,5,In Stock,2025,11,1,5,44,4,1,96.0,91.0,73.0,81.57142857142857,76.46666666666667,80.19,400.95,40.79,441.74,NO REORDER,0.0
2025-11-02,P009,Notebook,Stationery,529,0,68,461,120,5,In Stock,2025,11,2,6,44,4,1,79.0,91.0,82.0,79.85714285714286,76.7,72.4,362.0,39.93,401.93,NO REORDER,0.0
2025-11-03,P009,Notebook,Stationery,461,0,65,396,120,5,In Stock,2025,11,3,0,45,4,0,68.0,76.0,76.0,76.57142857142857,76.23333333333333,71.24,356.2,38.29,394.49,NO REORDER,0.0
2025-11-04,P009,Notebook,Stationery,396,0,73,323,120,5,In Stock,2025,11,4,1,45,4,0,65.0,91.0,82.0,75.0,76.0,68.92,344.6,37.5,382.1,REORDER,59.0
2025-11-05,P009,Notebook,Stationery,323,0,100,223,120,5,In Stock,2025,11,5,2,45,4,0,73.0,67.0,67.0,72.42857142857143,76.46666666666667,71.82,359.1,36.21,395.31,REORDER,172.0
2025-11-06,P009,Notebook,Stationery,223,0,63,160,120,5,Reorder Soon,2025,11,6,3,45,4,0,100.0,59.0,72.0,77.14285714285714,77.63333333333334,72.4,362.0,38.57,400.57,REORDER,241.0
2025-11-07,P009,Notebook,Stationery,160,513,69,604,120,5,In Stock,2025,11,7,4,45,4,0,63.0,96.0,84.0,77.71428571428571,77.03333333333333,70.44,352.2,38.86,391.06,NO REORDER,0.0
2025-11-08,P009,Notebook,Stationery,604,0,89,515,120,5,In Stock,2025,11,8,5,45,4,1,69.0,79.0,91.0,73.85714285714286,77.5,71.18,355.9,36.93,392.83,NO REORDER,0.0
2025-11-09,P009,Notebook,Stationery,515,0,86,429,120,5,In Stock,2025,11,9,6,45,4,1,89.0,68.0,91.0,75.28571428571429,77.6,70.64,353.2,37.64,390.84,NO REORDER,0.0
2025-11-10,P009,Notebook,Stationery,429,0,78,351,120,5,In Stock,2025,11,10,0,46,4,0,86.0,65.0,76.0,77.85714285714286,78.0,68.74,343.7,38.93,382.63,REORDER,32.0
2025-11-11,P009,Notebook,Stationery,351,0,54,297,120,5,In Stock,2025,11,11,1,46,4,0,78.0,73.0,91.0,79.71428571428571,78.63333333333334,72.0,360.0,39.86,399.86,REORDER,103.0
2025-11-12,P009,Notebook,Stationery,297,0,71,226,120,5,In Stock,2025,11,12,2,46,4,0,54.0,100.0,67.0,77.0,77.66666666666667,67.48,337.4,38.5,375.9,REORDER,150.0
2025-11-13,P009,Notebook,Stationery,226,0,96,130,120,5,Reorder Soon,2025,11,13,3,46,4,0,71.0,63.0,59.0,72.85714285714286,77.93333333333334,79.18,395.9,36.43,432.33,REORDER,302.0
2025-11-14,P009,Notebook,Stationery,130,531,65,596,120,5,In Stock,2025,11,14,4,46,4,0,96.0,69.0,96.0,77.57142857142857,78.56666666666666,73.27,366.35,38.79,405.14,NO REORDER,0.0
2025-11-15,P009,Notebook,Stationery,596,0,68,528,120,5,In Stock,2025,11,15,5,46,4,1,65.0,89.0,79.0,77.0,77.63333333333334,71.07,355.35,38.5,393.85,NO REORDER,0.0
2025-11-16,P009,Notebook,Stationery,528,0,97,431,120,5,In Stock,2025,11,16,6,46,4,1,68.0,86.0,68.0,74.0,76.7,73.14,365.7,37.0,402.7,NO REORDER,0.0
2025-11-17,P009,Notebook,Stationery,431,0,73,358,120,5,In Stock,2025,11,17,0,47,4,0,97.0,78.0,65.0,75.57142857142857,77.6,69.86,349.3,37.79,387.09,REORDER,29.0
2025-11-18,P009,Notebook,Stationery,358,0,54,304,120,5,In Stock,2025,11,18,1,47,4,0,73.0,54.0,73.0,74.85714285714286,77.6,71.6,358.0,37.43,395.43,REORDER,91.0
2025-11-19,P009,Notebook,Stationery,304,0,61,243,120,5,In Stock,2025,11,19,2,47,4,0,54.0,71.0,100.0,74.85714285714286,76.66666666666667,72.52,362.6,37.43,400.03,REORDER,157.0
2025-11-20,P009,Notebook,Stationery,243,0,67,176,120,5,Reorder Soon,2025,11,20,3,47,4,0,61.0,96.0,63.0,73.42857142857143,76.16666666666667,70.14,350.7,36.71,387.41,REORDER,211.0
2025-11-21,P009,Notebook,Stationery,176,500,77,599,120,5,In Stock,2025,11,21,4,47,4,0,67.0,65.0,69.0,69.28571428571429,75.66666666666667,74.06,370.3,34.64,404.94,NO REORDER,0.0
2025-11-22,P009,Notebook,Stationery,599,0,107,492,120,5,In Stock,2025,11,22,5,47,4,1,77.0,68.0,89.0,71.0,76.0,71.49,357.45,35.5,392.95,NO REORDER,0.0
2025-11-23,P009,Notebook,Stationery,492,0,124,368,120,5,In Stock,2025,11,23,6,47,4,1,107.0,97.0,86.0,76.57142857142857,77.16666666666667,66.18,330.9,38.29,369.19,REORDER,1.0
2025-11-24,P009,Notebook,Stationery,368,0,69,299,120,5,In Stock,2025,11,24,0,48,4,0,124.0,73.0,78.0,80.42857142857143,78.5,70.87,354.35,40.21,394.56,REORDER,96.0
2025-11-25,P009,Notebook,Stationery,299,0,71,228,120,5,In Stock,2025,11,25,1,48,4,0,69.0,54.0,54.0,79.85714285714286,77.76666666666667,72.05,360.25,39.93,400.18,REORDER,172.0
2025-11-26,P009,Notebook,Stationery,228,0,73,155,120,5,Reorder Soon,2025,11,26,2,48,4,0,71.0,61.0,71.0,82.28571428571429,77.1,76.97,384.85,41.14,425.99,REORDER,271.0
2025-11-27,P009,Notebook,Stationery,155,536,85,606,120,5,In Stock,2025,11,27,3,48,4,0,73.0,67.0,96.0,84.0,77.0,78.19,390.95,42.0,432.95,NO REORDER,0.0
2025-11-28,P009,Notebook,Stationery,606,0,111,495,120,5,In Stock,2025,11,28,4,48,4,0,85.0,77.0,65.0,86.57142857142857,76.8,77.54,387.7,43.29,430.99,NO REORDER,0.0
2025-11-29,P009,Notebook,Stationery,495,0,94,401,120,5,In Stock,2025,11,29,5,48,4,1,111.0,107.0,68.0,91.42857142857144,78.26666666666667,72.26,361.3,45.71,407.01,REORDER,6.0
2025-11-30,P009,Notebook,Stationery,401,0,95,306,120,5,In Stock,2025,11,30,6,48,4,1,94.0,124.0,97.0,89.57142857142857,79.43333333333334,70.92,354.6,44.79,399.39,REORDER,93.0
2025-12-01,P009,Notebook,Stationery,306,0,71,235,120,5,In Stock,2025,12,1,0,49,4,0,95.0,69.0,73.0,85.42857142857143,79.4,81.58,407.9,42.71,450.61,REORDER,216.0
2025-12-02,P009,Notebook,Stationery,235,0,76,159,120,5,Reorder Soon,2025,12,2,1,49,4,0,71.0,71.0,54.0,85.71428571428571,79.13333333333334,87.13,435.65,42.86,478.51,REORDER,320.0
2025-12-03,P009,Notebook,Stationery,159,522,71,610,120,5,In Stock,2025,12,3,2,49,4,0,76.0,73.0,61.0,86.42857142857143,79.4,84.78,423.9,43.21,467.11,NO REORDER,0.0
2025-12-04,P009,Notebook,Stationery,610,0,97,513,120,5,In Stock,2025,12,4,3,49,4,0,71.0,85.0,67.0,86.14285714285714,79.6,81.74,408.7,43.07,451.77,NO REORDER,0.0
2025-12-05,P009,Notebook,Stationery,513,0,55,458,120,5,In Stock,2025,12,5,4,49,4,0,97.0,111.0,77.0,87.85714285714286,80.4,76.22,381.1,43.93,425.03,NO REORDER,0.0
2025-12-06,P009,Notebook,Stationery,458,0,88,370,120,5,In Stock,2025,12,6,5,49,4,1,55.0,94.0,107.0,79.85714285714286,78.9,69.32,346.6,39.93,386.53,REORDER,17.0
2025-12-07,P009,Notebook,Stationery,370,0,85,285,120,5,In Stock,2025,12,7,6,49,4,1,88.0,95.0,124.0,79.0,79.73333333333333,69.74,348.7,39.5,388.2,REORDER,103.0
2025-12-08,P009,Notebook,Stationery,285,0,98,187,120,5,In Stock,2025,12,8,0,50,4,0,85.0,71.0,69.0,77.57142857142857,80.26666666666667,72.1,360.5,38.79,399.29,REORDER,212.0
2025-12-09,P009,Notebook,Stationery,187,493,79,601,120,5,In Stock,2025,12,9,1,50,4,0,98.0,76.0,71.0,81.42857142857143,80.56666666666666,79.48,397.4,40.71,438.11,NO REORDER,0.0
2025-12-10,P009,Notebook,Stationery,601,0,81,520,120,5,In Stock,2025,12,10,2,50,4,0,79.0,71.0,73.0,81.85714285714286,80.33333333333333,81.23,406.15,40.93,447.08,NO REORDER,0.0
2025-12-11,P009,Notebook,Stationery,520,0,61,459,120,5,In Stock,2025,12,11,3,50,4,0,81.0,97.0,85.0,83.28571428571429,80.43333333333334,75.46,377.3,41.64,418.94,NO REORDER,0.0
2025-12-12,P009,Notebook,Stationery,459,0,74,385,120,5,In Stock,2025,12,12,4,50,4,0,61.0,55.0,111.0,78.14285714285714,80.66666666666667,71.28,356.4,39.07,395.47,REORDER,10.0
2025-12-13,P009,Notebook,Stationery,385,0,51,334,120,5,In Stock,2025,12,13,5,50,4,1,74.0,88.0,94.0,80.85714285714286,80.76666666666667,79.43,397.15,40.43,437.58,REORDER,104.0
2025-12-14,P009,Notebook,Stationery,334,0,78,256,120,5,In Stock,2025,12,14,6,50,4,1,51.0,85.0,95.0,75.57142857142857,79.26666666666667,71.97,359.85,37.79,397.64,REORDER,142.0
2025-12-15,P009,Notebook,Stationery,256,0,94,162,120,5,Reorder Soon,2025,12,15,0,51,4,0,78.0,98.0,71.0,74.57142857142857,79.7,72.51,362.55,37.29,399.84,REORDER,238.0
2025-12-16,P009,Notebook,Stationery,162,495,63,594,120,5,In Stock,2025,12,16,1,51,4,0,94.0,79.0,76.0,74.0,80.56666666666666,70.35,351.75,37.0,388.75,NO REORDER,0.0
2025-12-17,P009,Notebook,Stationery,594,0,82,512,120,5,In Stock,2025,12,17,2,51,4,0,63.0,81.0,71.0,71.71428571428571,79.43333333333334,68.94,344.7,35.86,380.56,NO REORDER,0.0
2025-12-18,P009,Notebook,Stationery,512,0,85,427,120,5,In Stock,2025,12,18,3,51,4,0,82.0,61.0,97.0,71.85714285714286,79.73333333333333,68.9,344.5,35.93,380.43,NO REORDER,0.0
2025-12-19,P009,Notebook,Stationery,427,0,56,371,120,5,In Stock,2025,12,19,4,51,4,0,85.0,74.0,55.0,75.28571428571429,80.76666666666667,70.64,353.2,37.64,390.84,REORDER,20.0
2025-12-20,P009,Notebook,Stationery,371,0,94,277,120,5,In Stock,2025,12,20,5,51,4,1,56.0,51.0,88.0,72.71428571428571,80.6,72.53,362.65,36.36,399.01,REORDER,122.0
2025-12-21,P009,Notebook,Stationery,277,0,52,225,120,5,In Stock,2025,12,21,6,51,4,1,94.0,78.0,85.0,78.85714285714286,81.5,74.12,370.6,39.43,410.03,REORDER,185.0
2025-12-22,P009,Notebook,Stationery,225,0,59,166,120,5,Reorder Soon,2025,12,22,0,52,4,0,52.0,94.0,98.0,75.14285714285714,80.66666666666667,71.04,355.2,37.57,392.77,REORDER,227.0
2025-12-23,P009,Notebook,Stationery,166,521,79,608,120,5,In Stock,2025,12,23,1,52,4,0,59.0,63.0,79.0,70.14285714285714,79.06666666666666,71.77,358.85,35.07,393.92,NO REORDER,0.0
2025-12-24,P009,Notebook,Stationery,608,0,71,537,120,5,In Stock,2025,12,24,2,52,4,0,79.0,82.0,81.0,72.42857142857143,77.56666666666666,65.92,329.6,36.21,365.81,NO REORDER,0.0
2025-12-25,P009,Notebook,Stationery,537,0,89,448,120,5,In Stock,2025,12,25,3,52,4,0,71.0,85.0,61.0,70.85714285714286,77.63333333333334,66.85,334.25,35.43,369.68,NO REORDER,0.0
2025-12-26,P009,Notebook,Stationery,448,0,79,369,120,5,In Stock,2025,12,26,4,52,4,0,89.0,56.0,74.0,71.42857142857143,78.23333333333333,70.52,352.6,35.71,388.31,REORDER,19.0
2025-12-27,P009,Notebook,Stationery,369,0,65,304,120,5,In Stock,2025,12,27,5,52,4,1,79.0,94.0,51.0,74.71428571428571,78.43333333333334,68.16,340.8,37.36,378.16,REORDER,74.0
2025-12-28,P009,Notebook,Stationery,304,0,79,225,120,5,In Stock,2025,12,28,6,52,4,1,65.0,52.0,78.0,70.57142857142857,77.76666666666667,73.18,365.9,35.29,401.19,REORDER,176.0
2025-12-29,P009,Notebook,Stationery,225,0,83,142,120,5,Reorder Soon,2025,12,29,0,1,4,0,79.0,59.0,94.0,74.42857142857143,76.7,74.31,371.55,37.21,408.76,REORDER,267.0
2025-12-30,P009,Notebook,Stationery,142,545,87,600,120,5,In Stock,2025,12,30,1,1,4,0,83.0,79.0,63.0,77.85714285714286,76.33333333333333,72.72,363.6,38.93,402.53,NO REORDER,0.0
2025-12-31,P009,Notebook,Stationery,600,0,57,543,120,5,In Stock,2025,12,31,2,1,4,0,87.0,71.0,82.0,79.0,76.06666666666666,66.7,333.5,39.5,373.0,NO REORDER,0.0
2025-08-13,P010,Ballpoint Pen Pack,Stationery,162,0,50,112,100,4,Reorder Soon,2025,8,13,2,33,3,0,66.0,48.0,46.0,53.71428571428572,53.3,46.64,186.56,26.86,213.42,REORDER,101.0
2025-08-14,P010,Ballpoint Pen Pack,Stationery,112,351,55,408,100,4,In Stock,2025,8,14,3,33,3,0,50.0,51.0,48.0,54.0,53.73333333333333,55.58,222.32,27.0,249.32,NO REORDER,0.0
2025-08-15,P010,Ballpoint Pen Pack,Stationery,408,0,53,355,100,4,In Stock,2025,8,15,4,33,3,0,55.0,45.0,69.0,54.57142857142857,53.43333333333333,56.18,224.72,27.29,252.01,NO REORDER,0.0
2025-08-16,P010,Ballpoint Pen Pack,Stationery,355,0,54,301,100,4,In Stock,2025,8,16,5,33,3,1,53.0,62.0,44.0,55.71428571428572,53.766666666666666,52.83,211.32,27.86,239.18,NO REORDER,0.0
2025-08-17,P010,Ballpoint Pen Pack,Stationery,301,0,41,260,100,4,In Stock,2025,8,17,6,33,3,1,54.0,39.0,57.0,54.57142857142857,54.23333333333333,54.2,216.8,27.29,244.09,NO REORDER,0.0
2025-08-18,P010,Ballpoint Pen Pack,Stationery,260,0,49,211,100,4,In Stock,2025,8,18,0,34,3,0,41.0,65.0,56.0,54.85714285714285,54.0,52.28,209.12,27.43,236.55,REORDER,26.0
2025-08-19,P010,Ballpoint Pen Pack,Stationery,211,0,60,151,100,4,In Stock,2025,8,19,1,34,3,0,49.0,66.0,53.0,52.57142857142857,54.06666666666667,52.99,211.96,26.29,238.25,REORDER,87.0
2025-08-20,P010,Ballpoint Pen Pack,Stationery,151,315,59,407,100,4,In Stock,2025,8,20,2,34,3,0,60.0,50.0,48.0,51.71428571428572,53.833333333333336,51.78,207.12,25.86,232.98,NO REORDER,0.0
2025-08-21,P010,Ballpoint Pen Pack,Stationery,407,0,46,361,100,4,In Stock,2025,8,21,3,34,3,0,59.0,55.0,51.0,53.0,53.766666666666666,48.98,195.92,26.5,222.42,NO REORDER,0.0
2025-08-22,P010,Ballpoint Pen Pack,Stationery,361,0,53,308,100,4,In Stock,2025,8,22,4,34,3,0,46.0,53.0,45.0,51.71428571428572,53.9,50.32,201.28,25.86,227.14,NO REORDER,0.0
2025-08-23,P010,Ballpoint Pen Pack,Stationery,308,0,67,241,100,4,In Stock,2025,8,23,5,34,3,1,53.0,54.0,62.0,51.71428571428572,53.766666666666666,54.94,219.76,25.86,245.62,REORDER,5.0
2025-08-24,P010,Ballpoint Pen Pack,Stationery,241,0,54,187,100,4,In Stock,2025,8,24,6,34,3,1,67.0,41.0,39.0,53.57142857142857,53.96666666666667,54.9,219.6,26.79,246.39,REORDER,59.0
2025-08-25,P010,Ballpoint Pen Pack,Stationery,187,0,35,152,100,4,In Stock,2025,8,25,0,35,3,0,54.0,49.0,65.0,55.42857142857143,54.43333333333333,50.79,203.16,27.71,230.87,REORDER,79.0
2025-08-26,P010,Ballpoint Pen Pack,Stationery,152,300,55,397,100,4,In Stock,2025,8,26,1,35,3,0,35.0,60.0,66.0,53.42857142857143,52.93333333333333,50.27,201.08,26.71,227.79,NO REORDER,0.0
2025-08-27,P010,Ballpoint Pen Pack,Stationery,397,0,54,343,100,4,In Stock,2025,8,27,2,35,3,0,55.0,59.0,50.0,52.71428571428572,52.9,52.28,209.12,26.36,235.48,NO REORDER,0.0
2025-08-28,P010,Ballpoint Pen Pack,Stationery,343,0,60,283,100,4,In Stock,2025,8,28,3,35,3,0,54.0,46.0,55.0,52.0,53.36666666666667,52.16,208.64,26.0,234.64,NO REORDER,0.0
2025-08-29,P010,Ballpoint Pen Pack,Stationery,283,0,51,232,100,4,In Stock,2025,8,29,4,35,3,0,60.0,53.0,53.0,54.0,53.13333333333333,48.16,192.64,27.0,219.64,NO REORDER,0.0
2025-08-30,P010,Ballpoint Pen Pack,Stationery,232,0,51,181,100,4,In Stock,2025,8,30,5,35,3,1,51.0,67.0,54.0,53.71428571428572,53.3,50.0,200.0,26.86,226.86,REORDER,46.0
2025-08-31,P010,Ballpoint Pen Pack,Stationery,181,0,45,136,100,4,Reorder Soon,2025,8,31,6,35,3,1,51.0,54.0,41.0,51.42857142857143,53.4,49.64,198.56,25.71,224.27,REORDER,88.0
2025-09-01,P010,Ballpoint Pen Pack,Stationery,136,320,59,397,100,4,In Stock,2025,9,1,0,36,3,0,45.0,35.0,49.0,50.142857142857146,52.6,50.93,203.72,25.07,228.79,NO REORDER,0.0
2025-09-02,P010,Ballpoint Pen Pack,Stationery,397,0,48,349,100,4,In Stock,2025,9,2,1,36,3,0,59.0,55.0,60.0,53.57142857142857,53.1,53.86,215.44,26.79,242.23,NO REORDER,0.0
2025-09-03,P010,Ballpoint Pen Pack,Stationery,349,0,68,281,100,4,In Stock,2025,9,3,2,36,3,0,48.0,54.0,59.0,52.57142857142857,52.8,55.34,221.36,26.29,247.65,NO REORDER,0.0
2025-09-04,P010,Ballpoint Pen Pack,Stationery,281,0,89,192,100,4,In Stock,2025,9,4,3,36,3,0,68.0,60.0,46.0,54.57142857142857,53.2,52.52,210.08,27.29,237.37,REORDER,45.0
2025-09-05,P010,Ballpoint Pen Pack,Stationery,192,0,61,131,100,4,Reorder Soon,2025,9,5,4,36,3,0,89.0,51.0,53.0,58.71428571428572,54.4,54.88,219.52,29.36,248.88,REORDER,118.0
2025-09-06,P010,Ballpoint Pen Pack,Stationery,131,333,74,390,100,4,In Stock,2025,9,6,5,36,3,1,61.0,51.0,67.0,60.142857142857146,54.833333333333336,50.53,202.12,30.07,232.19,NO REORDER,0.0
2025-09-07,P010,Ballpoint Pen Pack,Stationery,390,0,49,341,100,4,In Stock,2025,9,7,6,36,3,1,74.0,45.0,54.0,63.42857142857143,55.6,70.06,280.24,31.71,311.95,NO REORDER,0.0
2025-09-08,P010,Ballpoint Pen Pack,Stationery,341,0,48,293,100,4,In Stock,2025,9,8,0,37,3,0,49.0,59.0,35.0,64.0,55.73333333333333,67.94,271.76,32.0,303.76,REORDER,11.0
2025-09-09,P010,Ballpoint Pen Pack,Stationery,293,0,41,252,100,4,In Stock,2025,9,9,1,37,3,0,48.0,48.0,55.0,62.42857142857143,55.266666666666666,58.35,233.4,31.21,264.61,REORDER,13.0
2025-09-10,P010,Ballpoint Pen Pack,Stationery,252,0,65,187,100,4,In Stock,2025,9,10,2,37,3,0,41.0,68.0,54.0,61.42857142857143,55.333333333333336,54.3,217.2,30.71,247.91,REORDER,61.0
2025-09-11,P010,Ballpoint Pen Pack,Stationery,187,0,43,144,100,4,Reorder Soon,2025,9,11,3,37,3,0,65.0,89.0,60.0,61.0,55.333333333333336,52.07,208.28,30.5,238.78,REORDER,95.0
2025-09-12,P010,Ballpoint Pen Pack,Stationery,144,332,70,406,100,4,In Stock,2025,9,12,4,37,3,0,43.0,61.0,51.0,54.42857142857143,54.56666666666667,51.18,204.72,27.21,231.93,NO REORDER,0.0
2025-09-13,P010,Ballpoint Pen Pack,Stationery,406,0,48,358,100,4,In Stock,2025,9,13,5,37,3,1,70.0,74.0,51.0,55.71428571428572,55.23333333333333,51.66,206.64,27.86,234.5,NO REORDER,0.0
2025-09-14,P010,Ballpoint Pen Pack,Stationery,358,0,74,284,100,4,In Stock,2025,9,14,6,37,3,1,48.0,49.0,45.0,52.0,55.0,56.04,224.16,26.0,250.16,NO REORDER,0.0
2025-09-15,P010,Ballpoint Pen Pack,Stationery,284,0,29,255,100,4,In Stock,2025,9,15,0,38,3,0,74.0,48.0,59.0,55.57142857142857,55.7,49.2,196.8,27.79,224.59,NO REORDER,0.0
2025-09-16,P010,Ballpoint Pen Pack,Stationery,255,0,37,218,100,4,In Stock,2025,9,16,1,38,3,0,29.0,41.0,48.0,52.85714285714285,54.86666666666667,58.54,234.16,26.43,260.59,REORDER,43.0
2025-09-17,P010,Ballpoint Pen Pack,Stationery,218,0,43,175,100,4,In Stock,2025,9,17,2,38,3,0,37.0,65.0,68.0,52.285714285714285,54.73333333333333,55.6,222.4,26.14,248.54,REORDER,74.0
2025-09-18,P010,Ballpoint Pen Pack,Stationery,175,0,55,120,100,4,Reorder Soon,2025,9,18,3,38,3,0,43.0,43.0,89.0,49.142857142857146,54.53333333333333,56.89,227.56,24.57,252.13,REORDER,132.0
2025-09-19,P010,Ballpoint Pen Pack,Stationery,120,335,52,403,100,4,In Stock,2025,9,19,4,38,3,0,55.0,70.0,61.0,50.85714285714285,54.36666666666667,52.14,208.56,25.43,233.99,NO REORDER,0.0
2025-09-20,P010,Ballpoint Pen Pack,Stationery,403,0,48,355,100,4,In Stock,2025,9,20,5,38,3,1,52.0,48.0,74.0,48.285714285714285,54.13333333333333,56.4,225.6,24.14,249.74,NO REORDER,0.0
2025-09-21,P010,Ballpoint Pen Pack,Stationery,355,0,54,301,100,4,In Stock,2025,9,21,6,38,3,1,48.0,74.0,49.0,48.285714285714285,54.2,54.58,218.32,24.14,242.46,NO REORDER,0.0
2025-09-22,P010,Ballpoint Pen Pack,Stationery,301,0,48,253,100,4,In Stock,2025,9,22,0,39,3,0,54.0,29.0,48.0,45.42857142857143,54.23333333333333,54.13,216.52,22.71,239.23,NO REORDER,0.0
2025-09-23,P010,Ballpoint Pen Pack,Stationery,253,0,57,196,100,4,In Stock,2025,9,23,1,39,3,0,48.0,37.0,41.0,48.142857142857146,53.6,55.45,221.8,24.07,245.87,REORDER,50.0
2025-09-24,P010,Ballpoint Pen Pack,Stationery,196,0,44,152,100,4,In Stock,2025,9,24,2,39,3,0,57.0,43.0,65.0,51.0,53.7,56.91,227.64,25.5,253.14,REORDER,101.0
2025-09-25,P010,Ballpoint Pen Pack,Stationery,152,312,54,410,100,4,In Stock,2025,9,25,3,39,3,0,44.0,55.0,43.0,51.142857142857146,54.0,53.99,215.96,25.57,241.53,NO REORDER,0.0
2025-09-26,P010,Ballpoint Pen Pack,Stationery,410,0,54,356,100,4,In Stock,2025,9,26,4,39,3,0,54.0,52.0,70.0,51.0,53.96666666666667,53.8,215.2,25.5,240.7,NO REORDER,0.0
2025-09-27,P010,Ballpoint Pen Pack,Stationery,356,0,55,301,100,4,In Stock,2025,9,27,5,39,3,1,54.0,48.0,48.0,51.285714285714285,53.96666666666667,53.74,214.96,25.64,240.6,NO REORDER,0.0
2025-09-28,P010,Ballpoint Pen Pack,Stationery,301,0,59,242,100,4,In Stock,2025,9,28,6,39,3,1,55.0,54.0,74.0,52.285714285714285,53.8,61.1,244.4,26.14,270.54,REORDER,29.0
2025-09-29,P010,Ballpoint Pen Pack,Stationery,242,0,51,191,100,4,In Stock,2025,9,29,0,40,3,0,59.0,48.0,29.0,53.0,54.06666666666667,51.75,207.0,26.5,233.5,REORDER,42.0
2025-09-30,P010,Ballpoint Pen Pack,Stationery,191,0,60,131,100,4,Reorder Soon,2025,9,30,1,40,3,0,51.0,57.0,37.0,53.42857142857143,54.06666666666667,50.8,203.2,26.71,229.91,REORDER,99.0
2025-10-01,P010,Ballpoint Pen Pack,Stationery,131,320,55,396,100,4,In Stock,2025,10,1,2,40,4,0,60.0,44.0,43.0,53.85714285714285,54.56666666666667,52.1,208.4,26.93,235.33,NO REORDER,0.0
2025-10-02,P010,Ballpoint Pen Pack,Stationery,396,0,63,333,100,4,In Stock,2025,10,2,3,40,4,0,55.0,54.0,55.0,55.42857142857143,54.43333333333333,53.88,215.52,27.71,243.23,NO REORDER,0.0
2025-10-03,P010,Ballpoint Pen Pack,Stationery,333,0,54,279,100,4,In Stock,2025,10,3,4,40,4,0,63.0,54.0,52.0,56.71428571428572,54.93333333333333,54.36,217.44,28.36,245.8,NO REORDER,0.0
2025-10-04,P010,Ballpoint Pen Pack,Stationery,279,0,65,214,100,4,In Stock,2025,10,4,5,40,4,1,54.0,55.0,48.0,56.71428571428572,54.46666666666667,53.88,215.52,28.36,243.88,REORDER,30.0
2025-10-05,P010,Ballpoint Pen Pack,Stationery,214,0,50,164,100,4,In Stock,2025,10,5,6,40,4,1,65.0,59.0,54.0,58.142857142857146,53.66666666666666,54.2,216.8,29.07,245.87,REORDER,82.0
2025-10-06,P010,Ballpoint Pen Pack,Stationery,164,0,44,120,100,4,Reorder Soon,2025,10,6,0,41,4,0,50.0,51.0,48.0,56.85714285714285,53.3,51.04,204.16,28.43,232.59,REORDER,113.0
2025-10-07,P010,Ballpoint Pen Pack,Stationery,120,336,58,398,100,4,In Stock,2025,10,7,1,41,4,0,44.0,60.0,57.0,55.85714285714285,52.3,50.25,201.0,27.93,228.93,NO REORDER,0.0
2025-10-08,P010,Ballpoint Pen Pack,Stationery,398,0,52,346,100,4,In Stock,2025,10,8,2,41,4,0,58.0,55.0,44.0,55.57142857142857,52.6,51.77,207.08,27.79,234.87,NO REORDER,0.0
2025-10-09,P010,Ballpoint Pen Pack,Stationery,346,0,35,311,100,4,In Stock,2025,10,9,3,41,4,0,52.0,63.0,54.0,55.142857142857146,52.73333333333333,51.29,205.16,27.57,232.73,NO REORDER,0.0
2025-10-10,P010,Ballpoint Pen Pack,Stationery,311,0,46,265,100,4,In Stock,2025,10,10,4,41,4,0,35.0,54.0,54.0,51.142857142857146,52.53333333333333,49.81,199.24,25.57,224.81,NO REORDER,0.0
2025-10-11,P010,Ballpoint Pen Pack,Stationery,265,0,58,207,100,4,In Stock,2025,10,11,5,41,4,1,46.0,65.0,55.0,50.0,51.9,52.99,211.96,25.0,236.96,REORDER,30.0
2025-10-12,P010,Ballpoint Pen Pack,Stationery,207,0,54,153,100,4,In Stock,2025,10,12,6,41,4,1,58.0,50.0,59.0,49.0,52.4,52.94,211.76,24.5,236.26,REORDER,83.0
2025-10-13,P010,Ballpoint Pen Pack,Stationery,153,0,46,107,100,4,Reorder Soon,2025,10,13,0,42,4,0,54.0,44.0,51.0,49.57142857142857,51.86666666666667,49.58,198.32,24.79,223.11,REORDER,116.0
2025-10-14,P010,Ballpoint Pen Pack,Stationery,107,349,52,404,100,4,In Stock,2025,10,14,1,42,4,0,46.0,58.0,60.0,49.85714285714285,51.8,52.72,210.88,24.93,235.81,NO REORDER,0.0
2025-10-15,P010,Ballpoint Pen Pack,Stationery,404,0,54,350,100,4,In Stock,2025,10,15,2,42,4,0,52.0,52.0,55.0,49.0,51.06666666666667,52.6,210.4,24.5,234.9,NO REORDER,0.0
2025-10-16,P010,Ballpoint Pen Pack,Stationery,350,0,39,311,100,4,In Stock,2025,10,16,3,42,4,0,54.0,35.0,63.0,49.285714285714285,51.9,52.03,208.12,24.64,232.76,NO REORDER,0.0
2025-10-17,P010,Ballpoint Pen Pack,Stationery,311,0,62,249,100,4,In Stock,2025,10,17,4,42,4,0,39.0,46.0,54.0,49.85714285714285,51.96666666666667,50.06,200.24,24.93,225.17,NO REORDER,0.0
2025-10-18,P010,Ballpoint Pen Pack,Stationery,249,0,67,182,100,4,In Stock,2025,10,18,5,42,4,1,62.0,58.0,65.0,52.142857142857146,52.6,57.14,228.56,26.07,254.63,REORDER,73.0
2025-10-19,P010,Ballpoint Pen Pack,Stationery,182,0,49,133,100,4,Reorder Soon,2025,10,19,6,42,4,1,67.0,54.0,50.0,53.42857142857143,53.0,49.01,196.04,26.71,222.75,REORDER,90.0
2025-10-20,P010,Ballpoint Pen Pack,Stationery,133,333,69,397,100,4,In Stock,2025,10,20,0,43,4,0,49.0,46.0,44.0,52.71428571428572,52.9,52.28,209.12,26.36,235.48,NO REORDER,0.0
2025-10-21,P010,Ballpoint Pen Pack,Stationery,397,0,52,345,100,4,In Stock,2025,10,21,1,43,4,0,69.0,52.0,58.0,56.0,53.6,53.32,213.28,28.0,241.28,NO REORDER,0.0
2025-10-22,P010,Ballpoint Pen Pack,Stationery,345,0,61,284,100,4,In Stock,2025,10,22,2,43,4,0,52.0,54.0,52.0,56.0,53.53333333333333,51.36,205.44,28.0,233.44,NO REORDER,0.0
2025-10-23,P010,Ballpoint Pen Pack,Stationery,284,0,74,210,100,4,In Stock,2025,10,23,3,43,4,0,61.0,39.0,35.0,57.0,53.96666666666667,54.38,217.52,28.5,246.02,REORDER,36.0
2025-10-24,P010,Ballpoint Pen Pack,Stationery,210,0,52,158,100,4,In Stock,2025,10,24,4,43,4,0,74.0,62.0,46.0,62.0,54.53333333333333,56.96,227.84,31.0,258.84,REORDER,101.0
2025-10-25,P010,Ballpoint Pen Pack,Stationery,158,0,43,115,100,4,Reorder Soon,2025,10,25,5,43,4,1,52.0,67.0,58.0,60.57142857142857,54.8,48.78,195.12,30.29,225.41,REORDER,110.0
2025-10-26,P010,Ballpoint Pen Pack,Stationery,115,330,49,396,100,4,In Stock,2025,10,26,6,43,4,1,43.0,49.0,54.0,57.142857142857146,54.43333333333333,53.33,213.32,28.57,241.89,NO REORDER,0.0
2025-10-27,P010,Ballpoint Pen Pack,Stationery,396,0,39,357,100,4,In Stock,2025,10,27,0,44,4,0,49.0,69.0,46.0,57.142857142857146,54.266666666666666,46.5,186.0,28.57,214.57,NO REORDER,0.0
2025-10-28,P010,Ballpoint Pen Pack,Stationery,357,0,63,294,100,4,In Stock,2025,10,28,1,44,4,0,39.0,52.0,52.0,52.85714285714285,53.73333333333333,58.76,235.04,26.43,261.47,NO REORDER,0.0
2025-10-29,P010,Ballpoint Pen Pack,Stationery,294,0,50,244,100,4,In Stock,2025,10,29,2,44,4,0,63.0,61.0,54.0,54.42857142857143,53.86666666666667,53.62,214.48,27.21,241.69,NO REORDER,0.0
2025-10-30,P010,Ballpoint Pen Pack,Stationery,244,0,54,190,100,4,In Stock,2025,10,30,3,44,4,0,50.0,74.0,39.0,52.85714285714285,53.833333333333336,51.46,205.84,26.43,232.27,REORDER,42.0
2025-10-31,P010,Ballpoint Pen Pack,Stationery,190,0,74,116,100,4,Reorder Soon,2025,10,31,4,44,4,0,54.0,52.0,62.0,50.0,53.63333333333333,53.56,214.24,25.0,239.24,REORDER,123.0
2025-11-01,P010,Ballpoint Pen Pack,Stationery,116,331,54,393,100,4,In Stock,2025,11,1,5,44,4,1,74.0,43.0,67.0,53.142857142857146,54.266666666666666,57.9,231.6,26.57,258.17,NO REORDER,0.0
2025-11-02,P010,Ballpoint Pen Pack,Stationery,393,0,66,327,100,4,In Stock,2025,11,2,6,44,4,1,54.0,49.0,49.0,54.71428571428572,53.96666666666667,55.2,220.8,27.36,248.16,NO REORDER,0.0
2025-11-03,P010,Ballpoint Pen Pack,Stationery,327,0,57,270,100,4,In Stock,2025,11,3,0,45,4,0,66.0,39.0,69.0,57.142857142857146,54.36666666666667,55.42,221.68,28.57,250.25,NO REORDER,0.0
2025-11-04,P010,Ballpoint Pen Pack,Stationery,270,0,52,218,100,4,In Stock,2025,11,4,1,45,4,0,57.0,63.0,52.0,59.71428571428572,54.1,52.94,211.76,29.86,241.62,REORDER,24.0
2025-11-05,P010,Ballpoint Pen Pack,Stationery,218,0,64,154,100,4,In Stock,2025,11,5,2,45,4,0,52.0,50.0,61.0,58.142857142857146,54.16666666666666,54.28,217.12,29.07,246.19,REORDER,92.0
2025-11-06,P010,Ballpoint Pen Pack,Stationery,154,0,47,107,100,4,Reorder Soon,2025,11,6,3,45,4,0,64.0,54.0,74.0,60.142857142857146,54.833333333333336,53.92,215.68,30.07,245.75,REORDER,139.0
2025-11-07,P010,Ballpoint Pen Pack,Stationery,107,363,60,410,100,4,In Stock,2025,11,7,4,45,4,0,47.0,74.0,52.0,59.142857142857146,54.46666666666667,53.78,215.12,29.57,244.69,NO REORDER,0.0
2025-11-08,P010,Ballpoint Pen Pack,Stationery,410,0,63,347,100,4,In Stock,2025,11,8,5,45,4,1,60.0,54.0,43.0,57.142857142857146,54.73333333333333,51.24,204.96,28.57,233.53,NO REORDER,0.0
2025-11-09,P010,Ballpoint Pen Pack,Stationery,347,0,79,268,100,4,In Stock,2025,11,9,6,45,4,1,63.0,66.0,49.0,58.42857142857143,55.66666666666666,54.48,217.92,29.21,247.13,NO REORDER,0.0
2025-11-10,P010,Ballpoint Pen Pack,Stationery,268,0,67,201,100,4,In Stock,2025,11,10,0,46,4,0,79.0,57.0,39.0,60.285714285714285,56.766666666666666,48.8,195.2,30.14,225.34,REORDER,24.0
2025-11-11,P010,Ballpoint Pen Pack,Stationery,201,0,35,166,100,4,In Stock,2025,11,11,1,46,4,0,67.0,52.0,63.0,61.71428571428572,57.06666666666667,58.0,232.0,30.86,262.86,REORDER,97.0
2025-11-12,P010,Ballpoint Pen Pack,Stationery,166,0,61,105,100,4,Reorder Soon,2025,11,12,2,46,4,0,35.0,64.0,50.0,59.285714285714285,56.43333333333333,57.08,228.32,29.64,257.96,REORDER,153.0
2025-11-13,P010,Ballpoint Pen Pack,Stationery,105,339,45,399,100,4,In Stock,2025,11,13,3,46,4,0,61.0,47.0,54.0,58.85714285714285,56.93333333333333,51.37,205.48,29.43,234.91,NO REORDER,0.0
2025-11-14,P010,Ballpoint Pen Pack,Stationery,399,0,73,326,100,4,In Stock,2025,11,14,4,46,4,0,45.0,60.0,74.0,58.57142857142857,56.7,55.36,221.44,29.29,250.73,NO REORDER,0.0
2025-11-15,P010,Ballpoint Pen Pack,Stationery,326,0,44,282,100,4,In Stock,2025,11,15,5,46,4,1,73.0,63.0,54.0,60.42857142857143,57.333333333333336,54.78,219.12,30.21,249.33,NO REORDER,0.0
2025-11-16,P010,Ballpoint Pen Pack,Stationery,282,0,41,241,100,4,In Stock,2025,11,16,6,46,4,1,44.0,79.0,66.0,57.71428571428572,57.5,54.58,218.32,28.86,247.18,REORDER,6.0
2025-11-17,P010,Ballpoint Pen Pack,Stationery,241,0,61,180,100,4,In Stock,2025,11,17,0,47,4,0,41.0,67.0,57.0,52.285714285714285,56.8,52.54,210.16,26.14,236.3,REORDER,56.0
2025-11-18,P010,Ballpoint Pen Pack,Stationery,180,0,50,130,100,4,Reorder Soon,2025,11,18,1,47,4,0,61.0,35.0,52.0,51.42857142857143,56.6,53.43,213.72,25.71,239.43,REORDER,109.0
2025-11-19,P010,Ballpoint Pen Pack,Stationery,130,325,49,406,100,4,In Stock,2025,11,19,2,47,4,0,50.0,61.0,64.0,53.57142857142857,56.63333333333333,50.1,200.4,26.79,227.19,NO REORDER,0.0
2025-11-20,P010,Ballpoint Pen Pack,Stationery,406,0,53,353,100,4,In Stock,2025,11,20,3,47,4,0,49.0,45.0,47.0,51.85714285714285,55.96666666666667,52.38,209.52,25.93,235.45,NO REORDER,0.0
2025-11-21,P010,Ballpoint Pen Pack,Stationery,353,0,48,305,100,4,In Stock,2025,11,21,4,47,4,0,53.0,73.0,60.0,53.0,56.0,51.44,205.76,26.5,232.26,NO REORDER,0.0
2025-11-22,P010,Ballpoint Pen Pack,Stationery,305,0,65,240,100,4,In Stock,2025,11,22,5,47,4,1,48.0,44.0,63.0,49.42857142857143,55.56666666666667,57.4,229.6,24.71,254.31,REORDER,14.0
2025-11-23,P010,Ballpoint Pen Pack,Stationery,240,0,47,193,100,4,In Stock,2025,11,23,6,47,4,1,65.0,41.0,79.0,52.42857142857143,55.266666666666666,58.98,235.92,26.21,262.13,REORDER,69.0
2025-11-24,P010,Ballpoint Pen Pack,Stationery,193,0,52,141,100,4,Reorder Soon,2025,11,24,0,48,4,0,47.0,61.0,67.0,53.285714285714285,55.1,51.82,207.28,26.64,233.92,REORDER,93.0
2025-11-25,P010,Ballpoint Pen Pack,Stationery,141,306,44,403,100,4,In Stock,2025,11,25,1,48,4,0,52.0,50.0,35.0,52.0,55.4,53.44,213.76,26.0,239.76,NO REORDER,0.0
2025-11-26,P010,Ballpoint Pen Pack,Stationery,403,0,54,349,100,4,In Stock,2025,11,26,2,48,4,0,44.0,49.0,61.0,51.142857142857146,55.23333333333333,53.01,212.04,25.57,237.61,NO REORDER,0.0
2025-11-27,P010,Ballpoint Pen Pack,Stationery,349,0,49,300,100,4,In Stock,2025,11,27,3,48,4,0,54.0,53.0,45.0,51.85714285714285,55.73333333333333,52.12,208.48,25.93,234.41,NO REORDER,0.0
2025-11-28,P010,Ballpoint Pen Pack,Stationery,300,0,57,243,100,4,In Stock,2025,11,28,4,48,4,0,49.0,48.0,73.0,51.285714285714285,55.266666666666666,59.03,236.12,25.64,261.76,REORDER,19.0
2025-11-29,P010,Ballpoint Pen Pack,Stationery,243,0,61,182,100,4,In Stock,2025,11,29,5,48,4,1,57.0,65.0,44.0,52.57142857142857,55.5,52.86,211.44,26.29,237.73,REORDER,56.0
2025-11-30,P010,Ballpoint Pen Pack,Stationery,182,0,70,112,100,4,Reorder Soon,2025,11,30,6,48,4,1,61.0,47.0,41.0,52.0,55.73333333333333,55.34,221.36,26.0,247.36,REORDER,135.0
2025-12-01,P010,Ballpoint Pen Pack,Stationery,112,363,73,402,100,4,In Stock,2025,12,1,0,49,4,0,70.0,52.0,61.0,55.285714285714285,55.6,53.6,214.4,27.64,242.04,NO REORDER,0.0
2025-12-02,P010,Ballpoint Pen Pack,Stationery,402,0,47,355,100,4,In Stock,2025,12,2,1,49,4,0,73.0,44.0,50.0,58.285714285714285,56.23333333333333,52.32,209.28,29.14,238.42,NO REORDER,0.0
2025-12-03,P010,Ballpoint Pen Pack,Stationery,355,0,59,296,100,4,In Stock,2025,12,3,2,49,4,0,47.0,54.0,49.0,58.71428571428572,55.6,51.41,205.64,29.36,235.0,NO REORDER,0.0
2025-12-04,P010,Ballpoint Pen Pack,Stationery,296,0,49,247,100,4,In Stock,2025,12,4,3,49,4,0,59.0,49.0,53.0,59.42857142857143,55.66666666666666,51.86,207.44,29.71,237.15,NO REORDER,0.0
2025-12-05,P010,Ballpoint Pen Pack,Stationery,247,0,58,189,100,4,In Stock,2025,12,5,4,49,4,0,49.0,57.0,48.0,59.42857142857143,55.56666666666667,51.72,206.88,29.71,236.59,REORDER,48.0
2025-12-06,P010,Ballpoint Pen Pack,Stationery,189,0,60,129,100,4,Reorder Soon,2025,12,6,5,49,4,1,58.0,61.0,65.0,59.57142857142857,55.36666666666667,55.4,221.6,29.79,251.39,REORDER,122.0
2025-12-07,P010,Ballpoint Pen Pack,Stationery,129,327,60,396,100,4,In Stock,2025,12,7,6,49,4,1,60.0,70.0,47.0,59.42857142857143,55.8,49.94,199.76,29.71,229.47,NO REORDER,0.0
2025-12-08,P010,Ballpoint Pen Pack,Stationery,396,0,60,336,100,4,In Stock,2025,12,8,0,50,4,0,60.0,73.0,52.0,58.0,55.8,50.38,201.52,29.0,230.52,NO REORDER,0.0
2025-12-09,P010,Ballpoint Pen Pack,Stationery,336,0,54,282,100,4,In Stock,2025,12,9,1,50,4,0,60.0,47.0,44.0,56.142857142857146,55.7,51.91,207.64,28.07,235.71,NO REORDER,0.0
2025-12-10,P010,Ballpoint Pen Pack,Stationery,282,0,50,232,100,4,In Stock,2025,12,10,2,50,4,0,54.0,59.0,54.0,57.142857142857146,54.86666666666667,52.08,208.32,28.57,236.89,REORDER,5.0
2025-12-11,P010,Ballpoint Pen Pack,Stationery,232,0,54,178,100,4,In Stock,2025,12,11,3,50,4,0,50.0,49.0,49.0,55.85714285714285,54.3,53.06,212.24,27.93,240.17,REORDER,62.0
2025-12-12,P010,Ballpoint Pen Pack,Stationery,178,0,72,106,100,4,Reorder Soon,2025,12,12,4,50,4,0,54.0,58.0,57.0,56.57142857142857,54.93333333333333,54.76,219.04,28.29,247.33,REORDER,141.0
2025-12-13,P010,Ballpoint Pen Pack,Stationery,106,341,51,396,100,4,In Stock,2025,12,13,5,50,4,1,72.0,60.0,61.0,58.57142857142857,55.3,52.72,210.88,29.29,240.17,NO REORDER,0.0
2025-12-14,P010,Ballpoint Pen Pack,Stationery,396,0,53,343,100,4,In Stock,2025,12,14,6,50,4,1,51.0,60.0,70.0,57.285714285714285,55.5,51.8,207.2,28.64,235.84,NO REORDER,0.0
2025-12-15,P010,Ballpoint Pen Pack,Stationery,343,0,47,296,100,4,In Stock,2025,12,15,0,51,4,0,53.0,60.0,73.0,56.285714285714285,54.833333333333336,52.94,211.76,28.14,239.9,NO REORDER,0.0
2025-12-16,P010,Ballpoint Pen Pack,Stationery,296,0,38,258,100,4,In Stock,2025,12,16,1,51,4,0,47.0,54.0,47.0,54.42857142857143,54.93333333333333,52.39,209.56,27.21,236.77,NO REORDER,0.0
2025-12-17,P010,Ballpoint Pen Pack,Stationery,258,0,53,205,100,4,In Stock,2025,12,17,2,51,4,0,38.0,50.0,59.0,52.142857142857146,54.833333333333336,57.36,229.44,26.07,255.51,REORDER,51.0
2025-12-18,P010,Ballpoint Pen Pack,Stationery,205,0,59,146,100,4,Reorder Soon,2025,12,18,3,51,4,0,53.0,54.0,49.0,52.57142857142857,54.56666666666667,52.63,210.52,26.29,236.81,REORDER,91.0
2025-12-19,P010,Ballpoint Pen Pack,Stationery,146,300,46,400,100,4,In Stock,2025,12,19,4,51,4,0,59.0,72.0,58.0,53.285714285714285,54.86666666666667,51.56,206.24,26.64,232.88,NO REORDER,0.0
2025-12-20,P010,Ballpoint Pen Pack,Stationery,400,0,68,332,100,4,In Stock,2025,12,20,5,51,4,1,46.0,51.0,60.0,49.57142857142857,54.766666666666666,54.44,217.76,24.79,242.55,NO REORDER,0.0
2025-12-21,P010,Ballpoint Pen Pack,Stationery,332,0,60,272,100,4,In Stock,2025,12,21,6,51,4,1,68.0,53.0,60.0,52.0,55.266666666666666,56.86,227.44,26.0,253.44,NO REORDER,0.0
2025-12-22,P010,Ballpoint Pen Pack,Stationery,272,0,62,210,100,4,In Stock,2025,12,22,0,52,4,0,60.0,47.0,60.0,53.0,55.66666666666666,51.07,204.28,26.5,230.78,REORDER,21.0
2025-12-23,P010,Ballpoint Pen Pack,Stationery,210,0,56,154,100,4,In Stock,2025,12,23,1,52,4,0,62.0,38.0,54.0,55.142857142857146,55.56666666666667,52.72,210.88,27.57,238.45,REORDER,84.0
2025-12-24,P010,Ballpoint Pen Pack,Stationery,154,295,57,392,100,4,In Stock,2025,12,24,2,52,4,0,56.0,53.0,50.0,57.71428571428572,55.86666666666667,48.94,195.76,28.86,224.62,NO REORDER,0.0
2025-12-25,P010,Ballpoint Pen Pack,Stationery,392,0,69,323,100,4,In Stock,2025,12,25,3,52,4,0,57.0,59.0,54.0,58.285714285714285,56.03333333333333,51.22,204.88,29.14,234.02,NO REORDER,0.0
2025-12-26,P010,Ballpoint Pen Pack,Stationery,323,0,62,261,100,4,In Stock,2025,12,26,4,52,4,0,69.0,46.0,72.0,59.71428571428572,56.86666666666667,57.47,229.88,29.86,259.74,NO REORDER,0.0
2025-12-27,P010,Ballpoint Pen Pack,Stationery,261,0,48,213,100,4,In Stock,2025,12,27,5,52,4,1,62.0,68.0,51.0,62.0,57.13333333333333,59.27,237.08,31.0,268.08,REORDER,55.0
2025-12-28,P010,Ballpoint Pen Pack,Stationery,213,0,51,162,100,4,In Stock,2025,12,28,6,52,4,1,48.0,60.0,53.0,59.142857142857146,57.1,51.48,205.92,29.57,235.49,REORDER,73.0
2025-12-29,P010,Ballpoint Pen Pack,Stationery,162,327,88,401,100,4,In Stock,2025,12,29,0,1,4,0,51.0,62.0,47.0,57.85714285714285,56.9,52.02,208.08,28.93,237.01,NO REORDER,0.0
2025-12-30,P010,Ballpoint Pen Pack,Stationery,401,0,60,341,100,4,In Stock,2025,12,30,1,1,4,0,88.0,56.0,38.0,61.57142857142857,57.8,53.07,212.28,30.79,243.07,NO REORDER,0.0
2025-12-31,P010,Ballpoint Pen Pack,Stationery,341,0,42,299,100,4,In Stock,2025,12,31,2,1,4,0,60.0,57.0,53.0,62.142857142857146,57.46666666666667,56.66,226.64,31.07,257.71,NO REORDER,0.0
2025-08-13,P011,Desk Organizer,Stationery,133,0,9,124,35,9,In Stock,2025,8,13,2,33,3,0,16.0,18.0,16.0,16.285714285714285,15.8,15.16,136.44,8.14,144.58,REORDER,21.0
2025-08-14,P011,Desk Organizer,Stationery,124,0,13,111,35,9,In Stock,2025,8,14,3,33,3,0,9.0,16.0,18.0,15.0,15.666666666666666,14.95,134.55,7.5,142.05,REORDER,31.0
2025-08-15,P011,Desk Organizer,Stationery,111,0,8,103,35,9,In Stock,2025,8,15,4,33,3,0,13.0,15.0,16.0,14.571428571428571,15.466666666666669,14.6,131.4,7.29,138.69,REORDER,36.0
2025-08-16,P011,Desk Organizer,Stationery,103,0,16,87,35,9,In Stock,2025,8,16,5,33,3,1,8.0,18.0,15.0,13.571428571428571,15.233333333333333,13.67,123.03,6.79,129.82,REORDER,43.0
2025-08-17,P011,Desk Organizer,Stationery,87,0,17,70,35,9,In Stock,2025,8,17,6,33,3,1,16.0,16.0,14.0,13.285714285714286,15.2,15.44,138.96,6.64,145.6,REORDER,76.0
2025-08-18,P011,Desk Organizer,Stationery,70,0,16,54,35,9,In Stock,2025,8,18,0,34,3,0,17.0,15.0,19.0,13.428571428571429,15.233333333333333,14.18,127.62,6.71,134.33,REORDER,80.0
2025-08-19,P011,Desk Organizer,Stationery,54,0,18,36,35,9,Reorder Soon,2025,8,19,1,34,3,0,16.0,16.0,16.0,13.571428571428571,15.2,14.16,127.44,6.79,134.23,REORDER,98.0
2025-08-20,P011,Desk Organizer,Stationery,36,124,16,144,35,9,In Stock,2025,8,20,2,34,3,0,18.0,9.0,18.0,13.857142857142858,15.366666666666667,14.8,133.2,6.93,140.13,NO REORDER,0.0
2025-08-21,P011,Desk Organizer,Stationery,144,0,14,130,35,9,In Stock,2025,8,21,3,34,3,0,16.0,13.0,16.0,14.857142857142858,15.3,14.47,130.23,7.43,137.66,REORDER,8.0
2025-08-22,P011,Desk Organizer,Stationery,130,0,17,113,35,9,In Stock,2025,8,22,4,34,3,0,14.0,8.0,15.0,15.0,15.4,15.98,143.82,7.5,151.32,REORDER,38.0
2025-08-23,P011,Desk Organizer,Stationery,113,0,13,100,35,9,In Stock,2025,8,23,5,34,3,1,17.0,16.0,18.0,16.285714285714285,15.5,15.58,140.22,8.14,148.36,REORDER,48.0
2025-08-24,P011,Desk Organizer,Stationery,100,0,17,83,35,9,In Stock,2025,8,24,6,34,3,1,13.0,17.0,16.0,15.857142857142858,15.4,15.66,140.94,7.93,148.87,REORDER,66.0
2025-08-25,P011,Desk Organizer,Stationery,83,0,18,65,35,9,In Stock,2025,8,25,0,35,3,0,17.0,16.0,15.0,15.857142857142858,15.366666666666667,14.29,128.61,7.93,136.54,REORDER,72.0
2025-08-26,P011,Desk Organizer,Stationery,65,0,13,52,35,9,Reorder Soon,2025,8,26,1,35,3,0,18.0,18.0,16.0,16.142857142857142,15.433333333333334,14.22,127.98,8.07,136.05,REORDER,84.0
2025-08-27,P011,Desk Organizer,Stationery,52,0,13,39,35,9,Reorder Soon,2025,8,27,2,35,3,0,13.0,16.0,9.0,15.428571428571429,15.366666666666667,14.59,131.31,7.71,139.02,REORDER,100.0
2025-08-28,P011,Desk Organizer,Stationery,39,106,11,134,35,9,In Stock,2025,8,28,3,35,3,0,13.0,14.0,13.0,15.0,15.333333333333334,14.58,131.22,7.5,138.72,REORDER,5.0
2025-08-29,P011,Desk Organizer,Stationery,134,0,19,115,35,9,In Stock,2025,8,29,4,35,3,0,11.0,17.0,8.0,14.571428571428571,15.233333333333333,15.92,143.28,7.29,150.57,REORDER,36.0
2025-08-30,P011,Desk Organizer,Stationery,115,0,19,96,35,9,In Stock,2025,8,30,5,35,3,1,19.0,13.0,16.0,14.857142857142858,15.333333333333334,15.4,138.6,7.43,146.03,REORDER,50.0
2025-08-31,P011,Desk Organizer,Stationery,96,0,12,84,35,9,In Stock,2025,8,31,6,35,3,1,19.0,17.0,17.0,15.714285714285714,15.366666666666667,16.31,146.79,7.86,154.65,REORDER,71.0
2025-09-01,P011,Desk Organizer,Stationery,84,0,13,71,35,9,In Stock,2025,9,1,0,36,3,0,12.0,18.0,16.0,15.0,15.233333333333333,14.77,132.93,7.5,140.43,REORDER,69.0
2025-09-02,P011,Desk Organizer,Stationery,71,0,16,55,35,9,In Stock,2025,9,2,1,36,3,0,13.0,13.0,18.0,14.285714285714286,15.166666666666666,13.94,125.46,7.14,132.6,REORDER,78.0
2025-09-03,P011,Desk Organizer,Stationery,55,0,12,43,35,9,Reorder Soon,2025,9,3,2,36,3,0,16.0,13.0,16.0,14.714285714285714,15.233333333333333,14.22,127.98,7.36,135.34,REORDER,92.0
2025-09-04,P011,Desk Organizer,Stationery,43,101,13,131,35,9,In Stock,2025,9,4,3,36,3,0,12.0,11.0,14.0,14.571428571428571,15.0,14.06,126.54,7.29,133.83,REORDER,3.0
2025-09-05,P011,Desk Organizer,Stationery,131,0,16,115,35,9,In Stock,2025,9,5,4,36,3,0,13.0,19.0,17.0,14.857142857142858,14.9,15.36,138.24,7.43,145.67,REORDER,31.0
2025-09-06,P011,Desk Organizer,Stationery,115,0,13,102,35,9,In Stock,2025,9,6,5,36,3,1,16.0,19.0,13.0,14.428571428571429,14.833333333333334,14.82,133.38,7.21,140.59,REORDER,39.0
2025-09-07,P011,Desk Organizer,Stationery,102,0,13,89,35,9,In Stock,2025,9,7,6,36,3,1,13.0,12.0,17.0,13.571428571428571,14.733333333333333,15.32,137.88,6.79,144.67,REORDER,56.0
2025-09-08,P011,Desk Organizer,Stationery,89,0,21,68,35,9,In Stock,2025,9,8,0,37,3,0,13.0,13.0,18.0,13.714285714285714,14.666666666666666,14.56,131.04,6.86,137.9,REORDER,70.0
2025-09-09,P011,Desk Organizer,Stationery,68,0,14,54,35,9,In Stock,2025,9,9,1,37,3,0,21.0,16.0,13.0,14.857142857142858,14.766666666666667,14.14,127.26,7.43,134.69,REORDER,81.0
2025-09-10,P011,Desk Organizer,Stationery,54,0,17,37,35,9,Reorder Soon,2025,9,10,2,37,3,0,14.0,12.0,13.0,14.571428571428571,14.7,14.08,126.72,7.29,134.01,REORDER,97.0
2025-09-11,P011,Desk Organizer,Stationery,37,109,15,131,35,9,In Stock,2025,9,11,3,37,3,0,17.0,13.0,11.0,15.285714285714286,14.766666666666667,14.42,129.78,7.64,137.42,REORDER,6.0
2025-09-12,P011,Desk Organizer,Stationery,131,0,12,119,35,9,In Stock,2025,9,12,4,37,3,0,15.0,16.0,19.0,15.571428571428571,14.733333333333333,15.13,136.17,7.79,143.96,REORDER,25.0
2025-09-13,P011,Desk Organizer,Stationery,119,0,18,101,35,9,In Stock,2025,9,13,5,37,3,1,12.0,13.0,19.0,15.0,14.833333333333334,14.67,132.03,7.5,139.53,REORDER,39.0
2025-09-14,P011,Desk Organizer,Stationery,101,0,16,85,35,9,In Stock,2025,9,14,6,37,3,1,18.0,13.0,12.0,15.714285714285714,15.0,16.88,151.92,7.86,159.78,REORDER,75.0
2025-09-15,P011,Desk Organizer,Stationery,85,0,17,68,35,9,In Stock,2025,9,15,0,38,3,0,16.0,21.0,13.0,16.142857142857142,15.266666666666667,15.3,137.7,8.07,145.77,REORDER,78.0
2025-09-16,P011,Desk Organizer,Stationery,68,0,12,56,35,9,In Stock,2025,9,16,1,38,3,0,17.0,14.0,16.0,15.571428571428571,15.3,13.9,125.1,7.79,132.89,REORDER,77.0
2025-09-17,P011,Desk Organizer,Stationery,56,0,17,39,35,9,Reorder Soon,2025,9,17,2,38,3,0,12.0,17.0,12.0,15.285714285714286,15.133333333333333,14.8,133.2,7.64,140.84,REORDER,102.0
2025-09-18,P011,Desk Organizer,Stationery,39,124,21,142,35,9,In Stock,2025,9,18,3,38,3,0,17.0,15.0,13.0,15.285714285714286,15.166666666666666,15.04,135.36,7.64,143.0,REORDER,1.0
2025-09-19,P011,Desk Organizer,Stationery,142,0,12,130,35,9,In Stock,2025,9,19,4,38,3,0,21.0,12.0,16.0,16.142857142857142,15.266666666666667,14.9,134.1,8.07,142.17,REORDER,12.0
2025-09-20,P011,Desk Organizer,Stationery,130,0,19,111,35,9,In Stock,2025,9,20,5,38,3,1,12.0,18.0,13.0,16.142857142857142,15.133333333333333,15.64,140.76,8.07,148.83,REORDER,38.0
2025-09-21,P011,Desk Organizer,Stationery,111,0,16,95,35,9,In Stock,2025,9,21,6,38,3,1,19.0,16.0,13.0,16.285714285714285,15.3,15.78,142.02,8.14,150.16,REORDER,55.0
2025-09-22,P011,Desk Organizer,Stationery,95,0,15,80,35,9,In Stock,2025,9,22,0,39,3,0,16.0,17.0,21.0,16.285714285714285,15.266666666666667,14.16,127.44,8.14,135.58,REORDER,56.0
2025-09-23,P011,Desk Organizer,Stationery,80,0,17,63,35,9,In Stock,2025,9,23,1,39,3,0,15.0,12.0,14.0,16.0,15.333333333333334,14.35,129.15,8.0,137.15,REORDER,74.0
2025-09-24,P011,Desk Organizer,Stationery,63,0,17,46,35,9,Reorder Soon,2025,9,24,2,39,3,0,17.0,17.0,17.0,16.714285714285715,15.333333333333334,15.04,135.36,8.36,143.72,REORDER,98.0
2025-09-25,P011,Desk Organizer,Stationery,46,106,18,134,35,9,In Stock,2025,9,25,3,39,3,0,17.0,21.0,15.0,16.714285714285715,15.3,14.58,131.22,8.36,139.58,REORDER,6.0
2025-09-26,P011,Desk Organizer,Stationery,134,0,12,122,35,9,In Stock,2025,9,26,4,39,3,0,18.0,12.0,12.0,16.285714285714285,15.466666666666669,15.34,138.06,8.14,146.2,REORDER,24.0
2025-09-27,P011,Desk Organizer,Stationery,122,0,19,103,35,9,In Stock,2025,9,27,5,39,3,1,12.0,19.0,18.0,16.285714285714285,15.433333333333334,14.96,134.64,8.14,142.78,REORDER,40.0
2025-09-28,P011,Desk Organizer,Stationery,103,0,17,86,35,9,In Stock,2025,9,28,6,39,3,1,19.0,16.0,16.0,16.285714285714285,15.7,16.01,144.09,8.14,152.23,REORDER,66.0
2025-09-29,P011,Desk Organizer,Stationery,86,0,11,75,35,9,In Stock,2025,9,29,0,40,3,0,17.0,15.0,17.0,16.428571428571427,15.633333333333333,14.56,131.04,8.21,139.25,REORDER,64.0
2025-09-30,P011,Desk Organizer,Stationery,75,0,14,61,35,9,In Stock,2025,9,30,1,40,3,0,11.0,17.0,12.0,15.857142857142858,15.366666666666667,14.41,129.69,7.93,137.62,REORDER,77.0
2025-10-01,P011,Desk Organizer,Stationery,61,0,16,45,35,9,Reorder Soon,2025,10,1,2,40,4,0,14.0,17.0,17.0,15.428571428571429,15.433333333333334,15.6,140.4,7.71,148.11,REORDER,103.0
2025-10-02,P011,Desk Organizer,Stationery,45,106,14,137,35,9,In Stock,2025,10,2,3,40,4,0,16.0,18.0,21.0,15.285714285714286,15.533333333333331,14.91,134.19,7.64,141.83,REORDER,5.0
2025-10-03,P011,Desk Organizer,Stationery,137,0,15,122,35,9,In Stock,2025,10,3,4,40,4,0,14.0,12.0,12.0,14.714285714285714,15.466666666666669,15.28,137.52,7.36,144.88,REORDER,23.0
2025-10-04,P011,Desk Organizer,Stationery,122,0,15,107,35,9,In Stock,2025,10,4,5,40,4,1,15.0,19.0,19.0,15.142857142857142,15.566666666666666,15.0,135.0,7.57,142.57,REORDER,36.0
2025-10-05,P011,Desk Organizer,Stationery,107,0,21,86,35,9,In Stock,2025,10,5,6,40,4,1,15.0,17.0,16.0,14.571428571428571,15.633333333333333,15.04,135.36,7.29,142.65,REORDER,57.0
2025-10-06,P011,Desk Organizer,Stationery,86,0,22,64,35,9,In Stock,2025,10,6,0,41,4,0,21.0,11.0,15.0,15.142857142857142,15.8,14.9,134.1,7.57,141.67,REORDER,78.0
2025-10-07,P011,Desk Organizer,Stationery,64,0,17,47,35,9,Reorder Soon,2025,10,7,1,41,4,0,22.0,14.0,17.0,16.714285714285715,16.1,17.15,154.35,8.36,162.71,REORDER,116.0
2025-10-08,P011,Desk Organizer,Stationery,47,99,15,131,35,9,In Stock,2025,10,8,2,41,4,0,17.0,16.0,17.0,17.142857142857142,16.233333333333334,15.72,141.48,8.57,150.05,REORDER,19.0
2025-10-09,P011,Desk Organizer,Stationery,131,0,13,118,35,9,In Stock,2025,10,9,3,41,4,0,15.0,14.0,18.0,17.0,16.033333333333335,16.6,149.4,8.5,157.9,REORDER,40.0
2025-10-10,P011,Desk Organizer,Stationery,118,0,18,100,35,9,In Stock,2025,10,10,4,41,4,0,13.0,15.0,12.0,16.857142857142858,16.0,16.73,150.57,8.43,159.0,REORDER,59.0
2025-10-11,P011,Desk Organizer,Stationery,100,0,17,83,35,9,In Stock,2025,10,11,5,41,4,1,18.0,15.0,19.0,17.285714285714285,16.033333333333335,16.82,151.38,8.64,160.02,REORDER,77.0
2025-10-12,P011,Desk Organizer,Stationery,83,0,14,69,35,9,In Stock,2025,10,12,6,41,4,1,17.0,21.0,17.0,17.571428571428573,16.1,16.84,151.56,8.79,160.35,REORDER,91.0
2025-10-13,P011,Desk Organizer,Stationery,69,0,13,56,35,9,In Stock,2025,10,13,0,42,4,0,14.0,22.0,11.0,16.571428571428573,16.166666666666668,16.26,146.34,8.29,154.63,REORDER,99.0
2025-10-14,P011,Desk Organizer,Stationery,56,0,15,41,35,9,Reorder Soon,2025,10,14,1,42,4,0,13.0,17.0,14.0,15.285714285714286,16.0,16.26,146.34,7.64,153.98,REORDER,113.0
2025-10-15,P011,Desk Organizer,Stationery,41,120,22,139,35,9,In Stock,2025,10,15,2,42,4,0,15.0,15.0,16.0,15.0,15.966666666666669,15.99,143.91,7.5,151.41,REORDER,12.0
2025-10-16,P011,Desk Organizer,Stationery,139,0,17,122,35,9,In Stock,2025,10,16,3,42,4,0,22.0,13.0,14.0,16.0,16.133333333333333,17.08,153.72,8.0,161.72,REORDER,40.0
2025-10-17,P011,Desk Organizer,Stationery,122,0,15,107,35,9,In Stock,2025,10,17,4,42,4,0,17.0,18.0,15.0,16.571428571428573,16.3,16.23,146.07,8.29,154.36,REORDER,47.0
2025-10-18,P011,Desk Organizer,Stationery,107,0,18,89,35,9,In Stock,2025,10,18,5,42,4,1,15.0,17.0,15.0,16.142857142857142,16.233333333333334,16.39,147.51,8.07,155.58,REORDER,67.0
2025-10-19,P011,Desk Organizer,Stationery,89,0,15,74,35,9,In Stock,2025,10,19,6,42,4,1,18.0,14.0,21.0,16.285714285714285,16.133333333333333,16.77,150.93,8.14,159.07,REORDER,85.0
2025-10-20,P011,Desk Organizer,Stationery,74,0,15,59,35,9,In Stock,2025,10,20,0,43,4,0,15.0,13.0,22.0,16.428571428571427,16.233333333333334,15.64,140.76,8.21,148.97,REORDER,90.0
2025-10-21,P011,Desk Organizer,Stationery,59,0,19,40,35,9,Reorder Soon,2025,10,21,1,43,4,0,15.0,15.0,17.0,16.714285714285715,16.1,15.99,143.91,8.36,152.27,REORDER,112.0
2025-10-22,P011,Desk Organizer,Stationery,40,110,17,133,35,9,In Stock,2025,10,22,2,43,4,0,19.0,22.0,15.0,17.285714285714285,16.2,15.59,140.31,8.64,148.95,REORDER,16.0
2025-10-23,P011,Desk Organizer,Stationery,133,0,15,118,35,9,In Stock,2025,10,23,3,43,4,0,17.0,17.0,13.0,16.571428571428573,16.266666666666666,16.3,146.7,8.29,154.99,REORDER,37.0
2025-10-24,P011,Desk Organizer,Stationery,118,0,10,108,35,9,In Stock,2025,10,24,4,43,4,0,15.0,15.0,18.0,16.285714285714285,16.2,16.44,147.96,8.14,156.1,REORDER,48.0
2025-10-25,P011,Desk Organizer,Stationery,108,0,17,91,35,9,In Stock,2025,10,25,5,43,4,1,10.0,18.0,17.0,15.571428571428571,15.966666666666669,16.07,144.63,7.79,152.42,REORDER,61.0
2025-10-26,P011,Desk Organizer,Stationery,91,0,16,75,35,9,In Stock,2025,10,26,6,43,4,1,17.0,15.0,14.0,15.428571428571429,15.933333333333334,16.21,145.89,7.71,153.6,REORDER,79.0
2025-10-27,P011,Desk Organizer,Stationery,75,0,12,63,35,9,In Stock,2025,10,27,0,44,4,0,16.0,15.0,13.0,15.571428571428571,16.066666666666666,16.07,144.63,7.79,152.42,REORDER,89.0
2025-10-28,P011,Desk Organizer,Stationery,63,0,9,54,35,9,In Stock,2025,10,28,1,44,4,0,12.0,19.0,15.0,15.142857142857142,15.833333333333334,14.74,132.66,7.57,140.23,REORDER,86.0
2025-10-29,P011,Desk Organizer,Stationery,54,104,20,138,35,9,In Stock,2025,10,29,2,44,4,0,9.0,17.0,22.0,13.714285714285714,15.566666666666666,14.22,127.98,6.86,134.84,NO REORDER,0.0
2025-10-30,P011,Desk Organizer,Stationery,138,0,13,125,35,9,In Stock,2025,10,30,3,44,4,0,20.0,15.0,17.0,14.142857142857142,15.866666666666667,15.52,139.68,7.07,146.75,REORDER,22.0
2025-10-31,P011,Desk Organizer,Stationery,125,0,19,106,35,9,In Stock,2025,10,31,4,44,4,0,13.0,10.0,15.0,13.857142857142858,15.833333333333334,15.97,143.73,6.93,150.66,REORDER,45.0
2025-11-01,P011,Desk Organizer,Stationery,106,0,23,83,35,9,In Stock,2025,11,1,5,44,4,1,19.0,17.0,18.0,15.142857142857142,15.933333333333334,16.47,148.23,7.57,155.8,REORDER,73.0
2025-11-02,P011,Desk Organizer,Stationery,83,0,14,69,35,9,In Stock,2025,11,2,6,44,4,1,23.0,16.0,15.0,16.0,16.233333333333334,17.11,153.99,8.0,161.99,REORDER,93.0
2025-11-03,P011,Desk Organizer,Stationery,69,0,15,54,35,9,In Stock,2025,11,3,0,45,4,0,14.0,12.0,15.0,15.714285714285714,16.2,16.2,145.8,7.86,153.66,REORDER,100.0
2025-11-04,P011,Desk Organizer,Stationery,54,107,19,142,35,9,In Stock,2025,11,4,1,45,4,0,15.0,9.0,19.0,16.142857142857142,16.2,15.65,140.85,8.07,148.92,REORDER,7.0
2025-11-05,P011,Desk Organizer,Stationery,142,0,20,122,35,9,In Stock,2025,11,5,2,45,4,0,19.0,20.0,17.0,17.571428571428573,16.133333333333333,16.84,151.56,8.79,160.35,REORDER,38.0
2025-11-06,P011,Desk Organizer,Stationery,122,0,17,105,35,9,In Stock,2025,11,6,3,45,4,0,20.0,13.0,15.0,17.571428571428573,16.066666666666666,17.2,154.8,8.79,163.59,REORDER,59.0
2025-11-07,P011,Desk Organizer,Stationery,105,0,19,86,35,9,In Stock,2025,11,7,4,45,4,0,17.0,19.0,10.0,18.142857142857142,16.066666666666666,17.44,156.96,9.07,166.03,REORDER,80.0
2025-11-08,P011,Desk Organizer,Stationery,86,0,16,70,35,9,In Stock,2025,11,8,5,45,4,1,19.0,23.0,17.0,18.142857142857142,16.2,17.07,153.63,9.07,162.7,REORDER,93.0
2025-11-09,P011,Desk Organizer,Stationery,70,0,10,60,35,9,In Stock,2025,11,9,6,45,4,1,16.0,14.0,16.0,17.142857142857142,16.3,16.7,150.3,8.57,158.87,REORDER,99.0
2025-11-10,P011,Desk Organizer,Stationery,60,0,18,42,35,9,Reorder Soon,2025,11,10,0,46,4,0,10.0,15.0,12.0,16.571428571428573,16.033333333333335,16.11,144.99,8.29,153.28,REORDER,111.0
2025-11-11,P011,Desk Organizer,Stationery,42,123,15,150,35,9,In Stock,2025,11,11,1,46,4,0,18.0,19.0,9.0,17.0,16.066666666666666,15.96,143.64,8.5,152.14,REORDER,2.0
2025-11-12,P011,Desk Organizer,Stationery,150,0,15,135,35,9,In Stock,2025,11,12,2,46,4,0,15.0,20.0,20.0,16.428571428571427,16.1,15.38,138.42,8.21,146.63,REORDER,12.0
2025-11-13,P011,Desk Organizer,Stationery,135,0,15,120,35,9,In Stock,2025,11,13,3,46,4,0,15.0,17.0,13.0,15.714285714285714,16.166666666666668,16.77,150.93,7.86,158.79,REORDER,39.0
2025-11-14,P011,Desk Organizer,Stationery,120,0,17,103,35,9,In Stock,2025,11,14,4,46,4,0,15.0,19.0,19.0,15.428571428571429,16.166666666666668,16.08,144.72,7.71,152.43,REORDER,49.0
2025-11-15,P011,Desk Organizer,Stationery,103,0,22,81,35,9,In Stock,2025,11,15,5,46,4,1,17.0,16.0,23.0,15.142857142857142,16.0,16.46,148.14,7.57,155.71,REORDER,75.0
2025-11-16,P011,Desk Organizer,Stationery,81,0,11,70,35,9,In Stock,2025,11,16,6,46,4,1,22.0,10.0,14.0,16.0,16.166666666666668,17.24,155.16,8.0,163.16,REORDER,93.0
2025-11-17,P011,Desk Organizer,Stationery,70,0,16,54,35,9,In Stock,2025,11,17,0,47,4,0,11.0,18.0,15.0,16.142857142857142,16.033333333333335,16.22,145.98,8.07,154.05,REORDER,100.0
2025-11-18,P011,Desk Organizer,Stationery,54,0,15,39,35,9,Reorder Soon,2025,11,18,1,47,4,0,16.0,15.0,19.0,15.857142857142858,15.966666666666669,15.44,138.96,7.93,146.89,REORDER,108.0
2025-11-19,P011,Desk Organizer,Stationery,39,117,20,136,35,9,In Stock,2025,11,19,2,47,4,0,15.0,15.0,20.0,15.857142857142858,15.966666666666669,16.02,144.18,7.93,152.11,REORDER,16.0
2025-11-20,P011,Desk Organizer,Stationery,136,0,17,119,35,9,In Stock,2025,11,20,3,47,4,0,20.0,15.0,17.0,16.571428571428573,16.133333333333333,16.39,147.51,8.29,155.8,REORDER,37.0
2025-11-21,P011,Desk Organizer,Stationery,119,0,14,105,35,9,In Stock,2025,11,21,4,47,4,0,17.0,17.0,19.0,16.857142857142858,16.066666666666666,16.11,144.99,8.43,153.42,REORDER,48.0
2025-11-22,P011,Desk Organizer,Stationery,105,0,21,84,35,9,In Stock,2025,11,22,5,47,4,1,14.0,22.0,16.0,16.428571428571427,15.966666666666669,16.42,147.78,8.21,155.99,REORDER,72.0
2025-11-23,P011,Desk Organizer,Stationery,84,0,17,67,35,9,In Stock,2025,11,23,6,47,4,1,21.0,11.0,10.0,16.285714285714285,16.166666666666668,17.64,158.76,8.14,166.9,REORDER,100.0
2025-11-24,P011,Desk Organizer,Stationery,67,0,18,49,35,9,Reorder Soon,2025,11,24,0,48,4,0,17.0,16.0,18.0,17.142857142857142,16.4,17.9,161.1,8.57,169.67,REORDER,121.0
2025-11-25,P011,Desk Organizer,Stationery,49,103,16,136,35,9,In Stock,2025,11,25,1,48,4,0,18.0,15.0,15.0,17.428571428571427,16.433333333333334,18.57,167.13,8.71,175.84,REORDER,40.0
2025-11-26,P011,Desk Organizer,Stationery,136,0,16,120,35,9,In Stock,2025,11,26,2,48,4,0,16.0,20.0,15.0,17.571428571428573,16.433333333333334,18.78,169.02,8.79,177.81,REORDER,58.0
2025-11-27,P011,Desk Organizer,Stationery,120,0,17,103,35,9,In Stock,2025,11,27,3,48,4,0,16.0,17.0,15.0,17.0,16.566666666666666,20.76,186.84,8.5,195.34,REORDER,92.0
2025-11-28,P011,Desk Organizer,Stationery,103,0,15,88,35,9,In Stock,2025,11,28,4,48,4,0,17.0,14.0,17.0,17.0,16.833333333333332,20.59,185.31,8.5,193.81,REORDER,106.0
2025-11-29,P011,Desk Organizer,Stationery,88,0,13,75,35,9,In Stock,2025,11,29,5,48,4,1,15.0,21.0,22.0,17.142857142857142,16.666666666666668,20.49,184.41,8.57,192.98,REORDER,118.0
2025-11-30,P011,Desk Organizer,Stationery,75,0,21,54,35,9,In Stock,2025,11,30,6,48,4,1,13.0,17.0,11.0,16.0,16.666666666666668,22.44,201.96,8.0,209.96,REORDER,156.0
2025-12-01,P011,Desk Organizer,Stationery,54,111,19,146,35,9,In Stock,2025,12,1,0,49,4,0,21.0,18.0,16.0,16.571428571428573,16.733333333333334,21.97,197.73,8.29,206.02,REORDER,60.0
2025-12-02,P011,Desk Organizer,Stationery,146,0,19,127,35,9,In Stock,2025,12,2,1,49,4,0,19.0,16.0,15.0,16.714285714285715,16.6,21.48,193.32,8.36,201.68,REORDER,75.0
2025-12-03,P011,Desk Organizer,Stationery,127,0,15,112,35,9,In Stock,2025,12,3,2,49,4,0,19.0,16.0,20.0,17.142857142857142,16.766666666666666,20.43,183.87,8.57,192.44,REORDER,80.0
2025-12-04,P011,Desk Organizer,Stationery,112,0,18,94,35,9,In Stock,2025,12,4,3,49,4,0,15.0,17.0,17.0,17.0,16.766666666666666,20.82,187.38,8.5,195.88,REORDER,102.0
2025-12-05,P011,Desk Organizer,Stationery,94,0,11,83,35,9,In Stock,2025,12,5,4,49,4,0,18.0,15.0,14.0,17.142857142857142,16.733333333333334,21.44,192.96,8.57,201.53,REORDER,119.0
2025-12-06,P011,Desk Organizer,Stationery,83,0,20,63,35,9,In Stock,2025,12,6,5,49,4,1,11.0,13.0,21.0,16.571428571428573,16.433333333333334,18.73,168.57,8.29,176.86,REORDER,114.0
2025-12-07,P011,Desk Organizer,Stationery,63,0,16,47,35,9,Reorder Soon,2025,12,7,6,49,4,1,20.0,21.0,17.0,17.571428571428573,16.533333333333335,20.26,182.34,8.79,191.13,REORDER,144.0
2025-12-08,P011,Desk Organizer,Stationery,47,116,13,150,35,9,In Stock,2025,12,8,0,50,4,0,16.0,19.0,18.0,16.857142857142858,16.433333333333334,17.76,159.84,8.43,168.27,REORDER,18.0
2025-12-09,P011,Desk Organizer,Stationery,150,0,15,135,35,9,In Stock,2025,12,9,1,50,4,0,13.0,19.0,16.0,16.0,16.333333333333332,18.6,167.4,8.0,175.4,REORDER,40.0
2025-12-10,P011,Desk Organizer,Stationery,135,0,14,121,35,9,In Stock,2025,12,10,2,50,4,0,15.0,15.0,16.0,15.428571428571429,16.5,18.59,167.31,7.71,175.02,REORDER,54.0
2025-12-11,P011,Desk Organizer,Stationery,121,0,15,106,35,9,In Stock,2025,12,11,3,50,4,0,14.0,18.0,17.0,15.285714285714286,16.366666666666667,18.56,167.04,7.64,174.68,REORDER,69.0
2025-12-12,P011,Desk Organizer,Stationery,106,0,17,89,35,9,In Stock,2025,12,12,4,50,4,0,15.0,11.0,15.0,14.857142857142858,16.366666666666667,18.6,167.4,7.43,174.83,REORDER,86.0
2025-12-13,P011,Desk Organizer,Stationery,89,0,19,70,35,9,In Stock,2025,12,13,5,50,4,1,17.0,20.0,13.0,15.714285714285714,16.433333333333334,18.9,170.1,7.86,177.96,REORDER,108.0
2025-12-14,P011,Desk Organizer,Stationery,70,0,17,53,35,9,In Stock,2025,12,14,6,50,4,1,19.0,16.0,21.0,15.571428571428571,16.566666666666666,20.34,183.06,7.79,190.85,REORDER,138.0
2025-12-15,P011,Desk Organizer,Stationery,53,103,18,138,35,9,In Stock,2025,12,15,0,51,4,0,17.0,13.0,19.0,15.714285714285714,16.566666666666666,20.28,182.52,7.86,190.38,REORDER,52.0
2025-12-16,P011,Desk Organizer,Stationery,138,0,14,124,35,9,In Stock,2025,12,16,1,51,4,0,18.0,15.0,19.0,16.428571428571427,16.433333333333334,18.26,164.34,8.21,172.55,REORDER,49.0
2025-12-17,P011,Desk Organizer,Stationery,124,0,19,105,35,9,In Stock,2025,12,17,2,51,4,0,14.0,14.0,15.0,16.285714285714285,16.533333333333335,21.22,190.98,8.14,199.12,REORDER,94.0
2025-12-18,P011,Desk Organizer,Stationery,105,0,16,89,35,9,In Stock,2025,12,18,3,51,4,0,19.0,15.0,18.0,17.0,16.633333333333333,20.65,185.85,8.5,194.35,REORDER,105.0
2025-12-19,P011,Desk Organizer,Stationery,89,0,18,71,35,9,In Stock,2025,12,19,4,51,4,0,16.0,17.0,11.0,17.142857142857142,16.666666666666668,21.24,191.16,8.57,199.73,REORDER,129.0
2025-12-20,P011,Desk Organizer,Stationery,71,0,15,56,35,9,In Stock,2025,12,20,5,51,4,1,18.0,19.0,20.0,17.285714285714285,16.6,20.29,182.61,8.64,191.25,REORDER,135.0
2025-12-21,P011,Desk Organizer,Stationery,56,0,17,39,35,9,Reorder Soon,2025,12,21,6,51,4,1,15.0,17.0,16.0,16.714285714285715,16.533333333333335,20.03,180.27,8.36,188.63,REORDER,150.0
2025-12-22,P011,Desk Organizer,Stationery,39,119,21,137,35,9,In Stock,2025,12,22,0,52,4,0,17.0,18.0,13.0,16.714285714285715,16.633333333333333,21.3,191.7,8.36,200.06,REORDER,63.0
2025-12-23,P011,Desk Organizer,Stationery,137,0,16,121,35,9,In Stock,2025,12,23,1,52,4,0,21.0,14.0,15.0,17.142857142857142,16.633333333333333,22.02,198.18,8.57,206.75,REORDER,86.0
2025-12-24,P011,Desk Organizer,Stationery,121,0,14,107,35,9,In Stock,2025,12,24,2,52,4,0,16.0,19.0,14.0,17.428571428571427,16.6,21.26,191.34,8.71,200.05,REORDER,93.0
2025-12-25,P011,Desk Organizer,Stationery,107,0,14,93,35,9,In Stock,2025,12,25,3,52,4,0,14.0,16.0,15.0,16.714285714285715,16.466666666666665,19.02,171.18,8.36,179.54,REORDER,87.0
2025-12-26,P011,Desk Organizer,Stationery,93,0,14,79,35,9,In Stock,2025,12,26,4,52,4,0,14.0,18.0,17.0,16.428571428571427,16.4,18.28,164.52,8.21,172.73,REORDER,94.0
2025-12-27,P011,Desk Organizer,Stationery,79,0,17,62,35,9,In Stock,2025,12,27,5,52,4,1,14.0,15.0,19.0,15.857142857142858,16.333333333333332,18.16,163.44,7.93,171.37,REORDER,109.0
2025-12-28,P011,Desk Organizer,Stationery,62,0,16,46,35,9,Reorder Soon,2025,12,28,6,52,4,1,17.0,17.0,17.0,16.142857142857142,16.333333333333332,18.36,165.24,8.07,173.31,REORDER,127.0
2025-12-29,P011,Desk Organizer,Stationery,46,116,18,144,35,9,In Stock,2025,12,29,0,1,4,0,16.0,21.0,18.0,16.0,16.366666666666667,17.8,160.2,8.0,168.2,REORDER,24.0
2025-12-30,P011,Desk Organizer,Stationery,144,0,15,129,35,9,In Stock,2025,12,30,1,1,4,0,18.0,16.0,14.0,15.571428571428571,16.533333333333335,21.34,192.06,7.79,199.85,REORDER,71.0
2025-12-31,P011,Desk Organizer,Stationery,129,0,20,109,35,9,In Stock,2025,12,31,2,1,4,0,15.0,14.0,19.0,15.428571428571429,16.333333333333332,18.44,165.96,7.71,173.67,REORDER,65.0
2025-08-13,P012,Scientific Calculator,Stationery,68,0,10,58,25,14,In Stock,2025,8,13,2,33,3,0,15.0,14.0,12.0,13.428571428571429,11.8,11.72,164.08,6.71,170.79,REORDER,113.0
2025-08-14,P012,Scientific Calculator,Stationery,58,0,15,43,25,14,In Stock,2025,8,14,3,33,3,0,10.0,12.0,10.0,12.857142857142858,11.866666666666667,11.4,159.6,6.43,166.03,REORDER,123.0
2025-08-15,P012,Scientific Calculator,Stationery,43,0,12,31,25,14,Reorder Soon,2025,8,15,4,33,3,0,15.0,16.0,12.0,13.285714285714286,12.1,11.36,159.04,6.64,165.68,REORDER,135.0
2025-08-16,P012,Scientific Calculator,Stationery,31,110,12,129,25,14,In Stock,2025,8,16,5,33,3,1,12.0,9.0,14.0,12.714285714285714,12.133333333333333,12.49,174.86,6.36,181.22,REORDER,52.0
2025-08-17,P012,Scientific Calculator,Stationery,129,0,16,113,25,14,In Stock,2025,8,17,6,33,3,1,12.0,13.0,13.0,13.142857142857142,12.166666666666666,12.48,174.72,6.57,181.29,REORDER,68.0
2025-08-18,P012,Scientific Calculator,Stationery,113,0,13,100,25,14,In Stock,2025,8,18,0,34,3,0,16.0,15.0,14.0,13.571428571428571,12.4,13.04,182.56,6.79,189.35,REORDER,89.0
2025-08-19,P012,Scientific Calculator,Stationery,100,0,10,90,25,14,In Stock,2025,8,19,1,34,3,0,13.0,15.0,12.0,13.285714285714286,12.4,12.38,173.32,6.64,179.96,REORDER,90.0
2025-08-20,P012,Scientific Calculator,Stationery,90,0,11,79,25,14,In Stock,2025,8,20,2,34,3,0,10.0,10.0,14.0,12.571428571428571,12.433333333333334,12.52,175.28,6.29,181.57,REORDER,103.0
2025-08-21,P012,Scientific Calculator,Stationery,79,0,13,66,25,14,In Stock,2025,8,21,3,34,3,0,11.0,15.0,12.0,12.714285714285714,12.466666666666669,12.3,172.2,6.36,178.56,REORDER,113.0
2025-08-22,P012,Scientific Calculator,Stationery,66,0,13,53,25,14,In Stock,2025,8,22,4,34,3,0,13.0,12.0,16.0,12.428571428571429,12.466666666666669,12.28,171.92,6.21,178.13,REORDER,125.0
2025-08-23,P012,Scientific Calculator,Stationery,53,0,13,40,25,14,In Stock,2025,8,23,5,34,3,1,13.0,12.0,9.0,12.571428571428571,12.466666666666669,11.86,166.04,6.29,172.33,REORDER,132.0
2025-08-24,P012,Scientific Calculator,Stationery,40,98,15,123,25,14,In Stock,2025,8,24,6,34,3,1,13.0,16.0,13.0,12.714285714285714,12.566666666666666,12.18,170.52,6.36,176.88,REORDER,54.0
2025-08-25,P012,Scientific Calculator,Stationery,123,0,14,109,25,14,In Stock,2025,8,25,0,35,3,0,15.0,13.0,15.0,12.571428571428571,12.666666666666666,12.47,174.58,6.29,180.87,REORDER,72.0
2025-08-26,P012,Scientific Calculator,Stationery,109,0,20,89,25,14,In Stock,2025,8,26,1,35,3,0,14.0,10.0,15.0,12.714285714285714,12.633333333333333,12.78,178.92,6.36,185.28,REORDER,96.0
2025-08-27,P012,Scientific Calculator,Stationery,89,0,16,73,25,14,In Stock,2025,8,27,2,35,3,0,20.0,11.0,10.0,14.142857142857142,12.933333333333334,13.37,187.18,7.07,194.25,REORDER,121.0
2025-08-28,P012,Scientific Calculator,Stationery,73,0,16,57,25,14,In Stock,2025,8,28,3,35,3,0,16.0,13.0,15.0,14.857142857142858,13.133333333333333,13.94,195.16,7.43,202.59,REORDER,146.0
2025-08-29,P012,Scientific Calculator,Stationery,57,0,13,44,25,14,In Stock,2025,8,29,4,35,3,0,16.0,13.0,12.0,15.285714285714286,13.333333333333334,12.54,175.56,7.64,183.2,REORDER,139.0
2025-08-30,P012,Scientific Calculator,Stationery,44,0,16,28,25,14,Reorder Soon,2025,8,30,5,35,3,1,13.0,13.0,12.0,15.285714285714286,13.366666666666667,13.94,195.16,7.64,202.8,REORDER,175.0
2025-08-31,P012,Scientific Calculator,Stationery,28,119,13,134,25,14,In Stock,2025,8,31,6,35,3,1,16.0,15.0,16.0,15.714285714285714,13.566666666666666,14.52,203.28,7.86,211.14,REORDER,77.0
2025-09-01,P012,Scientific Calculator,Stationery,134,0,8,126,25,14,In Stock,2025,9,1,0,36,3,0,13.0,14.0,13.0,15.428571428571429,13.6,12.46,174.44,7.71,182.15,REORDER,56.0
2025-09-02,P012,Scientific Calculator,Stationery,126,0,10,116,25,14,In Stock,2025,9,2,1,36,3,0,8.0,20.0,10.0,14.571428571428571,13.4,12.78,178.92,7.29,186.21,REORDER,70.0
2025-09-03,P012,Scientific Calculator,Stationery,116,0,7,109,25,14,In Stock,2025,9,3,2,36,3,0,10.0,16.0,11.0,13.142857142857142,13.3,12.2,170.8,6.57,177.37,REORDER,68.0
2025-09-04,P012,Scientific Calculator,Stationery,109,0,8,101,25,14,In Stock,2025,9,4,3,36,3,0,7.0,16.0,13.0,11.857142857142858,13.066666666666666,12.23,171.22,5.93,177.15,REORDER,76.0
2025-09-05,P012,Scientific Calculator,Stationery,101,0,11,90,25,14,In Stock,2025,9,5,4,36,3,0,8.0,13.0,13.0,10.714285714285714,12.933333333333334,10.79,151.06,5.36,156.42,REORDER,66.0
2025-09-06,P012,Scientific Calculator,Stationery,90,0,13,77,25,14,In Stock,2025,9,6,5,36,3,1,11.0,16.0,13.0,10.428571428571429,12.833333333333334,10.8,151.2,5.21,156.41,REORDER,79.0
2025-09-07,P012,Scientific Calculator,Stationery,77,0,7,70,25,14,In Stock,2025,9,7,6,36,3,1,13.0,13.0,15.0,10.0,12.866666666666667,10.56,147.84,5.0,152.84,REORDER,83.0
2025-09-08,P012,Scientific Calculator,Stationery,70,0,11,59,25,14,In Stock,2025,9,8,0,37,3,0,7.0,8.0,14.0,9.142857142857142,12.566666666666666,9.44,132.16,4.57,136.73,REORDER,78.0
2025-09-09,P012,Scientific Calculator,Stationery,59,0,14,45,25,14,In Stock,2025,9,9,1,37,3,0,11.0,10.0,20.0,9.571428571428571,12.633333333333333,9.6,134.4,4.79,139.19,REORDER,94.0
2025-09-10,P012,Scientific Calculator,Stationery,45,0,7,38,25,14,In Stock,2025,9,10,2,37,3,0,14.0,7.0,16.0,10.142857142857142,12.666666666666666,9.96,139.44,5.07,144.51,REORDER,107.0
2025-09-11,P012,Scientific Calculator,Stationery,38,0,8,30,25,14,Reorder Soon,2025,9,11,3,37,3,0,7.0,8.0,16.0,10.142857142857142,12.4,9.64,134.96,5.07,140.03,REORDER,110.0
2025-09-12,P012,Scientific Calculator,Stationery,30,117,12,135,25,14,In Stock,2025,9,12,4,37,3,0,8.0,11.0,13.0,10.142857142857142,12.166666666666666,11.3,158.2,5.07,163.27,REORDER,28.0
2025-09-13,P012,Scientific Calculator,Stationery,135,0,8,127,25,14,In Stock,2025,9,13,5,37,3,1,12.0,13.0,16.0,10.285714285714286,12.233333333333333,10.64,148.96,5.14,154.1,REORDER,27.0
2025-09-14,P012,Scientific Calculator,Stationery,127,0,10,117,25,14,In Stock,2025,9,14,6,37,3,1,8.0,7.0,13.0,9.571428571428571,12.0,10.34,144.76,4.79,149.55,REORDER,33.0
2025-09-15,P012,Scientific Calculator,Stationery,117,0,5,112,25,14,In Stock,2025,9,15,0,38,3,0,10.0,11.0,8.0,10.0,11.933333333333334,10.4,145.6,5.0,150.6,REORDER,39.0
2025-09-16,P012,Scientific Calculator,Stationery,112,0,7,105,25,14,In Stock,2025,9,16,1,38,3,0,5.0,14.0,10.0,9.142857142857142,11.7,9.96,139.44,4.57,144.01,REORDER,39.0
2025-09-17,P012,Scientific Calculator,Stationery,105,0,9,96,25,14,In Stock,2025,9,17,2,38,3,0,7.0,7.0,7.0,8.142857142857142,11.4,9.68,135.52,4.07,139.59,REORDER,44.0
2025-09-18,P012,Scientific Calculator,Stationery,96,0,10,86,25,14,In Stock,2025,9,18,3,38,3,0,9.0,8.0,8.0,8.428571428571429,11.266666666666667,9.48,132.72,4.21,136.93,REORDER,51.0
2025-09-19,P012,Scientific Calculator,Stationery,86,0,9,77,25,14,In Stock,2025,9,19,4,38,3,0,10.0,12.0,11.0,8.714285714285714,11.266666666666667,10.06,140.84,4.36,145.2,REORDER,68.0
2025-09-20,P012,Scientific Calculator,Stationery,77,0,9,68,25,14,In Stock,2025,9,20,5,38,3,1,9.0,8.0,13.0,8.285714285714286,11.2,9.9,138.6,4.14,142.74,REORDER,75.0
2025-09-21,P012,Scientific Calculator,Stationery,68,0,11,57,25,14,In Stock,2025,9,21,6,38,3,1,9.0,10.0,7.0,8.428571428571429,11.066666666666666,9.78,136.92,4.21,141.13,REORDER,84.0
2025-09-22,P012,Scientific Calculator,Stationery,57,0,9,48,25,14,In Stock,2025,9,22,0,39,3,0,11.0,5.0,11.0,8.571428571428571,11.0,10.12,141.68,4.29,145.97,REORDER,98.0
2025-09-23,P012,Scientific Calculator,Stationery,48,0,7,41,25,14,In Stock,2025,9,23,1,39,3,0,9.0,7.0,14.0,9.142857142857142,10.866666666666667,9.82,137.48,4.57,142.05,REORDER,101.0
2025-09-24,P012,Scientific Calculator,Stationery,41,0,9,32,25,14,Reorder Soon,2025,9,24,2,39,3,0,7.0,9.0,7.0,9.142857142857142,10.6,9.4,131.6,4.57,136.17,REORDER,104.0
2025-09-25,P012,Scientific Calculator,Stationery,32,100,8,124,25,14,In Stock,2025,9,25,3,39,3,0,9.0,10.0,8.0,9.142857142857142,10.433333333333334,10.29,144.06,4.57,148.63,REORDER,25.0
2025-09-26,P012,Scientific Calculator,Stationery,124,0,9,115,25,14,In Stock,2025,9,26,4,39,3,0,8.0,9.0,12.0,8.857142857142858,10.033333333333331,9.1,127.4,4.43,131.83,REORDER,17.0
2025-09-27,P012,Scientific Calculator,Stationery,115,0,9,106,25,14,In Stock,2025,9,27,5,39,3,1,9.0,9.0,8.0,8.857142857142858,9.8,9.85,137.9,4.43,142.33,REORDER,36.0
2025-09-28,P012,Scientific Calculator,Stationery,106,0,10,96,25,14,In Stock,2025,9,28,6,39,3,1,9.0,11.0,10.0,8.857142857142858,9.566666666666666,9.76,136.64,4.43,141.07,REORDER,45.0
2025-09-29,P012,Scientific Calculator,Stationery,96,0,10,86,25,14,In Stock,2025,9,29,0,40,3,0,10.0,9.0,5.0,8.714285714285714,9.466666666666669,9.3,130.2,4.36,134.56,REORDER,49.0
2025-09-30,P012,Scientific Calculator,Stationery,86,0,7,79,25,14,In Stock,2025,9,30,1,40,3,0,10.0,7.0,7.0,8.857142857142858,9.266666666666667,9.54,133.56,4.43,137.99,REORDER,59.0
2025-10-01,P012,Scientific Calculator,Stationery,79,0,11,68,25,14,In Stock,2025,10,1,2,40,4,0,7.0,9.0,9.0,8.857142857142858,9.066666666666666,11.41,159.74,4.43,164.17,REORDER,96.0
2025-10-02,P012,Scientific Calculator,Stationery,68,0,13,55,25,14,In Stock,2025,10,2,3,40,4,0,11.0,8.0,10.0,9.142857142857142,9.166666666666666,11.22,157.08,4.57,161.65,REORDER,107.0
2025-10-03,P012,Scientific Calculator,Stationery,55,0,14,41,25,14,In Stock,2025,10,3,4,40,4,0,13.0,9.0,9.0,9.857142857142858,9.266666666666667,12.27,171.78,4.93,176.71,REORDER,136.0
2025-10-04,P012,Scientific Calculator,Stationery,41,95,16,120,25,14,In Stock,2025,10,4,5,40,4,1,14.0,9.0,9.0,10.571428571428571,9.5,12.16,170.24,5.29,175.53,REORDER,56.0
2025-10-05,P012,Scientific Calculator,Stationery,120,0,13,107,25,14,In Stock,2025,10,5,6,40,4,1,16.0,10.0,11.0,11.571428571428571,9.766666666666667,11.97,167.58,5.79,173.37,REORDER,66.0
2025-10-06,P012,Scientific Calculator,Stationery,107,0,11,96,25,14,In Stock,2025,10,6,0,41,4,0,13.0,10.0,9.0,12.0,9.833333333333334,10.48,146.72,6.0,152.72,REORDER,57.0
2025-10-07,P012,Scientific Calculator,Stationery,96,0,11,85,25,14,In Stock,2025,10,7,1,41,4,0,11.0,7.0,7.0,12.142857142857142,9.766666666666667,10.94,153.16,6.07,159.23,REORDER,74.0
2025-10-08,P012,Scientific Calculator,Stationery,85,0,12,73,25,14,In Stock,2025,10,8,2,41,4,0,11.0,11.0,9.0,12.714285714285714,9.9,11.25,157.5,6.36,163.86,REORDER,91.0
2025-10-09,P012,Scientific Calculator,Stationery,73,0,11,62,25,14,In Stock,2025,10,9,3,41,4,0,12.0,13.0,8.0,12.857142857142858,9.933333333333334,11.24,157.36,6.43,163.79,REORDER,102.0
2025-10-10,P012,Scientific Calculator,Stationery,62,0,15,47,25,14,In Stock,2025,10,10,4,41,4,0,11.0,14.0,9.0,12.571428571428571,9.833333333333334,11.58,162.12,6.29,168.41,REORDER,121.0
2025-10-11,P012,Scientific Calculator,Stationery,47,0,12,35,25,14,Reorder Soon,2025,10,11,5,41,4,1,15.0,16.0,9.0,12.714285714285714,10.1,12.97,181.58,6.36,187.94,REORDER,153.0
2025-10-12,P012,Scientific Calculator,Stationery,35,112,15,132,25,14,In Stock,2025,10,12,6,41,4,1,12.0,13.0,10.0,12.142857142857142,10.233333333333333,12.92,180.88,6.07,186.95,REORDER,55.0
2025-10-13,P012,Scientific Calculator,Stationery,132,0,10,122,25,14,In Stock,2025,10,13,0,42,4,0,15.0,11.0,10.0,12.428571428571429,10.333333333333334,11.0,154.0,6.21,160.21,REORDER,38.0
2025-10-14,P012,Scientific Calculator,Stationery,122,0,12,110,25,14,In Stock,2025,10,14,1,42,4,0,10.0,11.0,7.0,12.285714285714286,10.4,11.2,156.8,6.14,162.94,REORDER,53.0
2025-10-15,P012,Scientific Calculator,Stationery,110,0,12,98,25,14,In Stock,2025,10,15,2,42,4,0,12.0,12.0,11.0,12.428571428571429,10.466666666666669,11.22,157.08,6.21,163.29,REORDER,65.0
2025-10-16,P012,Scientific Calculator,Stationery,98,0,10,88,25,14,In Stock,2025,10,16,3,42,4,0,12.0,11.0,13.0,12.428571428571429,10.7,11.52,161.28,6.21,167.49,REORDER,79.0
2025-10-17,P012,Scientific Calculator,Stationery,88,0,17,71,25,14,In Stock,2025,10,17,4,42,4,0,10.0,15.0,14.0,12.285714285714286,10.8,11.47,160.58,6.14,166.72,REORDER,96.0
2025-10-18,P012,Scientific Calculator,Stationery,71,0,13,58,25,14,In Stock,2025,10,18,5,42,4,1,17.0,12.0,16.0,12.571428571428571,11.066666666666666,11.91,166.74,6.29,173.03,REORDER,115.0
2025-10-19,P012,Scientific Calculator,Stationery,58,0,9,49,25,14,In Stock,2025,10,19,6,42,4,1,13.0,15.0,13.0,12.714285714285714,11.166666666666666,11.82,165.48,6.36,171.84,REORDER,123.0
2025-10-20,P012,Scientific Calculator,Stationery,49,0,13,36,25,14,Reorder Soon,2025,10,20,0,43,4,0,9.0,10.0,11.0,11.857142857142858,11.166666666666666,11.36,159.04,5.93,164.97,REORDER,129.0
2025-10-21,P012,Scientific Calculator,Stationery,36,107,13,130,25,14,In Stock,2025,10,21,1,43,4,0,13.0,12.0,11.0,12.285714285714286,11.3,11.08,155.12,6.14,161.26,REORDER,31.0
2025-10-22,P012,Scientific Calculator,Stationery,130,0,12,118,25,14,In Stock,2025,10,22,2,43,4,0,13.0,12.0,12.0,12.428571428571429,11.366666666666667,11.85,165.9,6.21,172.11,REORDER,54.0
2025-10-23,P012,Scientific Calculator,Stationery,118,0,14,104,25,14,In Stock,2025,10,23,3,43,4,0,12.0,10.0,11.0,12.428571428571429,11.466666666666669,12.36,173.04,6.21,179.25,REORDER,75.0
2025-10-24,P012,Scientific Calculator,Stationery,104,0,14,90,25,14,In Stock,2025,10,24,4,43,4,0,14.0,17.0,15.0,13.0,11.7,11.72,164.08,6.5,170.58,REORDER,81.0
2025-10-25,P012,Scientific Calculator,Stationery,90,0,18,72,25,14,In Stock,2025,10,25,5,43,4,1,14.0,13.0,12.0,12.571428571428571,11.866666666666667,11.74,164.36,6.29,170.65,REORDER,99.0
2025-10-26,P012,Scientific Calculator,Stationery,72,0,10,62,25,14,In Stock,2025,10,26,6,43,4,1,18.0,9.0,15.0,13.285714285714286,12.2,11.96,167.44,6.64,174.08,REORDER,112.0
2025-10-27,P012,Scientific Calculator,Stationery,62,0,15,47,25,14,In Stock,2025,10,27,0,44,4,0,10.0,13.0,10.0,13.428571428571429,12.233333333333333,12.11,169.54,6.71,176.25,REORDER,129.0
2025-10-28,P012,Scientific Calculator,Stationery,47,0,14,33,25,14,Reorder Soon,2025,10,28,1,44,4,0,15.0,13.0,12.0,13.714285714285714,12.433333333333334,11.33,158.62,6.86,165.48,REORDER,132.0
2025-10-29,P012,Scientific Calculator,Stationery,33,98,13,118,25,14,In Stock,2025,10,29,2,44,4,0,14.0,12.0,12.0,13.857142857142858,12.566666666666666,12.28,171.92,6.93,178.85,REORDER,61.0
2025-10-30,P012,Scientific Calculator,Stationery,118,0,10,108,25,14,In Stock,2025,10,30,3,44,4,0,13.0,14.0,10.0,14.0,12.666666666666666,12.34,172.76,7.0,179.76,REORDER,72.0
2025-10-31,P012,Scientific Calculator,Stationery,108,0,15,93,25,14,In Stock,2025,10,31,4,44,4,0,10.0,14.0,17.0,13.428571428571429,12.766666666666667,14.7,205.8,6.71,212.51,REORDER,120.0
2025-11-01,P012,Scientific Calculator,Stationery,93,0,12,81,25,14,In Stock,2025,11,1,5,44,4,1,15.0,18.0,13.0,13.571428571428571,12.9,12.8,179.2,6.79,185.99,REORDER,105.0
2025-11-02,P012,Scientific Calculator,Stationery,81,0,13,68,25,14,In Stock,2025,11,2,6,44,4,1,12.0,10.0,9.0,12.714285714285714,12.866666666666667,12.72,178.08,6.36,184.44,REORDER,116.0
2025-11-03,P012,Scientific Calculator,Stationery,68,0,14,54,25,14,In Stock,2025,11,3,0,45,4,0,13.0,15.0,13.0,13.142857142857142,12.833333333333334,11.33,158.62,6.57,165.19,REORDER,111.0
2025-11-04,P012,Scientific Calculator,Stationery,54,0,13,41,25,14,In Stock,2025,11,4,1,45,4,0,14.0,14.0,13.0,13.0,12.766666666666667,11.47,160.58,6.5,167.08,REORDER,126.0
2025-11-05,P012,Scientific Calculator,Stationery,41,0,14,27,25,14,Reorder Soon,2025,11,5,2,45,4,0,13.0,13.0,12.0,12.857142857142858,12.766666666666667,10.88,152.32,6.43,158.75,REORDER,132.0
2025-11-06,P012,Scientific Calculator,Stationery,27,119,12,134,25,14,In Stock,2025,11,6,3,45,4,0,14.0,10.0,14.0,13.0,12.866666666666667,12.71,177.94,6.5,184.44,REORDER,50.0
2025-11-07,P012,Scientific Calculator,Stationery,134,0,13,121,25,14,In Stock,2025,11,7,4,45,4,0,12.0,15.0,14.0,13.285714285714286,12.9,12.88,180.32,6.64,186.96,REORDER,66.0
2025-11-08,P012,Scientific Calculator,Stationery,121,0,10,111,25,14,In Stock,2025,11,8,5,45,4,1,13.0,12.0,18.0,13.0,12.933333333333334,12.4,173.6,6.5,180.1,REORDER,69.0
2025-11-09,P012,Scientific Calculator,Stationery,111,0,8,103,25,14,In Stock,2025,11,9,6,45,4,1,10.0,13.0,10.0,12.714285714285714,12.9,13.14,183.96,6.36,190.32,REORDER,87.0
2025-11-10,P012,Scientific Calculator,Stationery,103,0,15,88,25,14,In Stock,2025,11,10,0,46,4,0,8.0,14.0,15.0,12.0,12.666666666666666,11.8,165.2,6.0,171.2,REORDER,83.0
2025-11-11,P012,Scientific Calculator,Stationery,88,0,9,79,25,14,In Stock,2025,11,11,1,46,4,0,15.0,13.0,14.0,12.142857142857142,12.766666666666667,11.92,166.88,6.07,172.95,REORDER,94.0
2025-11-12,P012,Scientific Calculator,Stationery,79,0,15,64,25,14,In Stock,2025,11,12,2,46,4,0,9.0,14.0,13.0,11.571428571428571,12.566666666666666,11.95,167.3,5.79,173.09,REORDER,109.0
2025-11-13,P012,Scientific Calculator,Stationery,64,0,8,56,25,14,In Stock,2025,11,13,3,46,4,0,15.0,12.0,10.0,11.714285714285714,12.733333333333333,12.24,171.36,5.86,177.22,REORDER,121.0
2025-11-14,P012,Scientific Calculator,Stationery,56,0,12,44,25,14,In Stock,2025,11,14,4,46,4,0,8.0,13.0,15.0,11.142857142857142,12.6,11.5,161.0,5.57,166.57,REORDER,123.0
2025-11-15,P012,Scientific Calculator,Stationery,44,0,13,31,25,14,Reorder Soon,2025,11,15,5,46,4,1,12.0,10.0,12.0,11.0,12.6,11.32,158.48,5.5,163.98,REORDER,133.0
2025-11-16,P012,Scientific Calculator,Stationery,31,100,12,119,25,14,In Stock,2025,11,16,6,46,4,1,13.0,8.0,13.0,11.428571428571429,12.7,11.82,165.48,5.71,171.19,REORDER,52.0
2025-11-17,P012,Scientific Calculator,Stationery,119,0,13,106,25,14,In Stock,2025,11,17,0,47,4,0,12.0,15.0,14.0,12.0,12.533333333333331,13.26,185.64,6.0,191.64,REORDER,86.0
2025-11-18,P012,Scientific Calculator,Stationery,106,0,14,92,25,14,In Stock,2025,11,18,1,47,4,0,13.0,9.0,13.0,11.714285714285714,12.533333333333331,12.25,171.5,5.86,177.36,REORDER,85.0
2025-11-19,P012,Scientific Calculator,Stationery,92,0,12,80,25,14,In Stock,2025,11,19,2,47,4,0,14.0,15.0,14.0,12.428571428571429,12.7,12.8,179.2,6.21,185.41,REORDER,105.0
2025-11-20,P012,Scientific Calculator,Stationery,80,0,13,67,25,14,In Stock,2025,11,20,3,47,4,0,12.0,8.0,12.0,12.0,12.666666666666666,12.8,179.2,6.0,185.2,REORDER,118.0
2025-11-21,P012,Scientific Calculator,Stationery,67,0,16,51,25,14,In Stock,2025,11,21,4,47,4,0,13.0,12.0,13.0,12.714285714285714,12.666666666666666,12.42,173.88,6.36,180.24,REORDER,129.0
2025-11-22,P012,Scientific Calculator,Stationery,51,0,13,38,25,14,In Stock,2025,11,22,5,47,4,1,16.0,13.0,10.0,13.285714285714286,12.8,12.44,174.16,6.64,180.8,REORDER,143.0
2025-11-23,P012,Scientific Calculator,Stationery,38,0,12,26,25,14,Reorder Soon,2025,11,23,6,47,4,1,13.0,12.0,8.0,13.285714285714286,12.766666666666667,12.26,171.64,6.64,178.28,REORDER,152.0
2025-11-24,P012,Scientific Calculator,Stationery,26,111,11,126,25,14,In Stock,2025,11,24,0,48,4,0,12.0,13.0,15.0,13.285714285714286,12.7,12.26,171.64,6.64,178.28,REORDER,52.0
2025-11-25,P012,Scientific Calculator,Stationery,126,0,11,115,25,14,In Stock,2025,11,25,1,48,4,0,11.0,14.0,9.0,13.0,12.466666666666669,13.2,184.8,6.5,191.3,REORDER,76.0
2025-11-26,P012,Scientific Calculator,Stationery,115,0,15,100,25,14,In Stock,2025,11,26,2,48,4,0,11.0,12.0,15.0,12.571428571428571,12.5,12.85,179.9,6.29,186.19,REORDER,86.0
2025-11-27,P012,Scientific Calculator,Stationery,100,0,11,89,25,14,In Stock,2025,11,27,3,48,4,0,15.0,13.0,8.0,13.0,12.5,12.02,168.28,6.5,174.78,REORDER,86.0
2025-11-28,P012,Scientific Calculator,Stationery,89,0,14,75,25,14,In Stock,2025,11,28,4,48,4,0,11.0,16.0,12.0,12.714285714285714,12.4,12.54,175.56,6.36,181.92,REORDER,107.0
2025-11-29,P012,Scientific Calculator,Stationery,75,0,13,62,25,14,In Stock,2025,11,29,5,48,4,1,14.0,13.0,13.0,12.428571428571429,12.433333333333334,12.34,172.76,6.21,178.97,REORDER,117.0
2025-11-30,P012,Scientific Calculator,Stationery,62,0,12,50,25,14,In Stock,2025,11,30,6,48,4,1,13.0,12.0,12.0,12.428571428571429,12.533333333333331,13.06,182.84,6.21,189.05,REORDER,139.0
2025-12-01,P012,Scientific Calculator,Stationery,50,0,9,41,25,14,In Stock,2025,12,1,0,49,4,0,12.0,11.0,13.0,12.428571428571429,12.433333333333334,12.48,174.72,6.21,180.93,REORDER,140.0
2025-12-02,P012,Scientific Calculator,Stationery,41,0,14,27,25,14,Reorder Soon,2025,12,2,1,49,4,0,9.0,11.0,14.0,12.142857142857142,12.333333333333334,12.72,178.08,6.07,184.15,REORDER,157.0
2025-12-03,P012,Scientific Calculator,Stationery,27,102,11,118,25,14,In Stock,2025,12,3,2,49,4,0,14.0,15.0,12.0,12.571428571428571,12.366666666666667,12.6,176.4,6.29,182.69,REORDER,65.0
2025-12-04,P012,Scientific Calculator,Stationery,118,0,15,103,25,14,In Stock,2025,12,4,3,49,4,0,11.0,11.0,13.0,12.0,12.266666666666667,12.86,180.04,6.0,186.04,REORDER,83.0
2025-12-05,P012,Scientific Calculator,Stationery,103,0,13,90,25,14,In Stock,2025,12,5,4,49,4,0,15.0,14.0,16.0,12.571428571428571,12.333333333333334,12.38,173.32,6.29,179.61,REORDER,90.0
2025-12-06,P012,Scientific Calculator,Stationery,90,0,13,77,25,14,In Stock,2025,12,6,5,49,4,1,13.0,13.0,13.0,12.428571428571429,12.3,12.18,170.52,6.21,176.73,REORDER,100.0
2025-12-07,P012,Scientific Calculator,Stationery,77,0,15,62,25,14,In Stock,2025,12,7,6,49,4,1,13.0,12.0,12.0,12.428571428571429,12.333333333333334,11.95,167.3,6.21,173.51,REORDER,112.0
2025-12-08,P012,Scientific Calculator,Stationery,62,0,14,48,25,14,In Stock,2025,12,8,0,50,4,0,15.0,9.0,11.0,12.857142857142858,12.4,12.32,172.48,6.43,178.91,REORDER,131.0
2025-12-09,P012,Scientific Calculator,Stationery,48,0,16,32,25,14,Reorder Soon,2025,12,9,1,50,4,0,14.0,14.0,11.0,13.571428571428571,12.533333333333331,11.88,166.32,6.79,173.11,REORDER,141.0
2025-12-10,P012,Scientific Calculator,Stationery,32,102,9,125,25,14,In Stock,2025,12,10,2,50,4,0,16.0,11.0,15.0,13.857142857142858,12.8,11.9,166.6,6.93,173.53,REORDER,49.0
2025-12-11,P012,Scientific Calculator,Stationery,125,0,13,112,25,14,In Stock,2025,12,11,3,50,4,0,9.0,15.0,11.0,13.571428571428571,12.6,12.74,178.36,6.79,185.15,REORDER,73.0
2025-12-12,P012,Scientific Calculator,Stationery,112,0,12,100,25,14,In Stock,2025,12,12,4,50,4,0,13.0,13.0,14.0,13.285714285714286,12.733333333333333,12.44,174.16,6.64,180.8,REORDER,81.0
2025-12-13,P012,Scientific Calculator,Stationery,100,0,9,91,25,14,In Stock,2025,12,13,5,50,4,1,12.0,13.0,13.0,13.142857142857142,12.633333333333333,12.88,180.32,6.57,186.89,REORDER,96.0
2025-12-14,P012,Scientific Calculator,Stationery,91,0,12,79,25,14,In Stock,2025,12,14,6,50,4,1,9.0,15.0,12.0,12.571428571428571,12.666666666666666,12.73,178.22,6.29,184.51,REORDER,106.0
2025-12-15,P012,Scientific Calculator,Stationery,79,0,9,70,25,14,In Stock,2025,12,15,0,51,4,0,12.0,14.0,9.0,12.142857142857142,12.666666666666666,11.88,166.32,6.07,172.39,REORDER,102.0
2025-12-16,P012,Scientific Calculator,Stationery,70,0,13,57,25,14,In Stock,2025,12,16,1,51,4,0,9.0,16.0,14.0,11.428571428571429,12.533333333333331,12.32,172.48,5.71,178.19,REORDER,121.0
2025-12-17,P012,Scientific Calculator,Stationery,57,0,13,44,25,14,In Stock,2025,12,17,2,51,4,0,13.0,9.0,11.0,11.0,12.566666666666666,12.04,168.56,5.5,174.06,REORDER,130.0
2025-12-18,P012,Scientific Calculator,Stationery,44,0,12,32,25,14,Reorder Soon,2025,12,18,3,51,4,0,13.0,13.0,15.0,11.571428571428571,12.566666666666666,12.07,168.98,5.79,174.77,REORDER,143.0
2025-12-19,P012,Scientific Calculator,Stationery,32,107,11,128,25,14,In Stock,2025,12,19,4,51,4,0,12.0,12.0,13.0,11.428571428571429,12.5,12.23,171.22,5.71,176.93,REORDER,49.0
2025-12-20,P012,Scientific Calculator,Stationery,128,0,16,112,25,14,In Stock,2025,12,20,5,51,4,1,11.0,9.0,13.0,11.285714285714286,12.466666666666669,13.33,186.62,5.64,192.26,REORDER,80.0
2025-12-21,P012,Scientific Calculator,Stationery,112,0,11,101,25,14,In Stock,2025,12,21,6,51,4,1,16.0,12.0,15.0,12.285714285714286,12.566666666666666,13.1,183.4,6.14,189.54,REORDER,89.0
2025-12-22,P012,Scientific Calculator,Stationery,101,0,11,90,25,14,In Stock,2025,12,22,0,52,4,0,11.0,9.0,14.0,12.142857142857142,12.4,12.52,175.28,6.07,181.35,REORDER,91.0
2025-12-23,P012,Scientific Calculator,Stationery,90,0,12,78,25,14,In Stock,2025,12,23,1,52,4,0,11.0,13.0,16.0,12.428571428571429,12.333333333333334,12.38,173.32,6.21,179.53,REORDER,102.0
2025-12-24,P012,Scientific Calculator,Stationery,78,0,12,66,25,14,In Stock,2025,12,24,2,52,4,0,12.0,13.0,9.0,12.285714285714286,12.333333333333334,12.95,181.3,6.14,187.44,REORDER,121.0
2025-12-25,P012,Scientific Calculator,Stationery,66,0,25,41,25,14,In Stock,2025,12,25,3,52,4,0,12.0,12.0,13.0,12.142857142857142,12.366666666666667,13.3,186.2,6.07,192.27,REORDER,151.0
2025-12-26,P012,Scientific Calculator,Stationery,41,0,15,26,25,14,Reorder Soon,2025,12,26,4,52,4,0,25.0,11.0,12.0,14.0,12.833333333333334,11.42,159.88,7.0,166.88,REORDER,141.0
2025-12-27,P012,Scientific Calculator,Stationery,26,105,14,117,25,14,In Stock,2025,12,27,5,52,4,1,15.0,16.0,9.0,14.571428571428571,12.833333333333334,12.98,181.72,7.29,189.01,REORDER,72.0
2025-12-28,P012,Scientific Calculator,Stationery,117,0,13,104,25,14,In Stock,2025,12,28,6,52,4,1,14.0,11.0,12.0,14.285714285714286,12.933333333333334,12.85,179.9,7.14,187.04,REORDER,83.0
2025-12-29,P012,Scientific Calculator,Stationery,104,0,12,92,25,14,In Stock,2025,12,29,0,1,4,0,13.0,11.0,9.0,14.571428571428571,12.9,13.06,182.84,7.29,190.13,REORDER,98.0
2025-12-30,P012,Scientific Calculator,Stationery,92,0,14,78,25,14,In Stock,2025,12,30,1,1,4,0,12.0,12.0,13.0,14.714285714285714,12.866666666666667,13.42,187.88,7.36,195.24,REORDER,117.0
2025-12-31,P012,Scientific Calculator,Stationery,78,0,14,64,25,14,In Stock,2025,12,31,2,1,4,0,14.0,12.0,13.0,15.0,12.933333333333334,13.7,191.8,7.5,199.3,REORDER,135.0
2025-08-13,P013,Shampoo,Personal Care,236,0,34,202,80,6,In Stock,2025,8,13,2,33,3,0,29.0,32.0,29.0,32.57142857142857,32.3,32.78,196.68,16.29,212.97,REORDER,11.0
2025-08-14,P013,Shampoo,Personal Care,202,0,35,167,80,6,In Stock,2025,8,14,3,33,3,0,34.0,31.0,36.0,32.857142857142854,32.46666666666667,33.64,201.84,16.43,218.27,REORDER,51.0
2025-08-15,P013,Shampoo,Personal Care,167,0,32,135,80,6,In Stock,2025,8,15,4,33,3,0,35.0,31.0,30.0,33.42857142857143,32.766666666666666,32.52,195.12,16.71,211.83,REORDER,77.0
2025-08-16,P013,Shampoo,Personal Care,135,0,42,93,80,6,Reorder Soon,2025,8,16,5,33,3,1,32.0,28.0,35.0,33.57142857142857,33.13333333333333,32.08,192.48,16.79,209.27,REORDER,116.0
2025-08-17,P013,Shampoo,Personal Care,93,345,36,402,80,6,In Stock,2025,8,17,6,33,3,1,42.0,38.0,29.0,35.57142857142857,33.46666666666667,36.12,216.72,17.79,234.51,NO REORDER,0.0
2025-08-18,P013,Shampoo,Personal Care,402,0,25,377,80,6,In Stock,2025,8,18,0,34,3,0,36.0,39.0,36.0,35.285714285714285,33.7,33.79,202.74,17.64,220.38,NO REORDER,0.0
2025-08-19,P013,Shampoo,Personal Care,377,0,38,339,80,6,In Stock,2025,8,19,1,34,3,0,25.0,29.0,38.0,33.285714285714285,33.5,31.48,188.88,16.64,205.52,NO REORDER,0.0
2025-08-20,P013,Shampoo,Personal Care,339,0,21,318,80,6,In Stock,2025,8,20,2,34,3,0,38.0,34.0,32.0,34.57142857142857,33.733333333333334,33.32,199.92,17.29,217.21,NO REORDER,0.0
2025-08-21,P013,Shampoo,Personal Care,318,0,32,286,80,6,In Stock,2025,8,21,3,34,3,0,21.0,35.0,31.0,32.714285714285715,33.53333333333333,33.1,198.6,16.36,214.96,NO REORDER,0.0
2025-08-22,P013,Shampoo,Personal Care,286,0,30,256,80,6,In Stock,2025,8,22,4,34,3,0,32.0,32.0,31.0,32.285714285714285,33.3,32.83,196.98,16.14,213.12,NO REORDER,0.0
2025-08-23,P013,Shampoo,Personal Care,256,0,38,218,80,6,In Stock,2025,8,23,5,34,3,1,30.0,42.0,28.0,32.0,33.03333333333333,33.4,200.4,16.0,216.4,NO REORDER,0.0
2025-08-24,P013,Shampoo,Personal Care,218,0,31,187,80,6,In Stock,2025,8,24,6,34,3,1,38.0,36.0,38.0,31.428571428571427,33.166666666666664,34.14,204.84,15.71,220.55,REORDER,34.0
2025-08-25,P013,Shampoo,Personal Care,187,0,40,147,80,6,In Stock,2025,8,25,0,35,3,0,31.0,25.0,39.0,30.714285714285715,33.03333333333333,34.56,207.36,15.36,222.72,REORDER,76.0
2025-08-26,P013,Shampoo,Personal Care,147,0,38,109,80,6,Reorder Soon,2025,8,26,1,35,3,0,40.0,38.0,29.0,32.857142857142854,33.4,33.39,200.34,16.43,216.77,REORDER,108.0
2025-08-27,P013,Shampoo,Personal Care,109,326,41,394,80,6,In Stock,2025,8,27,2,35,3,0,38.0,21.0,34.0,32.857142857142854,33.56666666666667,34.34,206.04,16.43,222.47,NO REORDER,0.0
2025-08-28,P013,Shampoo,Personal Care,394,0,43,351,80,6,In Stock,2025,8,28,3,35,3,0,41.0,32.0,35.0,35.714285714285715,33.766666666666666,33.11,198.66,17.86,216.52,NO REORDER,0.0
2025-08-29,P013,Shampoo,Personal Care,351,0,35,316,80,6,In Stock,2025,8,29,4,35,3,0,43.0,30.0,32.0,37.285714285714285,33.9,35.28,211.68,18.64,230.32,NO REORDER,0.0
2025-08-30,P013,Shampoo,Personal Care,316,0,34,282,80,6,In Stock,2025,8,30,5,35,3,1,35.0,38.0,42.0,38.0,34.1,34.06,204.36,19.0,223.36,NO REORDER,0.0
2025-08-31,P013,Shampoo,Personal Care,282,0,31,251,80,6,In Stock,2025,8,31,6,35,3,1,34.0,31.0,36.0,37.42857142857143,34.03333333333333,37.21,223.26,18.71,241.97,NO REORDER,0.0
2025-09-01,P013,Shampoo,Personal Care,251,0,41,210,80,6,In Stock,2025,9,1,0,36,3,0,31.0,40.0,25.0,37.42857142857143,34.06666666666667,33.49,200.94,18.71,219.65,REORDER,10.0
2025-09-02,P013,Shampoo,Personal Care,210,0,43,167,80,6,In Stock,2025,9,2,1,36,3,0,41.0,38.0,38.0,37.57142857142857,34.266666666666666,32.72,196.32,18.79,215.11,REORDER,48.0
2025-09-03,P013,Shampoo,Personal Care,167,0,25,142,80,6,In Stock,2025,9,3,2,36,3,0,43.0,41.0,21.0,38.285714285714285,34.733333333333334,36.54,219.24,19.14,238.38,REORDER,96.0
2025-09-04,P013,Shampoo,Personal Care,142,0,26,116,80,6,Reorder Soon,2025,9,4,3,36,3,0,25.0,43.0,32.0,36.0,34.36666666666667,34.47,206.82,18.0,224.82,REORDER,109.0
2025-09-05,P013,Shampoo,Personal Care,116,0,34,82,80,6,Reorder Soon,2025,9,5,4,36,3,0,26.0,35.0,30.0,33.57142857142857,33.96666666666667,32.47,194.82,16.79,211.61,REORDER,130.0
2025-09-06,P013,Shampoo,Personal Care,82,342,26,398,80,6,In Stock,2025,9,6,5,36,3,1,34.0,34.0,38.0,33.42857142857143,34.03333333333333,33.8,202.8,16.71,219.51,NO REORDER,0.0
2025-09-07,P013,Shampoo,Personal Care,398,0,26,372,80,6,In Stock,2025,9,7,6,36,3,1,26.0,31.0,31.0,32.285714285714285,33.86666666666667,35.29,211.74,16.14,227.88,NO REORDER,0.0
2025-09-08,P013,Shampoo,Personal Care,372,0,37,335,80,6,In Stock,2025,9,8,0,37,3,0,26.0,41.0,40.0,31.571428571428573,33.7,30.92,185.52,15.79,201.31,NO REORDER,0.0
2025-09-09,P013,Shampoo,Personal Care,335,0,37,298,80,6,In Stock,2025,9,9,1,37,3,0,37.0,43.0,38.0,31.0,34.0,31.72,190.32,15.5,205.82,NO REORDER,0.0
2025-09-10,P013,Shampoo,Personal Care,298,0,22,276,80,6,In Stock,2025,9,10,2,37,3,0,37.0,25.0,41.0,30.142857142857142,33.96666666666667,34.08,204.48,15.07,219.55,NO REORDER,0.0
2025-09-11,P013,Shampoo,Personal Care,276,0,29,247,80,6,In Stock,2025,9,11,3,37,3,0,22.0,26.0,43.0,29.714285714285715,33.4,32.58,195.48,14.86,210.34,NO REORDER,0.0
2025-09-12,P013,Shampoo,Personal Care,247,0,32,215,80,6,In Stock,2025,9,12,4,37,3,0,29.0,34.0,35.0,30.142857142857142,33.4,31.38,188.28,15.07,203.35,NO REORDER,0.0
2025-09-13,P013,Shampoo,Personal Care,215,0,35,180,80,6,In Stock,2025,9,13,5,37,3,1,32.0,26.0,34.0,29.857142857142858,33.333333333333336,31.32,187.92,14.93,202.85,REORDER,23.0
2025-09-14,P013,Shampoo,Personal Care,180,0,37,143,80,6,In Stock,2025,9,14,6,37,3,1,35.0,26.0,31.0,31.142857142857142,33.333333333333336,32.58,195.48,15.57,211.05,REORDER,68.0
2025-09-15,P013,Shampoo,Personal Care,143,0,28,115,80,6,Reorder Soon,2025,9,15,0,38,3,0,37.0,37.0,41.0,32.714285714285715,33.5,31.72,190.32,16.36,206.68,REORDER,92.0
2025-09-16,P013,Shampoo,Personal Care,115,332,41,406,80,6,In Stock,2025,9,16,1,38,3,0,28.0,37.0,43.0,31.428571428571427,33.03333333333333,31.42,188.52,15.71,204.23,NO REORDER,0.0
2025-09-17,P013,Shampoo,Personal Care,406,0,27,379,80,6,In Stock,2025,9,17,2,38,3,0,41.0,22.0,25.0,32.0,33.2,34.28,205.68,16.0,221.68,NO REORDER,0.0
2025-09-18,P013,Shampoo,Personal Care,379,0,35,344,80,6,In Stock,2025,9,18,3,38,3,0,27.0,29.0,26.0,32.714285714285715,33.266666666666666,32.25,193.5,16.36,209.86,NO REORDER,0.0
2025-09-19,P013,Shampoo,Personal Care,344,0,21,323,80,6,In Stock,2025,9,19,4,38,3,0,35.0,32.0,34.0,33.57142857142857,33.166666666666664,32.0,192.0,16.79,208.79,NO REORDER,0.0
2025-09-20,P013,Shampoo,Personal Care,323,0,40,283,80,6,In Stock,2025,9,20,5,38,3,1,21.0,35.0,26.0,32.0,33.166666666666664,33.82,202.92,16.0,218.92,NO REORDER,0.0
2025-09-21,P013,Shampoo,Personal Care,283,0,26,257,80,6,In Stock,2025,9,21,6,38,3,1,40.0,37.0,26.0,32.714285714285715,33.43333333333333,33.33,199.98,16.36,216.34,NO REORDER,0.0
2025-09-22,P013,Shampoo,Personal Care,257,0,32,225,80,6,In Stock,2025,9,22,0,39,3,0,26.0,28.0,37.0,31.142857142857142,33.3,30.76,184.56,15.57,200.13,NO REORDER,0.0
2025-09-23,P013,Shampoo,Personal Care,225,0,34,191,80,6,In Stock,2025,9,23,1,39,3,0,32.0,41.0,37.0,31.714285714285715,33.1,32.02,192.12,15.86,207.98,REORDER,17.0
2025-09-24,P013,Shampoo,Personal Care,191,0,32,159,80,6,In Stock,2025,9,24,2,39,3,0,34.0,27.0,22.0,30.714285714285715,33.2,33.15,198.9,15.36,214.26,REORDER,55.0
2025-09-25,P013,Shampoo,Personal Care,159,0,31,128,80,6,In Stock,2025,9,25,3,39,3,0,32.0,35.0,29.0,31.428571428571427,32.93333333333333,32.34,194.04,15.71,209.75,REORDER,82.0
2025-09-26,P013,Shampoo,Personal Care,128,0,37,91,80,6,Reorder Soon,2025,9,26,4,39,3,0,31.0,21.0,32.0,30.857142857142858,32.7,34.1,204.6,15.43,220.03,REORDER,129.0
2025-09-27,P013,Shampoo,Personal Care,91,341,28,404,80,6,In Stock,2025,9,27,5,39,3,1,37.0,40.0,35.0,33.142857142857146,32.56666666666667,33.72,202.32,16.57,218.89,NO REORDER,0.0
2025-09-28,P013,Shampoo,Personal Care,404,0,36,368,80,6,In Stock,2025,9,28,6,39,3,1,28.0,26.0,37.0,31.428571428571427,32.06666666666667,35.24,211.44,15.71,227.15,NO REORDER,0.0
2025-09-29,P013,Shampoo,Personal Care,368,0,28,340,80,6,In Stock,2025,9,29,0,40,3,0,36.0,32.0,28.0,32.857142857142854,32.1,35.2,211.2,16.43,227.63,NO REORDER,0.0
2025-09-30,P013,Shampoo,Personal Care,340,0,36,304,80,6,In Stock,2025,9,30,1,40,3,0,28.0,34.0,41.0,32.285714285714285,31.9,33.59,201.54,16.14,217.68,NO REORDER,0.0
2025-10-01,P013,Shampoo,Personal Care,304,0,29,275,80,6,In Stock,2025,10,1,2,40,4,0,36.0,32.0,27.0,32.57142857142857,32.06666666666667,33.22,199.32,16.29,215.61,NO REORDER,0.0
2025-10-02,P013,Shampoo,Personal Care,275,0,25,250,80,6,In Stock,2025,10,2,3,40,4,0,29.0,31.0,35.0,32.142857142857146,31.666666666666668,32.56,195.36,16.07,211.43,NO REORDER,0.0
2025-10-03,P013,Shampoo,Personal Care,250,0,29,221,80,6,In Stock,2025,10,3,4,40,4,0,25.0,37.0,21.0,31.285714285714285,31.066666666666663,35.8,214.8,15.64,230.44,REORDER,9.0
2025-10-04,P013,Shampoo,Personal Care,221,0,33,188,80,6,In Stock,2025,10,4,5,40,4,1,29.0,28.0,40.0,30.142857142857142,31.2,35.1,210.6,15.07,225.67,REORDER,38.0
2025-10-05,P013,Shampoo,Personal Care,188,0,48,140,80,6,In Stock,2025,10,5,6,40,4,1,33.0,36.0,26.0,30.857142857142858,31.433333333333334,35.48,212.88,15.43,228.31,REORDER,88.0
2025-10-06,P013,Shampoo,Personal Care,140,0,29,111,80,6,Reorder Soon,2025,10,6,0,41,4,0,48.0,28.0,32.0,32.57142857142857,31.9,34.08,204.48,16.29,220.77,REORDER,110.0
2025-10-07,P013,Shampoo,Personal Care,111,323,32,402,80,6,In Stock,2025,10,7,1,41,4,0,29.0,36.0,34.0,32.714285714285715,32.0,32.85,197.1,16.36,213.46,NO REORDER,0.0
2025-10-08,P013,Shampoo,Personal Care,402,0,24,378,80,6,In Stock,2025,10,8,2,41,4,0,32.0,29.0,32.0,32.142857142857146,32.2,31.73,190.38,16.07,206.45,NO REORDER,0.0
2025-10-09,P013,Shampoo,Personal Care,378,0,29,349,80,6,In Stock,2025,10,9,3,41,4,0,24.0,25.0,31.0,31.428571428571427,31.766666666666666,34.02,204.12,15.71,219.83,NO REORDER,0.0
2025-10-10,P013,Shampoo,Personal Care,349,0,33,316,80,6,In Stock,2025,10,10,4,41,4,0,29.0,29.0,37.0,32.0,31.5,34.46,206.76,16.0,222.76,NO REORDER,0.0
2025-10-11,P013,Shampoo,Personal Care,316,0,34,282,80,6,In Stock,2025,10,11,5,41,4,1,33.0,33.0,28.0,32.57142857142857,31.866666666666667,32.82,196.92,16.29,213.21,NO REORDER,0.0
2025-10-12,P013,Shampoo,Personal Care,282,0,21,261,80,6,In Stock,2025,10,12,6,41,4,1,34.0,48.0,36.0,32.714285714285715,32.03333333333333,31.77,190.62,16.36,206.98,NO REORDER,0.0
2025-10-13,P013,Shampoo,Personal Care,261,0,30,231,80,6,In Stock,2025,10,13,0,42,4,0,21.0,29.0,28.0,28.857142857142858,31.666666666666668,35.72,214.32,14.43,228.75,NO REORDER,0.0
2025-10-14,P013,Shampoo,Personal Care,231,0,32,199,80,6,In Stock,2025,10,14,1,42,4,0,30.0,32.0,36.0,29.0,31.5,35.43,212.58,14.5,227.08,REORDER,28.0
2025-10-15,P013,Shampoo,Personal Care,199,0,32,167,80,6,In Stock,2025,10,15,2,42,4,0,32.0,24.0,29.0,29.0,31.33333333333333,36.65,219.9,14.5,234.4,REORDER,67.0
2025-10-16,P013,Shampoo,Personal Care,167,0,25,142,80,6,In Stock,2025,10,16,3,42,4,0,32.0,29.0,25.0,30.142857142857142,31.466666666666665,36.14,216.84,15.07,231.91,REORDER,90.0
2025-10-17,P013,Shampoo,Personal Care,142,0,35,107,80,6,Reorder Soon,2025,10,17,4,42,4,0,25.0,33.0,29.0,29.571428571428573,30.933333333333334,36.01,216.06,14.79,230.85,REORDER,124.0
2025-10-18,P013,Shampoo,Personal Care,107,337,43,401,80,6,In Stock,2025,10,18,5,42,4,1,35.0,34.0,33.0,29.857142857142858,31.2,35.64,213.84,14.93,228.77,NO REORDER,0.0
2025-10-19,P013,Shampoo,Personal Care,401,0,37,364,80,6,In Stock,2025,10,19,6,42,4,1,43.0,21.0,48.0,31.142857142857142,31.466666666666665,34.49,206.94,15.57,222.51,NO REORDER,0.0
2025-10-20,P013,Shampoo,Personal Care,364,0,31,333,80,6,In Stock,2025,10,20,0,43,4,0,37.0,30.0,29.0,33.42857142857143,32.0,32.8,196.8,16.71,213.51,NO REORDER,0.0
2025-10-21,P013,Shampoo,Personal Care,333,0,39,294,80,6,In Stock,2025,10,21,1,43,4,0,31.0,32.0,32.0,33.57142857142857,31.7,33.22,199.32,16.79,216.11,NO REORDER,0.0
2025-10-22,P013,Shampoo,Personal Care,294,0,28,266,80,6,In Stock,2025,10,22,2,43,4,0,39.0,32.0,24.0,34.57142857142857,32.13333333333333,34.03,204.18,17.29,221.47,NO REORDER,0.0
2025-10-23,P013,Shampoo,Personal Care,266,0,34,232,80,6,In Stock,2025,10,23,3,43,4,0,28.0,25.0,29.0,34.0,32.0,34.55,207.3,17.0,224.3,NO REORDER,0.0
2025-10-24,P013,Shampoo,Personal Care,232,0,31,201,80,6,In Stock,2025,10,24,4,43,4,0,34.0,35.0,33.0,35.285714285714285,32.0,34.22,205.32,17.64,222.96,REORDER,22.0
2025-10-25,P013,Shampoo,Personal Care,201,0,41,160,80,6,In Stock,2025,10,25,5,43,4,1,31.0,43.0,34.0,34.714285714285715,31.966666666666665,34.71,208.26,17.36,225.62,REORDER,66.0
2025-10-26,P013,Shampoo,Personal Care,160,0,28,132,80,6,In Stock,2025,10,26,6,43,4,1,41.0,37.0,21.0,34.42857142857143,32.3,35.98,215.88,17.21,233.09,REORDER,101.0
2025-10-27,P013,Shampoo,Personal Care,132,0,26,106,80,6,Reorder Soon,2025,10,27,0,44,4,0,28.0,31.0,30.0,33.142857142857146,32.0,32.48,194.88,16.57,211.45,REORDER,105.0
2025-10-28,P013,Shampoo,Personal Care,106,328,37,397,80,6,In Stock,2025,10,28,1,44,4,0,26.0,39.0,32.0,32.42857142857143,31.933333333333334,34.26,205.56,16.21,221.77,NO REORDER,0.0
2025-10-29,P013,Shampoo,Personal Care,397,0,43,354,80,6,In Stock,2025,10,29,2,44,4,0,37.0,28.0,32.0,32.142857142857146,31.966666666666665,36.18,217.08,16.07,233.15,NO REORDER,0.0
2025-10-30,P013,Shampoo,Personal Care,354,0,48,306,80,6,In Stock,2025,10,30,3,44,4,0,43.0,34.0,25.0,34.285714285714285,32.46666666666667,34.31,205.86,17.14,223.0,NO REORDER,0.0
2025-10-31,P013,Shampoo,Personal Care,306,0,47,259,80,6,In Stock,2025,10,31,4,44,4,0,48.0,31.0,35.0,36.285714285714285,32.86666666666667,35.15,210.9,18.14,229.04,NO REORDER,0.0
2025-11-01,P013,Shampoo,Personal Care,259,0,31,228,80,6,In Stock,2025,11,1,5,44,4,1,47.0,41.0,43.0,38.57142857142857,33.46666666666667,33.22,199.32,19.29,218.61,NO REORDER,0.0
2025-11-02,P013,Shampoo,Personal Care,228,0,33,195,80,6,In Stock,2025,11,2,6,44,4,1,31.0,28.0,37.0,37.142857142857146,33.666666666666664,35.33,211.98,18.57,230.55,REORDER,36.0
2025-11-03,P013,Shampoo,Personal Care,195,0,29,166,80,6,In Stock,2025,11,3,0,45,4,0,33.0,26.0,31.0,37.85714285714285,33.8,31.78,190.68,18.93,209.61,REORDER,44.0
2025-11-04,P013,Shampoo,Personal Care,166,0,42,124,80,6,In Stock,2025,11,4,1,45,4,0,29.0,37.0,39.0,38.285714285714285,33.666666666666664,32.82,196.92,19.14,216.06,REORDER,92.0
2025-11-05,P013,Shampoo,Personal Care,124,0,33,91,80,6,Reorder Soon,2025,11,5,2,45,4,0,42.0,43.0,28.0,39.0,33.46666666666667,33.1,198.6,19.5,218.1,REORDER,127.0
2025-11-06,P013,Shampoo,Personal Care,91,335,23,403,80,6,In Stock,2025,11,6,3,45,4,0,33.0,48.0,34.0,37.57142857142857,33.6,33.94,203.64,18.79,222.43,NO REORDER,0.0
2025-11-07,P013,Shampoo,Personal Care,403,0,29,374,80,6,In Stock,2025,11,7,4,45,4,0,23.0,47.0,31.0,34.0,33.3,32.16,192.96,17.0,209.96,NO REORDER,0.0
2025-11-08,P013,Shampoo,Personal Care,374,0,37,337,80,6,In Stock,2025,11,8,5,45,4,1,29.0,31.0,41.0,31.428571428571427,33.46666666666667,31.38,188.28,15.71,203.99,NO REORDER,0.0
2025-11-09,P013,Shampoo,Personal Care,337,0,38,299,80,6,In Stock,2025,11,9,6,45,4,1,37.0,33.0,28.0,32.285714285714285,33.733333333333334,33.49,200.94,16.14,217.08,NO REORDER,0.0
2025-11-10,P013,Shampoo,Personal Care,299,0,33,266,80,6,In Stock,2025,11,10,0,46,4,0,38.0,29.0,26.0,33.0,33.9,32.94,197.64,16.5,214.14,NO REORDER,0.0
2025-11-11,P013,Shampoo,Personal Care,266,0,34,232,80,6,In Stock,2025,11,11,1,46,4,0,33.0,42.0,37.0,33.57142857142857,33.86666666666667,31.6,189.6,16.79,206.39,NO REORDER,0.0
2025-11-12,P013,Shampoo,Personal Care,232,0,30,202,80,6,In Stock,2025,11,12,2,46,4,0,34.0,33.0,43.0,32.42857142857143,34.3,30.96,185.76,16.21,201.97,NO REORDER,0.0
2025-11-13,P013,Shampoo,Personal Care,202,0,32,170,80,6,In Stock,2025,11,13,3,46,4,0,30.0,23.0,48.0,32.0,34.3,33.55,201.3,16.0,217.3,REORDER,47.0
2025-11-14,P013,Shampoo,Personal Care,170,0,34,136,80,6,In Stock,2025,11,14,4,46,4,0,32.0,29.0,47.0,33.285714285714285,34.3,31.98,191.88,16.64,208.52,REORDER,73.0
2025-11-15,P013,Shampoo,Personal Care,136,0,39,97,80,6,Reorder Soon,2025,11,15,5,46,4,1,34.0,37.0,31.0,34.0,34.36666666666667,32.84,197.04,17.0,214.04,REORDER,117.0
2025-11-16,P013,Shampoo,Personal Care,97,317,24,390,80,6,In Stock,2025,11,16,6,46,4,1,39.0,38.0,33.0,34.285714285714285,34.833333333333336,35.64,213.84,17.14,230.98,NO REORDER,0.0
2025-11-17,P013,Shampoo,Personal Care,390,0,46,344,80,6,In Stock,2025,11,17,0,47,4,0,24.0,33.0,29.0,32.285714285714285,34.46666666666667,32.88,197.28,16.14,213.42,NO REORDER,0.0
2025-11-18,P013,Shampoo,Personal Care,344,0,32,312,80,6,In Stock,2025,11,18,1,47,4,0,46.0,34.0,42.0,34.142857142857146,34.56666666666667,32.76,196.56,17.07,213.63,NO REORDER,0.0
2025-11-19,P013,Shampoo,Personal Care,312,0,31,281,80,6,In Stock,2025,11,19,2,47,4,0,32.0,30.0,33.0,33.857142857142854,34.4,33.65,201.9,16.93,218.83,NO REORDER,0.0
2025-11-20,P013,Shampoo,Personal Care,281,0,27,254,80,6,In Stock,2025,11,20,3,47,4,0,31.0,32.0,23.0,34.0,34.4,33.32,199.92,17.0,216.92,NO REORDER,0.0
2025-11-21,P013,Shampoo,Personal Care,254,0,28,226,80,6,In Stock,2025,11,21,4,47,4,0,27.0,34.0,29.0,33.285714285714285,34.0,33.39,200.34,16.64,216.98,NO REORDER,0.0
2025-11-22,P013,Shampoo,Personal Care,226,0,46,180,80,6,In Stock,2025,11,22,5,47,4,1,28.0,39.0,37.0,32.42857142857143,34.0,36.4,218.4,16.21,234.61,REORDER,55.0
2025-11-23,P013,Shampoo,Personal Care,180,0,34,146,80,6,In Stock,2025,11,23,6,47,4,1,46.0,24.0,38.0,33.42857142857143,34.4,37.2,223.2,16.71,239.91,REORDER,94.0
2025-11-24,P013,Shampoo,Personal Care,146,0,34,112,80,6,Reorder Soon,2025,11,24,0,48,4,0,34.0,46.0,33.0,34.857142857142854,34.5,32.74,196.44,17.43,213.87,REORDER,102.0
2025-11-25,P013,Shampoo,Personal Care,112,322,43,391,80,6,In Stock,2025,11,25,1,48,4,0,34.0,32.0,34.0,33.142857142857146,34.266666666666666,34.06,204.36,16.57,220.93,NO REORDER,0.0
2025-11-26,P013,Shampoo,Personal Care,391,0,25,366,80,6,In Stock,2025,11,26,2,48,4,0,43.0,31.0,30.0,34.714285714285715,34.766666666666666,34.2,205.2,17.36,222.56,NO REORDER,0.0
2025-11-27,P013,Shampoo,Personal Care,366,0,43,323,80,6,In Stock,2025,11,27,3,48,4,0,25.0,27.0,32.0,33.857142857142854,34.733333333333334,36.01,216.06,16.93,232.99,NO REORDER,0.0
2025-11-28,P013,Shampoo,Personal Care,323,0,34,289,80,6,In Stock,2025,11,28,4,48,4,0,43.0,28.0,34.0,36.142857142857146,34.93333333333333,34.9,209.4,18.07,227.47,NO REORDER,0.0
2025-11-29,P013,Shampoo,Personal Care,289,0,35,254,80,6,In Stock,2025,11,29,5,48,4,1,34.0,46.0,39.0,37.0,34.63333333333333,34.68,208.08,18.5,226.58,NO REORDER,0.0
2025-11-30,P013,Shampoo,Personal Care,254,0,22,232,80,6,In Stock,2025,11,30,6,48,4,1,35.0,34.0,24.0,35.42857142857143,34.2,39.06,234.36,17.71,252.07,REORDER,20.0
2025-12-01,P013,Shampoo,Personal Care,232,0,34,198,80,6,In Stock,2025,12,1,0,49,4,0,22.0,34.0,46.0,33.714285714285715,33.36666666666667,31.58,189.48,16.86,206.34,REORDER,8.0
2025-12-02,P013,Shampoo,Personal Care,198,0,33,165,80,6,In Stock,2025,12,2,1,49,4,0,34.0,43.0,32.0,33.714285714285715,33.46666666666667,31.95,191.7,16.86,208.56,REORDER,44.0
2025-12-03,P013,Shampoo,Personal Care,165,0,37,128,80,6,In Stock,2025,12,3,2,49,4,0,33.0,25.0,31.0,32.285714285714285,33.46666666666667,34.46,206.76,16.14,222.9,REORDER,95.0
2025-12-04,P013,Shampoo,Personal Care,128,0,33,95,80,6,Reorder Soon,2025,12,4,3,49,4,0,37.0,43.0,27.0,34.0,33.733333333333334,33.62,201.72,17.0,218.72,REORDER,124.0
2025-12-05,P013,Shampoo,Personal Care,95,341,30,406,80,6,In Stock,2025,12,5,4,49,4,0,33.0,34.0,28.0,32.57142857142857,33.43333333333333,33.1,198.6,16.29,214.89,NO REORDER,0.0
2025-12-06,P013,Shampoo,Personal Care,406,0,30,376,80,6,In Stock,2025,12,6,5,49,4,1,30.0,35.0,46.0,32.0,33.333333333333336,32.39,194.34,16.0,210.34,NO REORDER,0.0
2025-12-07,P013,Shampoo,Personal Care,376,0,25,351,80,6,In Stock,2025,12,7,6,49,4,1,30.0,22.0,34.0,31.285714285714285,33.56666666666667,33.9,203.4,15.64,219.04,NO REORDER,0.0
2025-12-08,P013,Shampoo,Personal Care,351,0,32,319,80,6,In Stock,2025,12,8,0,50,4,0,25.0,34.0,34.0,31.714285714285715,33.43333333333333,29.69,178.14,15.86,194.0,NO REORDER,0.0
2025-12-09,P013,Shampoo,Personal Care,319,0,28,291,80,6,In Stock,2025,12,9,1,50,4,0,32.0,33.0,43.0,31.428571428571427,33.266666666666666,30.6,183.6,15.71,199.31,NO REORDER,0.0
2025-12-10,P013,Shampoo,Personal Care,291,0,38,253,80,6,In Stock,2025,12,10,2,50,4,0,28.0,37.0,25.0,30.714285714285715,32.93333333333333,32.22,193.32,15.36,208.68,NO REORDER,0.0
2025-12-11,P013,Shampoo,Personal Care,253,0,32,221,80,6,In Stock,2025,12,11,3,50,4,0,38.0,33.0,43.0,30.857142857142858,33.1,32.84,197.04,15.43,212.47,NO REORDER,0.0
2025-12-12,P013,Shampoo,Personal Care,221,0,26,195,80,6,In Stock,2025,12,12,4,50,4,0,32.0,30.0,34.0,30.714285714285715,33.03333333333333,31.89,191.34,15.36,206.7,REORDER,12.0
2025-12-13,P013,Shampoo,Personal Care,195,0,23,172,80,6,In Stock,2025,12,13,5,50,4,1,26.0,30.0,35.0,30.142857142857142,32.9,32.56,195.36,15.07,210.43,REORDER,38.0
2025-12-14,P013,Shampoo,Personal Care,172,0,25,147,80,6,In Stock,2025,12,14,6,50,4,1,23.0,25.0,22.0,29.142857142857142,32.6,34.48,206.88,14.57,221.45,REORDER,74.0
2025-12-15,P013,Shampoo,Personal Care,147,0,34,113,80,6,Reorder Soon,2025,12,15,0,51,4,0,25.0,32.0,34.0,29.142857142857142,32.3,32.86,197.16,14.57,211.73,REORDER,99.0
2025-12-16,P013,Shampoo,Personal Care,113,319,39,393,80,6,In Stock,2025,12,16,1,51,4,0,34.0,28.0,33.0,29.428571428571427,32.13333333333333,32.73,196.38,14.71,211.09,NO REORDER,0.0
2025-12-17,P013,Shampoo,Personal Care,393,0,35,358,80,6,In Stock,2025,12,17,2,51,4,0,39.0,38.0,37.0,31.0,32.63333333333333,31.68,190.08,15.5,205.58,NO REORDER,0.0
2025-12-18,P013,Shampoo,Personal Care,358,0,31,327,80,6,In Stock,2025,12,18,3,51,4,0,35.0,32.0,33.0,30.571428571428573,32.266666666666666,32.16,192.96,15.29,208.25,NO REORDER,0.0
2025-12-19,P013,Shampoo,Personal Care,327,0,43,284,80,6,In Stock,2025,12,19,4,51,4,0,31.0,26.0,30.0,30.428571428571427,32.233333333333334,32.66,195.96,15.21,211.17,NO REORDER,0.0
2025-12-20,P013,Shampoo,Personal Care,284,0,38,246,80,6,In Stock,2025,12,20,5,51,4,1,43.0,23.0,30.0,32.857142857142854,32.63333333333333,34.81,208.86,16.43,225.29,NO REORDER,0.0
2025-12-21,P013,Shampoo,Personal Care,246,0,51,195,80,6,In Stock,2025,12,21,6,51,4,1,38.0,25.0,25.0,35.0,33.0,36.85,221.1,17.5,238.6,REORDER,44.0
2025-12-22,P013,Shampoo,Personal Care,195,0,30,165,80,6,In Stock,2025,12,22,0,52,4,0,51.0,34.0,32.0,38.71428571428572,33.766666666666666,32.08,192.48,19.36,211.84,REORDER,47.0
2025-12-23,P013,Shampoo,Personal Care,165,0,40,125,80,6,In Stock,2025,12,23,1,52,4,0,30.0,39.0,28.0,38.142857142857146,33.233333333333334,32.54,195.24,19.07,214.31,REORDER,89.0
2025-12-24,P013,Shampoo,Personal Care,125,0,31,94,80,6,Reorder Soon,2025,12,24,2,52,4,0,40.0,35.0,38.0,38.285714285714285,33.43333333333333,31.24,187.44,19.14,206.58,REORDER,113.0
2025-12-25,P013,Shampoo,Personal Care,94,347,36,405,80,6,In Stock,2025,12,25,3,52,4,0,31.0,31.0,32.0,37.71428571428572,33.333333333333336,32.19,193.14,18.86,212.0,NO REORDER,0.0
2025-12-26,P013,Shampoo,Personal Care,405,0,32,373,80,6,In Stock,2025,12,26,4,52,4,0,36.0,43.0,26.0,38.42857142857143,33.1,32.91,197.46,19.21,216.67,NO REORDER,0.0
2025-12-27,P013,Shampoo,Personal Care,373,0,35,338,80,6,In Stock,2025,12,27,5,52,4,1,32.0,38.0,23.0,36.85714285714285,33.333333333333336,32.43,194.58,18.43,213.01,NO REORDER,0.0
2025-12-28,P013,Shampoo,Personal Care,338,0,39,299,80,6,In Stock,2025,12,28,6,52,4,1,35.0,51.0,25.0,36.42857142857143,33.06666666666667,35.06,210.36,18.21,228.57,NO REORDER,0.0
2025-12-29,P013,Shampoo,Personal Care,299,0,28,271,80,6,In Stock,2025,12,29,0,1,4,0,39.0,30.0,34.0,34.714285714285715,33.233333333333334,33.19,199.14,17.36,216.5,NO REORDER,0.0
2025-12-30,P013,Shampoo,Personal Care,271,0,29,242,80,6,In Stock,2025,12,30,1,1,4,0,28.0,40.0,39.0,34.42857142857143,33.0,34.68,208.08,17.21,225.29,NO REORDER,0.0
2025-12-31,P013,Shampoo,Personal Care,242,0,29,213,80,6,In Stock,2025,12,31,2,1,4,0,29.0,31.0,35.0,32.857142857142854,33.233333333333334,34.44,206.64,16.43,223.07,REORDER,10.0
2025-08-13,P014,Face Wash,Personal Care,188,0,40,148,75,6,In Stock,2025,8,13,2,33,3,0,42.0,35.0,32.0,40.57142857142857,37.6,37.88,227.28,20.29,247.57,REORDER,100.0
2025-08-14,P014,Face Wash,Personal Care,148,0,36,112,75,6,Reorder Soon,2025,8,14,3,33,3,0,40.0,50.0,31.0,41.285714285714285,37.63333333333333,37.21,223.26,20.64,243.9,REORDER,132.0
2025-08-15,P014,Face Wash,Personal Care,112,231,37,306,75,6,In Stock,2025,8,15,4,33,3,0,36.0,41.0,46.0,39.285714285714285,37.766666666666666,36.62,219.72,19.64,239.36,NO REORDER,0.0
2025-08-16,P014,Face Wash,Personal Care,306,0,37,269,75,6,In Stock,2025,8,16,5,33,3,1,37.0,41.0,39.0,38.71428571428572,38.1,34.8,208.8,19.36,228.16,NO REORDER,0.0
2025-08-17,P014,Face Wash,Personal Care,269,0,35,234,75,6,In Stock,2025,8,17,6,33,3,1,37.0,30.0,45.0,38.142857142857146,38.13333333333333,36.52,219.12,19.07,238.19,REORDER,4.0
2025-08-18,P014,Face Wash,Personal Care,234,0,37,197,75,6,In Stock,2025,8,18,0,34,3,0,35.0,45.0,33.0,38.85714285714285,38.36666666666667,34.18,205.08,19.43,224.51,REORDER,28.0
2025-08-19,P014,Face Wash,Personal Care,197,0,33,164,75,6,In Stock,2025,8,19,1,34,3,0,37.0,42.0,27.0,37.71428571428572,38.0,31.32,187.92,18.86,206.78,REORDER,43.0
2025-08-20,P014,Face Wash,Personal Care,164,0,33,131,75,6,In Stock,2025,8,20,2,34,3,0,33.0,40.0,35.0,36.42857142857143,37.86666666666667,32.72,196.32,18.21,214.53,REORDER,84.0
2025-08-21,P014,Face Wash,Personal Care,131,0,41,90,75,6,Reorder Soon,2025,8,21,3,34,3,0,33.0,36.0,50.0,35.42857142857143,37.6,35.41,212.46,17.71,230.17,REORDER,140.0
2025-08-22,P014,Face Wash,Personal Care,90,252,39,303,75,6,In Stock,2025,8,22,4,34,3,0,41.0,37.0,41.0,36.142857142857146,38.0,36.33,217.98,18.07,236.05,NO REORDER,0.0
2025-08-23,P014,Face Wash,Personal Care,303,0,37,266,75,6,In Stock,2025,8,23,5,34,3,1,39.0,37.0,41.0,36.42857142857143,38.0,34.42,206.52,18.21,224.73,NO REORDER,0.0
2025-08-24,P014,Face Wash,Personal Care,266,0,36,230,75,6,In Stock,2025,8,24,6,34,3,1,37.0,35.0,30.0,36.42857142857143,37.63333333333333,36.17,217.02,18.21,235.23,REORDER,5.0
2025-08-25,P014,Face Wash,Personal Care,230,0,41,189,75,6,In Stock,2025,8,25,0,35,3,0,36.0,37.0,45.0,36.57142857142857,37.53333333333333,33.88,203.28,18.29,221.57,REORDER,33.0
2025-08-26,P014,Face Wash,Personal Care,189,0,43,146,75,6,In Stock,2025,8,26,1,35,3,0,41.0,33.0,42.0,37.142857142857146,37.46666666666667,34.84,209.04,18.57,227.61,REORDER,82.0
2025-08-27,P014,Face Wash,Personal Care,146,0,34,112,75,6,Reorder Soon,2025,8,27,2,35,3,0,43.0,33.0,40.0,38.57142857142857,37.56666666666667,36.3,217.8,19.29,237.09,REORDER,125.0
2025-08-28,P014,Face Wash,Personal Care,112,232,41,303,75,6,In Stock,2025,8,28,3,35,3,0,34.0,41.0,36.0,38.71428571428572,37.56666666666667,34.71,208.26,19.36,227.62,NO REORDER,0.0
2025-08-29,P014,Face Wash,Personal Care,303,0,38,265,75,6,In Stock,2025,8,29,4,35,3,0,41.0,39.0,37.0,38.71428571428572,37.9,32.44,194.64,19.36,214.0,NO REORDER,0.0
2025-08-30,P014,Face Wash,Personal Care,265,0,25,240,75,6,In Stock,2025,8,30,5,35,3,1,38.0,37.0,37.0,38.57142857142857,38.1,34.38,206.28,19.29,225.57,NO REORDER,0.0
2025-08-31,P014,Face Wash,Personal Care,240,0,30,210,75,6,In Stock,2025,8,31,6,35,3,1,25.0,36.0,35.0,36.85714285714285,37.9,36.9,221.4,18.43,239.83,REORDER,30.0
2025-09-01,P014,Face Wash,Personal Care,210,0,27,183,75,6,In Stock,2025,9,1,0,36,3,0,30.0,41.0,37.0,36.0,37.36666666666667,36.54,219.24,18.0,237.24,REORDER,54.0
2025-09-02,P014,Face Wash,Personal Care,183,0,33,150,75,6,In Stock,2025,9,2,1,36,3,0,27.0,43.0,33.0,34.0,36.96666666666667,37.14,222.84,17.0,239.84,REORDER,90.0
2025-09-03,P014,Face Wash,Personal Care,150,0,33,117,75,6,In Stock,2025,9,3,2,36,3,0,33.0,34.0,33.0,32.57142857142857,36.56666666666667,38.26,229.56,16.29,245.85,REORDER,129.0
2025-09-04,P014,Face Wash,Personal Care,117,0,38,79,75,6,Reorder Soon,2025,9,4,3,36,3,0,33.0,41.0,41.0,32.42857142857143,36.56666666666667,34.78,208.68,16.21,224.89,REORDER,146.0
2025-09-05,P014,Face Wash,Personal Care,79,269,40,308,75,6,In Stock,2025,9,5,4,36,3,0,38.0,38.0,39.0,32.0,36.93333333333333,37.25,223.5,16.0,239.5,NO REORDER,0.0
2025-09-06,P014,Face Wash,Personal Care,308,0,39,269,75,6,In Stock,2025,9,6,5,36,3,1,40.0,25.0,37.0,32.285714285714285,37.1,35.68,214.08,16.14,230.22,NO REORDER,0.0
2025-09-07,P014,Face Wash,Personal Care,269,0,36,233,75,6,In Stock,2025,9,7,6,36,3,1,39.0,30.0,36.0,34.285714285714285,36.73333333333333,35.82,214.92,17.14,232.06,NO REORDER,0.0
2025-09-08,P014,Face Wash,Personal Care,233,0,26,207,75,6,In Stock,2025,9,8,0,37,3,0,36.0,27.0,41.0,35.142857142857146,36.56666666666667,34.93,209.58,17.57,227.15,REORDER,20.0
2025-09-09,P014,Face Wash,Personal Care,207,0,38,169,75,6,In Stock,2025,9,9,1,37,3,0,26.0,33.0,43.0,35.0,36.06666666666667,35.21,211.26,17.5,228.76,REORDER,60.0
2025-09-10,P014,Face Wash,Personal Care,169,0,39,130,75,6,In Stock,2025,9,10,2,37,3,0,38.0,33.0,34.0,35.714285714285715,36.333333333333336,37.62,225.72,17.86,243.58,REORDER,114.0
2025-09-11,P014,Face Wash,Personal Care,130,0,28,102,75,6,Reorder Soon,2025,9,11,3,37,3,0,39.0,38.0,41.0,36.57142857142857,36.13333333333333,34.83,208.98,18.29,227.27,REORDER,125.0
2025-09-12,P014,Face Wash,Personal Care,102,237,29,310,75,6,In Stock,2025,9,12,4,37,3,0,28.0,40.0,38.0,35.142857142857146,35.666666666666664,38.03,228.18,17.57,245.75,NO REORDER,0.0
2025-09-13,P014,Face Wash,Personal Care,310,0,39,271,75,6,In Stock,2025,9,13,5,37,3,1,29.0,39.0,25.0,33.57142857142857,35.3,36.86,221.16,16.79,237.95,NO REORDER,0.0
2025-09-14,P014,Face Wash,Personal Care,271,0,32,239,75,6,In Stock,2025,9,14,6,37,3,1,39.0,36.0,30.0,33.57142857142857,35.4,34.72,208.32,16.79,225.11,NO REORDER,0.0
2025-09-15,P014,Face Wash,Personal Care,239,0,37,202,75,6,In Stock,2025,9,15,0,38,3,0,32.0,26.0,27.0,33.0,35.233333333333334,34.78,208.68,16.5,225.18,REORDER,23.0
2025-09-16,P014,Face Wash,Personal Care,202,0,43,159,75,6,In Stock,2025,9,16,1,38,3,0,37.0,38.0,33.0,34.57142857142857,35.233333333333334,34.55,207.3,17.29,224.59,REORDER,66.0
2025-09-17,P014,Face Wash,Personal Care,159,0,42,117,75,6,In Stock,2025,9,17,2,38,3,0,43.0,39.0,33.0,35.285714285714285,35.5,36.52,219.12,17.64,236.76,REORDER,120.0
2025-09-18,P014,Face Wash,Personal Care,117,236,46,307,75,6,In Stock,2025,9,18,3,38,3,0,42.0,28.0,38.0,35.714285714285715,35.666666666666664,37.08,222.48,17.86,240.34,NO REORDER,0.0
2025-09-19,P014,Face Wash,Personal Care,307,0,37,270,75,6,In Stock,2025,9,19,4,38,3,0,46.0,29.0,40.0,38.285714285714285,36.1,33.92,203.52,19.14,222.66,NO REORDER,0.0
2025-09-20,P014,Face Wash,Personal Care,270,0,29,241,75,6,In Stock,2025,9,20,5,38,3,1,37.0,39.0,39.0,39.42857142857143,36.23333333333333,33.66,201.96,19.71,221.67,NO REORDER,0.0
2025-09-21,P014,Face Wash,Personal Care,241,0,38,203,75,6,In Stock,2025,9,21,6,38,3,1,29.0,32.0,36.0,38.0,35.833333333333336,37.92,227.52,19.0,246.52,REORDER,44.0
2025-09-22,P014,Face Wash,Personal Care,203,0,39,164,75,6,In Stock,2025,9,22,0,39,3,0,38.0,37.0,26.0,38.85714285714285,35.8,31.3,187.8,19.43,207.23,REORDER,43.0
2025-09-23,P014,Face Wash,Personal Care,164,0,35,129,75,6,In Stock,2025,9,23,1,39,3,0,39.0,43.0,38.0,39.142857142857146,35.86666666666667,32.93,197.58,19.57,217.15,REORDER,88.0
2025-09-24,P014,Face Wash,Personal Care,129,0,42,87,75,6,Reorder Soon,2025,9,24,2,39,3,0,35.0,42.0,39.0,38.0,35.833333333333336,33.76,202.56,19.0,221.56,REORDER,135.0
2025-09-25,P014,Face Wash,Personal Care,87,243,38,292,75,6,In Stock,2025,9,25,3,39,3,0,42.0,46.0,28.0,38.0,35.86666666666667,35.17,211.02,19.0,230.02,NO REORDER,0.0
2025-09-26,P014,Face Wash,Personal Care,292,0,26,266,75,6,In Stock,2025,9,26,4,39,3,0,38.0,37.0,29.0,36.85714285714285,35.7,34.03,204.18,18.43,222.61,NO REORDER,0.0
2025-09-27,P014,Face Wash,Personal Care,266,0,23,243,75,6,In Stock,2025,9,27,5,39,3,1,26.0,29.0,39.0,35.285714285714285,35.43333333333333,37.16,222.96,17.64,240.6,NO REORDER,0.0
2025-09-28,P014,Face Wash,Personal Care,243,0,38,205,75,6,In Stock,2025,9,28,6,39,3,1,23.0,38.0,32.0,34.42857142857143,34.833333333333336,37.9,227.4,17.21,244.61,REORDER,40.0
2025-09-29,P014,Face Wash,Personal Care,205,0,49,156,75,6,In Stock,2025,9,29,0,40,3,0,38.0,39.0,37.0,34.42857142857143,34.833333333333336,33.89,203.34,17.21,220.55,REORDER,65.0
2025-09-30,P014,Face Wash,Personal Care,156,0,42,114,75,6,In Stock,2025,9,30,1,40,3,0,49.0,35.0,43.0,35.857142857142854,35.63333333333333,35.62,213.72,17.93,231.65,REORDER,118.0
2025-10-01,P014,Face Wash,Personal Care,114,239,47,306,75,6,In Stock,2025,10,1,2,40,4,0,42.0,42.0,42.0,36.85714285714285,36.03333333333333,35.84,215.04,18.43,233.47,NO REORDER,0.0
2025-10-02,P014,Face Wash,Personal Care,306,0,31,275,75,6,In Stock,2025,10,2,3,40,4,0,47.0,38.0,46.0,37.57142857142857,36.7,35.9,215.4,18.79,234.19,NO REORDER,0.0
2025-10-03,P014,Face Wash,Personal Care,275,0,42,233,75,6,In Stock,2025,10,3,4,40,4,0,31.0,26.0,37.0,36.57142857142857,36.63333333333333,38.5,231.0,18.29,249.29,REORDER,16.0
2025-10-04,P014,Face Wash,Personal Care,233,0,39,194,75,6,In Stock,2025,10,4,5,40,4,1,42.0,23.0,29.0,38.85714285714285,36.93333333333333,38.14,228.84,19.43,248.27,REORDER,54.0
2025-10-05,P014,Face Wash,Personal Care,194,0,31,163,75,6,In Stock,2025,10,5,6,40,4,1,39.0,38.0,38.0,41.142857142857146,36.96666666666667,35.99,215.94,20.57,236.51,REORDER,74.0
2025-10-06,P014,Face Wash,Personal Care,163,0,30,133,75,6,In Stock,2025,10,6,0,41,4,0,31.0,49.0,39.0,40.142857142857146,36.66666666666666,35.08,210.48,20.07,230.55,REORDER,98.0
2025-10-07,P014,Face Wash,Personal Care,133,0,31,102,75,6,Reorder Soon,2025,10,7,1,41,4,0,30.0,42.0,35.0,37.42857142857143,36.36666666666667,36.08,216.48,18.71,235.19,REORDER,133.0
2025-10-08,P014,Face Wash,Personal Care,102,226,28,300,75,6,In Stock,2025,10,8,2,41,4,0,31.0,47.0,42.0,35.857142857142854,36.2,35.88,215.28,17.93,233.21,NO REORDER,0.0
2025-10-09,P014,Face Wash,Personal Care,300,0,29,271,75,6,In Stock,2025,10,9,3,41,4,0,28.0,31.0,38.0,33.142857142857146,36.266666666666666,38.16,228.96,16.57,245.53,NO REORDER,0.0
2025-10-10,P014,Face Wash,Personal Care,271,0,37,234,75,6,In Stock,2025,10,10,4,41,4,0,29.0,42.0,26.0,32.857142857142854,35.96666666666667,37.06,222.36,16.43,238.79,REORDER,5.0
2025-10-11,P014,Face Wash,Personal Care,234,0,27,207,75,6,In Stock,2025,10,11,5,41,4,1,37.0,39.0,23.0,32.142857142857146,35.9,34.44,206.64,16.07,222.71,REORDER,16.0
2025-10-12,P014,Face Wash,Personal Care,207,0,33,174,75,6,In Stock,2025,10,12,6,41,4,1,27.0,31.0,38.0,30.428571428571427,35.86666666666667,37.66,225.96,15.21,241.17,REORDER,67.0
2025-10-13,P014,Face Wash,Personal Care,174,0,35,139,75,6,In Stock,2025,10,13,0,42,4,0,33.0,30.0,49.0,30.714285714285715,36.0,36.02,216.12,15.36,231.48,REORDER,92.0
2025-10-14,P014,Face Wash,Personal Care,139,0,32,107,75,6,Reorder Soon,2025,10,14,1,42,4,0,35.0,31.0,42.0,31.428571428571427,35.86666666666667,33.58,201.48,15.71,217.19,REORDER,110.0
2025-10-15,P014,Face Wash,Personal Care,107,0,29,78,75,6,Reorder Soon,2025,10,15,2,42,4,0,32.0,28.0,47.0,31.571428571428573,35.86666666666667,32.54,195.24,15.79,211.03,REORDER,133.0
2025-10-16,P014,Face Wash,Personal Care,78,265,37,306,75,6,In Stock,2025,10,16,3,42,4,0,29.0,29.0,31.0,31.714285714285715,35.6,36.64,219.84,15.86,235.7,NO REORDER,0.0
2025-10-17,P014,Face Wash,Personal Care,306,0,32,274,75,6,In Stock,2025,10,17,4,42,4,0,37.0,37.0,42.0,32.857142857142854,35.4,31.96,191.76,16.43,208.19,NO REORDER,0.0
2025-10-18,P014,Face Wash,Personal Care,274,0,34,240,75,6,In Stock,2025,10,18,5,42,4,1,32.0,27.0,39.0,32.142857142857146,35.06666666666667,34.99,209.94,16.07,226.01,NO REORDER,0.0
2025-10-19,P014,Face Wash,Personal Care,240,0,48,192,75,6,In Stock,2025,10,19,6,42,4,1,34.0,33.0,31.0,33.142857142857146,34.666666666666664,35.71,214.26,16.57,230.83,REORDER,39.0
2025-10-20,P014,Face Wash,Personal Care,192,0,36,156,75,6,In Stock,2025,10,20,0,43,4,0,48.0,35.0,30.0,35.285714285714285,35.03333333333333,35.11,210.66,17.64,228.3,REORDER,72.0
2025-10-21,P014,Face Wash,Personal Care,156,0,41,115,75,6,In Stock,2025,10,21,1,43,4,0,36.0,32.0,31.0,35.42857142857143,35.266666666666666,35.3,211.8,17.71,229.51,REORDER,115.0
2025-10-22,P014,Face Wash,Personal Care,115,0,33,82,75,6,Reorder Soon,2025,10,22,2,43,4,0,41.0,29.0,28.0,36.71428571428572,35.36666666666667,33.89,203.34,18.36,221.7,REORDER,140.0
2025-10-23,P014,Face Wash,Personal Care,82,256,33,305,75,6,In Stock,2025,10,23,3,43,4,0,33.0,37.0,29.0,37.285714285714285,35.166666666666664,35.9,215.4,18.64,234.04,NO REORDER,0.0
2025-10-24,P014,Face Wash,Personal Care,305,0,29,276,75,6,In Stock,2025,10,24,4,43,4,0,33.0,32.0,37.0,36.71428571428572,35.1,34.32,205.92,18.36,224.28,NO REORDER,0.0
2025-10-25,P014,Face Wash,Personal Care,276,0,31,245,75,6,In Stock,2025,10,25,5,43,4,1,29.0,34.0,27.0,36.285714285714285,34.666666666666664,38.68,232.08,18.14,250.22,REORDER,5.0
2025-10-26,P014,Face Wash,Personal Care,245,0,44,201,75,6,In Stock,2025,10,26,6,43,4,1,31.0,48.0,33.0,35.857142857142854,34.43333333333333,36.81,220.86,17.93,238.79,REORDER,38.0
2025-10-27,P014,Face Wash,Personal Care,201,0,37,164,75,6,In Stock,2025,10,27,0,44,4,0,44.0,36.0,35.0,35.285714285714285,35.03333333333333,34.99,209.94,17.64,227.58,REORDER,64.0
2025-10-28,P014,Face Wash,Personal Care,164,0,42,122,75,6,In Stock,2025,10,28,1,44,4,0,37.0,41.0,32.0,35.42857142857143,35.5,34.93,209.58,17.71,227.29,REORDER,105.0
2025-10-29,P014,Face Wash,Personal Care,122,0,43,79,75,6,Reorder Soon,2025,10,29,2,44,4,0,42.0,33.0,29.0,35.57142857142857,35.63333333333333,34.92,209.52,17.79,227.31,REORDER,148.0
2025-10-30,P014,Face Wash,Personal Care,79,258,33,304,75,6,In Stock,2025,10,30,3,44,4,0,43.0,33.0,37.0,37.0,35.43333333333333,39.93,239.58,18.5,258.08,NO REORDER,0.0
2025-10-31,P014,Face Wash,Personal Care,304,0,71,233,75,6,In Stock,2025,10,31,4,44,4,0,33.0,29.0,32.0,37.0,35.13333333333333,37.38,224.28,18.5,242.78,REORDER,10.0
2025-11-01,P014,Face Wash,Personal Care,233,0,44,189,75,6,In Stock,2025,11,1,5,44,4,1,71.0,31.0,34.0,43.0,35.93333333333333,38.6,231.6,21.5,253.1,REORDER,64.0
2025-11-02,P014,Face Wash,Personal Care,189,0,40,149,75,6,In Stock,2025,11,2,6,44,4,1,44.0,44.0,48.0,44.85714285714285,36.36666666666667,35.58,213.48,22.43,235.91,REORDER,87.0
2025-11-03,P014,Face Wash,Personal Care,149,0,34,115,75,6,In Stock,2025,11,3,0,45,4,0,40.0,37.0,36.0,44.285714285714285,36.3,35.85,215.1,22.14,237.24,REORDER,122.0
2025-11-04,P014,Face Wash,Personal Care,115,0,33,82,75,6,Reorder Soon,2025,11,4,1,45,4,0,34.0,42.0,41.0,43.85714285714285,36.13333333333333,33.08,198.48,21.93,220.41,REORDER,138.0
2025-11-05,P014,Face Wash,Personal Care,82,263,37,308,75,6,In Stock,2025,11,5,2,45,4,0,33.0,43.0,33.0,42.57142857142857,36.2,35.63,213.78,21.29,235.07,NO REORDER,0.0
2025-11-06,P014,Face Wash,Personal Care,308,0,38,270,75,6,In Stock,2025,11,6,3,45,4,0,37.0,33.0,33.0,41.71428571428572,36.43333333333333,35.54,213.24,20.86,234.1,NO REORDER,0.0
2025-11-07,P014,Face Wash,Personal Care,270,0,25,245,75,6,In Stock,2025,11,7,4,45,4,0,38.0,71.0,29.0,42.42857142857143,36.66666666666666,34.72,208.32,21.21,229.53,NO REORDER,0.0
2025-11-08,P014,Face Wash,Personal Care,245,0,36,209,75,6,In Stock,2025,11,8,5,45,4,1,25.0,44.0,31.0,35.857142857142854,36.56666666666667,36.91,221.46,17.93,239.39,REORDER,30.0
2025-11-09,P014,Face Wash,Personal Care,209,0,40,169,75,6,In Stock,2025,11,9,6,45,4,1,36.0,40.0,44.0,34.714285714285715,36.8,35.11,210.66,17.36,228.02,REORDER,59.0
2025-11-10,P014,Face Wash,Personal Care,169,0,40,129,75,6,In Stock,2025,11,10,0,46,4,0,40.0,34.0,37.0,34.714285714285715,36.9,35.42,212.52,17.36,229.88,REORDER,101.0
2025-11-11,P014,Face Wash,Personal Care,129,0,36,93,75,6,Reorder Soon,2025,11,11,1,46,4,0,40.0,33.0,42.0,35.57142857142857,37.333333333333336,34.48,206.88,17.79,224.67,REORDER,132.0
2025-11-12,P014,Face Wash,Personal Care,93,239,39,293,75,6,In Stock,2025,11,12,2,46,4,0,36.0,37.0,43.0,36.0,37.43333333333333,34.76,208.56,18.0,226.56,NO REORDER,0.0
2025-11-13,P014,Face Wash,Personal Care,293,0,33,260,75,6,In Stock,2025,11,13,3,46,4,0,39.0,38.0,33.0,36.285714285714285,37.56666666666667,34.4,206.4,18.14,224.54,NO REORDER,0.0
2025-11-14,P014,Face Wash,Personal Care,260,0,39,221,75,6,In Stock,2025,11,14,4,46,4,0,33.0,25.0,71.0,35.57142857142857,37.6,34.97,209.82,17.79,227.61,REORDER,7.0
2025-11-15,P014,Face Wash,Personal Care,221,0,40,181,75,6,In Stock,2025,11,15,5,46,4,1,39.0,36.0,44.0,37.57142857142857,37.93333333333333,33.98,203.88,18.79,222.67,REORDER,42.0
2025-11-16,P014,Face Wash,Personal Care,181,0,45,136,75,6,In Stock,2025,11,16,6,46,4,1,40.0,40.0,40.0,38.142857142857146,38.03333333333333,35.12,210.72,19.07,229.79,REORDER,94.0
2025-11-17,P014,Face Wash,Personal Care,136,0,46,90,75,6,Reorder Soon,2025,11,17,0,47,4,0,45.0,40.0,34.0,38.85714285714285,38.46666666666667,33.39,200.34,19.43,219.77,REORDER,130.0
2025-11-18,P014,Face Wash,Personal Care,90,260,43,307,75,6,In Stock,2025,11,18,1,47,4,0,46.0,36.0,33.0,39.71428571428572,38.86666666666667,34.51,207.06,19.86,226.92,NO REORDER,0.0
2025-11-19,P014,Face Wash,Personal Care,307,0,36,271,75,6,In Stock,2025,11,19,2,47,4,0,43.0,39.0,37.0,40.71428571428572,38.7,32.42,194.52,20.36,214.88,NO REORDER,0.0
2025-11-20,P014,Face Wash,Personal Care,271,0,30,241,75,6,In Stock,2025,11,20,3,47,4,0,36.0,33.0,38.0,40.285714285714285,38.7,33.67,202.02,20.14,222.16,NO REORDER,0.0
2025-11-21,P014,Face Wash,Personal Care,241,0,32,209,75,6,In Stock,2025,11,21,4,47,4,0,30.0,39.0,25.0,39.85714285714285,38.333333333333336,35.64,213.84,19.93,233.77,REORDER,25.0
2025-11-22,P014,Face Wash,Personal Care,209,0,48,161,75,6,In Stock,2025,11,22,5,47,4,1,32.0,40.0,36.0,38.85714285714285,38.3,33.74,202.44,19.43,221.87,REORDER,61.0
2025-11-23,P014,Face Wash,Personal Care,161,0,39,122,75,6,In Stock,2025,11,23,6,47,4,1,48.0,45.0,40.0,40.0,38.8,35.76,214.56,20.0,234.56,REORDER,113.0
2025-11-24,P014,Face Wash,Personal Care,122,0,39,83,75,6,Reorder Soon,2025,11,24,0,48,4,0,39.0,46.0,40.0,39.142857142857146,39.13333333333333,33.2,199.2,19.57,218.77,REORDER,136.0
2025-11-25,P014,Face Wash,Personal Care,83,256,42,297,75,6,In Stock,2025,11,25,1,48,4,0,39.0,43.0,36.0,38.142857142857146,39.4,35.53,213.18,19.07,232.25,NO REORDER,0.0
2025-11-26,P014,Face Wash,Personal Care,297,0,37,260,75,6,In Stock,2025,11,26,2,48,4,0,42.0,36.0,39.0,38.0,39.333333333333336,33.65,201.9,19.0,220.9,NO REORDER,0.0
2025-11-27,P014,Face Wash,Personal Care,260,0,44,216,75,6,In Stock,2025,11,27,3,48,4,0,37.0,30.0,33.0,38.142857142857146,39.333333333333336,35.51,213.06,19.07,232.13,REORDER,16.0
2025-11-28,P014,Face Wash,Personal Care,216,0,30,186,75,6,In Stock,2025,11,28,4,48,4,0,44.0,32.0,39.0,40.142857142857146,39.4,32.84,197.04,20.07,217.11,REORDER,31.0
2025-11-29,P014,Face Wash,Personal Care,186,0,42,144,75,6,In Stock,2025,11,29,5,48,4,1,30.0,48.0,40.0,39.85714285714285,38.96666666666667,37.6,225.6,19.93,245.53,REORDER,102.0
2025-11-30,P014,Face Wash,Personal Care,144,0,51,93,75,6,Reorder Soon,2025,11,30,6,48,4,1,42.0,39.0,45.0,39.0,39.266666666666666,37.85,227.1,19.5,246.6,REORDER,154.0
2025-12-01,P014,Face Wash,Personal Care,93,252,51,294,75,6,In Stock,2025,12,1,0,49,4,0,51.0,39.0,46.0,40.71428571428572,38.6,36.0,216.0,20.36,236.36,NO REORDER,0.0
2025-12-02,P014,Face Wash,Personal Care,294,0,45,249,75,6,In Stock,2025,12,2,1,49,4,0,51.0,42.0,43.0,42.42857142857143,38.833333333333336,34.88,209.28,21.21,230.49,NO REORDER,0.0
2025-12-03,P014,Face Wash,Personal Care,249,0,29,220,75,6,In Stock,2025,12,3,2,49,4,0,45.0,37.0,36.0,42.85714285714285,39.0,34.44,206.64,21.43,228.07,REORDER,8.0
2025-12-04,P014,Face Wash,Personal Care,220,0,39,181,75,6,In Stock,2025,12,4,3,49,4,0,29.0,44.0,30.0,41.71428571428572,38.833333333333336,36.74,220.44,20.86,241.3,REORDER,60.0
2025-12-05,P014,Face Wash,Personal Care,181,0,37,144,75,6,In Stock,2025,12,5,4,49,4,0,39.0,30.0,32.0,41.0,39.03333333333333,36.47,218.82,20.5,239.32,REORDER,95.0
2025-12-06,P014,Face Wash,Personal Care,144,0,34,110,75,6,Reorder Soon,2025,12,6,5,49,4,1,37.0,42.0,48.0,42.0,39.03333333333333,36.88,221.28,21.0,242.28,REORDER,132.0
2025-12-07,P014,Face Wash,Personal Care,110,236,41,305,75,6,In Stock,2025,12,7,6,49,4,1,34.0,51.0,39.0,40.85714285714285,38.9,37.09,222.54,20.43,242.97,NO REORDER,0.0
2025-12-08,P014,Face Wash,Personal Care,305,0,31,274,75,6,In Stock,2025,12,8,0,50,4,0,41.0,51.0,39.0,39.42857142857143,39.43333333333333,32.62,195.72,19.71,215.43,NO REORDER,0.0
2025-12-09,P014,Face Wash,Personal Care,274,0,40,234,75,6,In Stock,2025,12,9,1,50,4,0,31.0,45.0,42.0,36.57142857142857,39.266666666666666,34.67,208.02,18.29,226.31,NO REORDER,0.0
2025-12-10,P014,Face Wash,Personal Care,234,0,37,197,75,6,In Stock,2025,12,10,2,50,4,0,40.0,29.0,37.0,35.857142857142854,39.266666666666666,35.57,213.42,17.93,231.35,REORDER,34.0
2025-12-11,P014,Face Wash,Personal Care,197,0,36,161,75,6,In Stock,2025,12,11,3,50,4,0,37.0,39.0,44.0,37.0,39.16666666666666,34.71,208.26,18.5,226.76,REORDER,66.0
2025-12-12,P014,Face Wash,Personal Care,161,0,31,130,75,6,In Stock,2025,12,12,4,50,4,0,36.0,37.0,30.0,36.57142857142857,39.16666666666666,35.73,214.38,18.29,232.67,REORDER,103.0
2025-12-13,P014,Face Wash,Personal Care,130,240,60,310,75,6,In Stock,2025,12,13,5,50,4,1,31.0,34.0,42.0,35.714285714285715,38.9,36.86,221.16,17.86,239.02,NO REORDER,0.0
2025-12-14,P014,Face Wash,Personal Care,310,0,31,279,75,6,In Stock,2025,12,14,6,50,4,1,60.0,41.0,51.0,39.42857142857143,39.8,39.3,235.8,19.71,255.51,NO REORDER,0.0
2025-12-15,P014,Face Wash,Personal Care,279,0,53,226,75,6,In Stock,2025,12,15,0,51,4,0,31.0,31.0,51.0,38.0,39.53333333333333,35.12,210.72,19.0,229.72,REORDER,4.0
2025-12-16,P014,Face Wash,Personal Care,226,0,35,191,75,6,In Stock,2025,12,16,1,51,4,0,53.0,40.0,45.0,41.142857142857146,39.96666666666667,37.85,227.1,20.57,247.67,REORDER,57.0
2025-12-17,P014,Face Wash,Personal Care,191,0,32,159,75,6,In Stock,2025,12,17,2,51,4,0,35.0,37.0,29.0,40.42857142857143,39.63333333333333,34.94,209.64,20.21,229.85,REORDER,71.0
2025-12-18,P014,Face Wash,Personal Care,159,0,44,115,75,6,In Stock,2025,12,18,3,51,4,0,32.0,36.0,39.0,39.71428571428572,39.16666666666666,34.86,209.16,19.86,229.02,REORDER,114.0
2025-12-19,P014,Face Wash,Personal Care,115,0,38,77,75,6,Reorder Soon,2025,12,19,4,51,4,0,44.0,31.0,37.0,40.85714285714285,39.2,33.86,203.16,20.43,223.59,REORDER,147.0
2025-12-20,P014,Face Wash,Personal Care,77,255,41,291,75,6,In Stock,2025,12,20,5,51,4,1,38.0,60.0,34.0,41.85714285714285,39.266666666666666,37.15,222.9,20.93,243.83,NO REORDER,0.0
2025-12-21,P014,Face Wash,Personal Care,291,0,37,254,75,6,In Stock,2025,12,21,6,51,4,1,41.0,31.0,41.0,39.142857142857146,39.63333333333333,35.8,214.8,19.57,234.37,NO REORDER,0.0
2025-12-22,P014,Face Wash,Personal Care,254,0,52,202,75,6,In Stock,2025,12,22,0,52,4,0,37.0,53.0,31.0,40.0,39.8,36.35,218.1,20.0,238.1,REORDER,36.0
2025-12-23,P014,Face Wash,Personal Care,202,0,38,164,75,6,In Stock,2025,12,23,1,52,4,0,52.0,35.0,40.0,39.85714285714285,39.93333333333333,37.96,227.76,19.93,247.69,REORDER,84.0
2025-12-24,P014,Face Wash,Personal Care,164,0,44,120,75,6,In Stock,2025,12,24,2,52,4,0,38.0,32.0,37.0,40.285714285714285,39.9,38.72,232.32,20.14,252.46,REORDER,132.0
2025-12-25,P014,Face Wash,Personal Care,120,236,46,310,75,6,In Stock,2025,12,25,3,52,4,0,44.0,44.0,36.0,42.0,40.06666666666667,39.49,236.94,21.0,257.94,NO REORDER,0.0
2025-12-26,P014,Face Wash,Personal Care,310,0,41,269,75,6,In Stock,2025,12,26,4,52,4,0,46.0,38.0,31.0,42.285714285714285,40.2,38.62,231.72,21.14,252.86,NO REORDER,0.0
2025-12-27,P014,Face Wash,Personal Care,269,0,38,231,75,6,In Stock,2025,12,27,5,52,4,1,41.0,41.0,60.0,42.71428571428572,40.333333333333336,41.68,250.08,21.36,271.44,REORDER,40.0
2025-12-28,P014,Face Wash,Personal Care,231,0,46,185,75,6,In Stock,2025,12,28,6,52,4,1,38.0,37.0,31.0,42.285714285714285,40.13333333333333,40.69,244.14,21.14,265.28,REORDER,80.0
2025-12-29,P014,Face Wash,Personal Care,185,0,35,150,75,6,In Stock,2025,12,29,0,1,4,0,46.0,52.0,53.0,43.57142857142857,40.66666666666666,38.17,229.02,21.79,250.81,REORDER,101.0
2025-12-30,P014,Face Wash,Personal Care,150,0,31,119,75,6,In Stock,2025,12,30,1,1,4,0,35.0,38.0,35.0,41.142857142857146,40.43333333333333,38.02,228.12,20.57,248.69,REORDER,130.0
2025-12-31,P014,Face Wash,Personal Care,119,0,39,80,75,6,Reorder Soon,2025,12,31,2,1,4,0,31.0,44.0,32.0,40.142857142857146,39.766666666666666,35.79,214.74,20.07,234.81,REORDER,155.0
2025-08-13,P015,Hand Sanitizer,Personal Care,162,0,36,126,90,4,Reorder Soon,2025,8,13,2,33,3,0,37.0,43.0,44.0,40.285714285714285,39.4,38.02,152.08,20.14,172.22,REORDER,46.0
2025-08-14,P015,Hand Sanitizer,Personal Care,126,354,39,441,90,4,In Stock,2025,8,14,3,33,3,0,36.0,44.0,27.0,39.285714285714285,39.53333333333333,36.4,145.6,19.64,165.24,NO REORDER,0.0
2025-08-15,P015,Hand Sanitizer,Personal Care,441,0,39,402,90,4,In Stock,2025,8,15,4,33,3,0,39.0,31.0,36.0,38.57142857142857,39.266666666666666,37.79,151.16,19.29,170.45,NO REORDER,0.0
2025-08-16,P015,Hand Sanitizer,Personal Care,402,0,48,354,90,4,In Stock,2025,8,16,5,33,3,1,39.0,41.0,40.0,39.71428571428572,39.2,39.04,156.16,19.86,176.02,NO REORDER,0.0
2025-08-17,P015,Hand Sanitizer,Personal Care,354,0,35,319,90,4,In Stock,2025,8,17,6,33,3,1,48.0,38.0,43.0,40.71428571428572,39.53333333333333,37.9,151.6,20.36,171.96,NO REORDER,0.0
2025-08-18,P015,Hand Sanitizer,Personal Care,319,0,38,281,90,4,In Stock,2025,8,18,0,34,3,0,35.0,48.0,32.0,40.285714285714285,39.56666666666667,33.74,134.96,20.14,155.1,NO REORDER,0.0
2025-08-19,P015,Hand Sanitizer,Personal Care,281,0,42,239,90,4,In Stock,2025,8,19,1,34,3,0,38.0,37.0,32.0,38.85714285714285,39.4,33.6,134.4,19.43,153.83,NO REORDER,0.0
2025-08-20,P015,Hand Sanitizer,Personal Care,239,0,37,202,90,4,In Stock,2025,8,20,2,34,3,0,42.0,36.0,43.0,39.57142857142857,39.16666666666666,34.1,136.4,19.79,156.19,NO REORDER,0.0
2025-08-21,P015,Hand Sanitizer,Personal Care,202,0,50,152,90,4,In Stock,2025,8,21,3,34,3,0,37.0,39.0,44.0,39.71428571428572,38.96666666666667,36.42,145.68,19.86,165.54,REORDER,14.0
2025-08-22,P015,Hand Sanitizer,Personal Care,152,0,29,123,90,4,Reorder Soon,2025,8,22,4,34,3,0,50.0,39.0,31.0,41.285714285714285,39.73333333333333,37.8,151.2,20.64,171.84,REORDER,49.0
2025-08-23,P015,Hand Sanitizer,Personal Care,123,371,40,454,90,4,In Stock,2025,8,23,5,34,3,1,29.0,48.0,41.0,39.85714285714285,39.266666666666666,37.94,151.76,19.93,171.69,NO REORDER,0.0
2025-08-24,P015,Hand Sanitizer,Personal Care,454,0,46,408,90,4,In Stock,2025,8,24,6,34,3,1,40.0,35.0,38.0,38.71428571428572,39.03333333333333,38.8,155.2,19.36,174.56,NO REORDER,0.0
2025-08-25,P015,Hand Sanitizer,Personal Care,408,0,24,384,90,4,In Stock,2025,8,25,0,35,3,0,46.0,38.0,48.0,40.285714285714285,39.23333333333333,35.18,140.72,20.14,160.86,NO REORDER,0.0
2025-08-26,P015,Hand Sanitizer,Personal Care,384,0,32,352,90,4,In Stock,2025,8,26,1,35,3,0,24.0,42.0,37.0,38.285714285714285,38.56666666666667,34.52,138.08,19.14,157.22,NO REORDER,0.0
2025-08-27,P015,Hand Sanitizer,Personal Care,352,0,30,322,90,4,In Stock,2025,8,27,2,35,3,0,32.0,37.0,36.0,36.85714285714285,38.0,33.68,134.72,18.43,153.15,NO REORDER,0.0
2025-08-28,P015,Hand Sanitizer,Personal Care,322,0,32,290,90,4,In Stock,2025,8,28,3,35,3,0,30.0,50.0,39.0,35.857142857142854,37.86666666666667,33.98,135.92,17.93,153.85,NO REORDER,0.0
2025-08-29,P015,Hand Sanitizer,Personal Care,290,0,50,240,90,4,In Stock,2025,8,29,4,35,3,0,32.0,29.0,39.0,33.285714285714285,37.766666666666666,33.32,133.28,16.64,149.92,NO REORDER,0.0
2025-08-30,P015,Hand Sanitizer,Personal Care,240,0,33,207,90,4,In Stock,2025,8,30,5,35,3,1,50.0,40.0,48.0,36.285714285714285,37.96666666666667,35.41,141.64,18.14,159.78,NO REORDER,0.0
2025-08-31,P015,Hand Sanitizer,Personal Care,207,0,36,171,90,4,In Stock,2025,8,31,6,35,3,1,33.0,46.0,35.0,35.285714285714285,38.16666666666666,35.42,141.68,17.64,159.32,NO REORDER,0.0
2025-09-01,P015,Hand Sanitizer,Personal Care,171,0,32,139,90,4,In Stock,2025,9,1,0,36,3,0,36.0,24.0,38.0,33.857142857142854,38.16666666666666,34.92,139.68,16.93,156.61,REORDER,18.0
2025-09-02,P015,Hand Sanitizer,Personal Care,139,0,31,108,90,4,Reorder Soon,2025,9,2,1,36,3,0,32.0,32.0,42.0,35.0,37.9,34.17,136.68,17.5,154.18,REORDER,46.0
2025-09-03,P015,Hand Sanitizer,Personal Care,108,382,40,450,90,4,In Stock,2025,9,3,2,36,3,0,31.0,30.0,37.0,34.857142857142854,37.5,37.03,148.12,17.43,165.55,NO REORDER,0.0
2025-09-04,P015,Hand Sanitizer,Personal Care,450,0,32,418,90,4,In Stock,2025,9,4,3,36,3,0,40.0,32.0,50.0,36.285714285714285,37.766666666666666,36.4,145.6,18.14,163.74,NO REORDER,0.0
2025-09-05,P015,Hand Sanitizer,Personal Care,418,0,31,387,90,4,In Stock,2025,9,5,4,36,3,0,32.0,50.0,29.0,36.285714285714285,37.766666666666666,36.81,147.24,18.14,165.38,NO REORDER,0.0
2025-09-06,P015,Hand Sanitizer,Personal Care,387,0,39,348,90,4,In Stock,2025,9,6,5,36,3,1,31.0,33.0,40.0,33.57142857142857,37.36666666666667,36.71,146.84,16.79,163.63,NO REORDER,0.0
2025-09-07,P015,Hand Sanitizer,Personal Care,348,0,37,311,90,4,In Stock,2025,9,7,6,36,3,1,39.0,36.0,46.0,34.42857142857143,37.2,35.56,142.24,17.21,159.45,NO REORDER,0.0
2025-09-08,P015,Hand Sanitizer,Personal Care,311,0,39,272,90,4,In Stock,2025,9,8,0,37,3,0,37.0,32.0,24.0,34.57142857142857,37.4,34.24,136.96,17.29,154.25,NO REORDER,0.0
2025-09-09,P015,Hand Sanitizer,Personal Care,272,0,29,243,90,4,In Stock,2025,9,9,1,37,3,0,39.0,31.0,32.0,35.57142857142857,37.333333333333336,34.24,136.96,17.79,154.75,NO REORDER,0.0
2025-09-10,P015,Hand Sanitizer,Personal Care,243,0,39,204,90,4,In Stock,2025,9,10,2,37,3,0,29.0,40.0,30.0,35.285714285714285,37.03333333333333,39.16,156.64,17.64,174.28,NO REORDER,0.0
2025-09-11,P015,Hand Sanitizer,Personal Care,204,0,32,172,90,4,In Stock,2025,9,11,3,37,3,0,39.0,32.0,32.0,35.142857142857146,36.73333333333333,36.51,146.04,17.57,163.61,NO REORDER,0.0
2025-09-12,P015,Hand Sanitizer,Personal Care,172,0,56,116,90,4,Reorder Soon,2025,9,12,4,37,3,0,32.0,31.0,50.0,35.142857142857146,36.56666666666667,39.73,158.92,17.57,176.49,REORDER,60.0
2025-09-13,P015,Hand Sanitizer,Personal Care,116,379,42,453,90,4,In Stock,2025,9,13,5,37,3,1,56.0,39.0,33.0,38.71428571428572,37.23333333333333,38.68,154.72,19.36,174.08,NO REORDER,0.0
2025-09-14,P015,Hand Sanitizer,Personal Care,453,0,35,418,90,4,In Stock,2025,9,14,6,37,3,1,42.0,37.0,36.0,39.142857142857146,37.333333333333336,37.24,148.96,19.57,168.53,NO REORDER,0.0
2025-09-15,P015,Hand Sanitizer,Personal Care,418,0,36,382,90,4,In Stock,2025,9,15,0,38,3,0,35.0,39.0,32.0,38.85714285714285,37.2,35.8,143.2,19.43,162.63,NO REORDER,0.0
2025-09-16,P015,Hand Sanitizer,Personal Care,382,0,23,359,90,4,In Stock,2025,9,16,1,38,3,0,36.0,29.0,31.0,38.42857142857143,36.8,32.87,131.48,19.21,150.69,NO REORDER,0.0
2025-09-17,P015,Hand Sanitizer,Personal Care,359,0,30,329,90,4,In Stock,2025,9,17,2,38,3,0,23.0,39.0,40.0,37.57142857142857,36.4,35.5,142.0,18.79,160.79,NO REORDER,0.0
2025-09-18,P015,Hand Sanitizer,Personal Care,329,0,36,293,90,4,In Stock,2025,9,18,3,38,3,0,30.0,32.0,32.0,36.285714285714285,36.13333333333333,37.28,149.12,18.14,167.26,NO REORDER,0.0
2025-09-19,P015,Hand Sanitizer,Personal Care,293,0,37,256,90,4,In Stock,2025,9,19,4,38,3,0,36.0,56.0,31.0,36.85714285714285,35.93333333333333,34.58,138.32,18.43,156.75,NO REORDER,0.0
2025-09-20,P015,Hand Sanitizer,Personal Care,256,0,41,215,90,4,In Stock,2025,9,20,5,38,3,1,37.0,42.0,39.0,34.142857142857146,35.93333333333333,34.47,137.88,17.07,154.95,NO REORDER,0.0
2025-09-21,P015,Hand Sanitizer,Personal Care,215,0,35,180,90,4,In Stock,2025,9,21,6,38,3,1,41.0,35.0,37.0,34.0,35.63333333333333,35.21,140.84,17.0,157.84,NO REORDER,0.0
2025-09-22,P015,Hand Sanitizer,Personal Care,180,0,31,149,90,4,In Stock,2025,9,22,0,39,3,0,35.0,36.0,39.0,34.0,35.833333333333336,34.59,138.36,17.0,155.36,REORDER,6.0
2025-09-23,P015,Hand Sanitizer,Personal Care,149,0,32,117,90,4,Reorder Soon,2025,9,23,1,39,3,0,31.0,23.0,29.0,33.285714285714285,35.53333333333333,37.72,150.88,16.64,167.52,REORDER,51.0
2025-09-24,P015,Hand Sanitizer,Personal Care,117,369,27,459,90,4,In Stock,2025,9,24,2,39,3,0,32.0,30.0,39.0,34.57142857142857,35.06666666666667,34.96,139.84,17.29,157.13,NO REORDER,0.0
2025-09-25,P015,Hand Sanitizer,Personal Care,459,0,42,417,90,4,In Stock,2025,9,25,3,39,3,0,27.0,36.0,32.0,34.142857142857146,35.166666666666664,34.97,139.88,17.07,156.95,NO REORDER,0.0
2025-09-26,P015,Hand Sanitizer,Personal Care,417,0,36,381,90,4,In Stock,2025,9,26,4,39,3,0,42.0,37.0,56.0,35.0,35.5,36.1,144.4,17.5,161.9,NO REORDER,0.0
2025-09-27,P015,Hand Sanitizer,Personal Care,381,0,34,347,90,4,In Stock,2025,9,27,5,39,3,1,36.0,41.0,42.0,34.857142857142854,35.7,37.36,149.44,17.43,166.87,NO REORDER,0.0
2025-09-28,P015,Hand Sanitizer,Personal Care,347,0,28,319,90,4,In Stock,2025,9,28,6,39,3,1,34.0,35.0,35.0,33.857142857142854,35.766666666666666,36.36,145.44,16.93,162.37,NO REORDER,0.0
2025-09-29,P015,Hand Sanitizer,Personal Care,319,0,38,281,90,4,In Stock,2025,9,29,0,40,3,0,28.0,31.0,36.0,32.857142857142854,35.03333333333333,37.15,148.6,16.43,165.03,NO REORDER,0.0
2025-09-30,P015,Hand Sanitizer,Personal Care,281,0,34,247,90,4,In Stock,2025,9,30,1,40,3,0,38.0,32.0,23.0,33.857142857142854,35.2,34.83,139.32,16.93,156.25,NO REORDER,0.0
2025-10-01,P015,Hand Sanitizer,Personal Care,247,0,34,213,90,4,In Stock,2025,10,1,2,40,4,0,34.0,27.0,30.0,34.142857142857146,35.13333333333333,36.14,144.56,17.07,161.63,NO REORDER,0.0
2025-10-02,P015,Hand Sanitizer,Personal Care,213,0,32,181,90,4,In Stock,2025,10,2,3,40,4,0,34.0,42.0,36.0,35.142857142857146,35.2,36.97,147.88,17.57,165.45,NO REORDER,0.0
2025-10-03,P015,Hand Sanitizer,Personal Care,181,0,28,153,90,4,In Stock,2025,10,3,4,40,4,0,32.0,36.0,37.0,33.714285714285715,35.233333333333334,36.7,146.8,16.86,163.66,REORDER,11.0
2025-10-04,P015,Hand Sanitizer,Personal Care,153,0,40,113,90,4,Reorder Soon,2025,10,4,5,40,4,1,28.0,34.0,41.0,32.57142857142857,34.833333333333336,37.34,149.36,16.29,165.65,REORDER,53.0
2025-10-05,P015,Hand Sanitizer,Personal Care,113,376,38,451,90,4,In Stock,2025,10,5,6,40,4,1,40.0,28.0,35.0,33.42857142857143,35.1,36.56,146.24,16.71,162.95,NO REORDER,0.0
2025-10-06,P015,Hand Sanitizer,Personal Care,451,0,32,419,90,4,In Stock,2025,10,6,0,41,4,0,38.0,38.0,31.0,34.857142857142854,35.333333333333336,36.19,144.76,17.43,162.19,NO REORDER,0.0
2025-10-07,P015,Hand Sanitizer,Personal Care,419,0,42,377,90,4,In Stock,2025,10,7,1,41,4,0,32.0,34.0,32.0,34.0,35.1,35.92,143.68,17.0,160.68,NO REORDER,0.0
2025-10-08,P015,Hand Sanitizer,Personal Care,377,0,32,345,90,4,In Stock,2025,10,8,2,41,4,0,42.0,34.0,27.0,35.142857142857146,35.266666666666666,36.02,144.08,17.57,161.65,NO REORDER,0.0
2025-10-09,P015,Hand Sanitizer,Personal Care,345,0,33,312,90,4,In Stock,2025,10,9,3,41,4,0,32.0,32.0,42.0,34.857142857142854,35.03333333333333,34.97,139.88,17.43,157.31,NO REORDER,0.0
2025-10-10,P015,Hand Sanitizer,Personal Care,312,0,33,279,90,4,In Stock,2025,10,10,4,41,4,0,33.0,28.0,36.0,35.0,35.166666666666664,35.6,142.4,17.5,159.9,NO REORDER,0.0
2025-10-11,P015,Hand Sanitizer,Personal Care,279,0,42,237,90,4,In Stock,2025,10,11,5,41,4,1,33.0,40.0,34.0,35.714285714285715,34.96666666666667,35.7,142.8,17.86,160.66,NO REORDER,0.0
2025-10-12,P015,Hand Sanitizer,Personal Care,237,0,36,201,90,4,In Stock,2025,10,12,6,41,4,1,42.0,38.0,28.0,36.0,35.3,34.82,139.28,18.0,157.28,NO REORDER,0.0
2025-10-13,P015,Hand Sanitizer,Personal Care,201,0,36,165,90,4,In Stock,2025,10,13,0,42,4,0,36.0,32.0,38.0,35.714285714285715,34.63333333333333,33.67,134.68,17.86,152.54,NO REORDER,0.0
2025-10-14,P015,Hand Sanitizer,Personal Care,165,0,30,135,90,4,Reorder Soon,2025,10,14,1,42,4,0,36.0,42.0,34.0,36.285714285714285,34.43333333333333,34.08,136.32,18.14,154.46,REORDER,19.0
2025-10-15,P015,Hand Sanitizer,Personal Care,135,0,29,106,90,4,Reorder Soon,2025,10,15,2,42,4,0,30.0,32.0,34.0,34.57142857142857,34.266666666666666,33.1,132.4,17.29,149.69,REORDER,44.0
2025-10-16,P015,Hand Sanitizer,Personal Care,106,386,35,457,90,4,In Stock,2025,10,16,3,42,4,0,29.0,33.0,32.0,34.142857142857146,34.03333333333333,38.7,154.8,17.07,171.87,NO REORDER,0.0
2025-10-17,P015,Hand Sanitizer,Personal Care,457,0,43,414,90,4,In Stock,2025,10,17,4,42,4,0,35.0,33.0,28.0,34.42857142857143,34.43333333333333,34.31,137.24,17.21,154.45,NO REORDER,0.0
2025-10-18,P015,Hand Sanitizer,Personal Care,414,0,34,380,90,4,In Stock,2025,10,18,5,42,4,1,43.0,42.0,40.0,35.857142857142854,34.86666666666667,36.76,147.04,17.93,164.97,NO REORDER,0.0
2025-10-19,P015,Hand Sanitizer,Personal Care,380,0,38,342,90,4,In Stock,2025,10,19,6,42,4,1,34.0,36.0,38.0,34.714285714285715,34.8,35.76,143.04,17.36,160.4,NO REORDER,0.0
2025-10-20,P015,Hand Sanitizer,Personal Care,342,0,31,311,90,4,In Stock,2025,10,20,0,43,4,0,38.0,36.0,32.0,35.0,34.833333333333336,34.16,136.64,17.5,154.14,NO REORDER,0.0
2025-10-21,P015,Hand Sanitizer,Personal Care,311,0,33,278,90,4,In Stock,2025,10,21,1,43,4,0,31.0,30.0,42.0,34.285714285714285,34.5,34.32,137.28,17.14,154.42,NO REORDER,0.0
2025-10-22,P015,Hand Sanitizer,Personal Care,278,0,39,239,90,4,In Stock,2025,10,22,2,43,4,0,33.0,29.0,32.0,34.714285714285715,34.43333333333333,35.26,141.04,17.36,158.4,NO REORDER,0.0
2025-10-23,P015,Hand Sanitizer,Personal Care,239,0,41,198,90,4,In Stock,2025,10,23,3,43,4,0,39.0,35.0,33.0,36.142857142857146,34.7,35.38,141.52,18.07,159.59,NO REORDER,0.0
2025-10-24,P015,Hand Sanitizer,Personal Care,198,0,36,162,90,4,In Stock,2025,10,24,4,43,4,0,41.0,43.0,33.0,37.0,35.0,35.6,142.4,18.5,160.9,NO REORDER,0.0
2025-10-25,P015,Hand Sanitizer,Personal Care,162,0,35,127,90,4,Reorder Soon,2025,10,25,5,43,4,1,36.0,34.0,42.0,36.0,35.3,36.74,146.96,18.0,164.96,REORDER,38.0
2025-10-26,P015,Hand Sanitizer,Personal Care,127,369,46,450,90,4,In Stock,2025,10,26,6,43,4,1,35.0,38.0,36.0,36.142857142857146,35.06666666666667,37.05,148.2,18.07,166.27,NO REORDER,0.0
2025-10-27,P015,Hand Sanitizer,Personal Care,450,0,43,407,90,4,In Stock,2025,10,27,0,44,4,0,46.0,31.0,36.0,37.285714285714285,35.4,36.99,147.96,18.64,166.6,NO REORDER,0.0
2025-10-28,P015,Hand Sanitizer,Personal Care,407,0,31,376,90,4,In Stock,2025,10,28,1,44,4,0,43.0,33.0,30.0,39.0,35.7,36.05,144.2,19.5,163.7,NO REORDER,0.0
2025-10-29,P015,Hand Sanitizer,Personal Care,376,0,27,349,90,4,In Stock,2025,10,29,2,44,4,0,31.0,39.0,29.0,38.71428571428572,35.8,33.52,134.08,19.36,153.44,NO REORDER,0.0
2025-10-30,P015,Hand Sanitizer,Personal Care,349,0,33,316,90,4,In Stock,2025,10,30,3,44,4,0,27.0,41.0,35.0,37.0,35.43333333333333,36.88,147.52,18.5,166.02,NO REORDER,0.0
2025-10-31,P015,Hand Sanitizer,Personal Care,316,0,29,287,90,4,In Stock,2025,10,31,4,44,4,0,33.0,36.0,43.0,35.857142857142854,35.4,36.22,144.88,17.93,162.81,NO REORDER,0.0
2025-11-01,P015,Hand Sanitizer,Personal Care,287,0,29,258,90,4,In Stock,2025,11,1,5,44,4,1,29.0,35.0,34.0,34.857142857142854,35.233333333333334,37.48,149.92,17.43,167.35,NO REORDER,0.0
2025-11-02,P015,Hand Sanitizer,Personal Care,258,0,41,217,90,4,In Stock,2025,11,2,6,44,4,1,29.0,46.0,38.0,34.0,35.13333333333333,36.34,145.36,17.0,162.36,NO REORDER,0.0
2025-11-03,P015,Hand Sanitizer,Personal Care,217,0,29,188,90,4,In Stock,2025,11,3,0,45,4,0,41.0,43.0,31.0,33.285714285714285,35.56666666666667,36.06,144.24,16.64,160.88,NO REORDER,0.0
2025-11-04,P015,Hand Sanitizer,Personal Care,188,0,39,149,90,4,In Stock,2025,11,4,1,45,4,0,29.0,31.0,33.0,31.285714285714285,35.2,38.36,153.44,15.64,169.08,REORDER,20.0
2025-11-05,P015,Hand Sanitizer,Personal Care,149,0,42,107,90,4,Reorder Soon,2025,11,5,2,45,4,0,39.0,27.0,39.0,32.42857142857143,35.233333333333334,35.44,141.76,16.21,157.97,REORDER,51.0
2025-11-06,P015,Hand Sanitizer,Personal Care,107,366,26,447,90,4,In Stock,2025,11,6,3,45,4,0,42.0,33.0,41.0,34.57142857142857,35.56666666666667,35.66,142.64,17.29,159.93,NO REORDER,0.0
2025-11-07,P015,Hand Sanitizer,Personal Care,447,0,25,422,90,4,In Stock,2025,11,7,4,45,4,0,26.0,29.0,36.0,33.57142857142857,35.03333333333333,35.83,143.32,16.79,160.11,NO REORDER,0.0
2025-11-08,P015,Hand Sanitizer,Personal Care,422,0,30,392,90,4,In Stock,2025,11,8,5,45,4,1,25.0,29.0,35.0,33.0,34.8,38.0,152.0,16.5,168.5,NO REORDER,0.0
2025-11-09,P015,Hand Sanitizer,Personal Care,392,0,38,354,90,4,In Stock,2025,11,9,6,45,4,1,30.0,41.0,46.0,33.142857142857146,34.7,35.48,141.92,16.57,158.49,NO REORDER,0.0
2025-11-10,P015,Hand Sanitizer,Personal Care,354,0,40,314,90,4,In Stock,2025,11,10,0,46,4,0,38.0,29.0,43.0,32.714285714285715,34.86666666666667,35.2,140.8,16.36,157.16,NO REORDER,0.0
2025-11-11,P015,Hand Sanitizer,Personal Care,314,0,29,285,90,4,In Stock,2025,11,11,1,46,4,0,40.0,39.0,31.0,34.285714285714285,34.8,33.14,132.56,17.14,149.7,NO REORDER,0.0
2025-11-12,P015,Hand Sanitizer,Personal Care,285,0,37,248,90,4,In Stock,2025,11,12,2,46,4,0,29.0,42.0,27.0,32.857142857142854,34.56666666666667,34.24,136.96,16.43,153.39,NO REORDER,0.0
2025-11-13,P015,Hand Sanitizer,Personal Care,248,0,35,213,90,4,In Stock,2025,11,13,3,46,4,0,37.0,26.0,33.0,32.142857142857146,34.6,35.03,140.12,16.07,156.19,NO REORDER,0.0
2025-11-14,P015,Hand Sanitizer,Personal Care,213,0,31,182,90,4,In Stock,2025,11,14,4,46,4,0,35.0,25.0,29.0,33.42857142857143,34.766666666666666,35.32,141.28,16.71,157.99,NO REORDER,0.0
2025-11-15,P015,Hand Sanitizer,Personal Care,182,0,44,138,90,4,In Stock,2025,11,15,5,46,4,1,31.0,30.0,29.0,34.285714285714285,34.833333333333336,35.9,143.6,17.14,160.74,REORDER,23.0
2025-11-16,P015,Hand Sanitizer,Personal Care,138,0,39,99,90,4,Reorder Soon,2025,11,16,6,46,4,1,44.0,38.0,41.0,36.285714285714285,35.13333333333333,36.2,144.8,18.14,162.94,REORDER,64.0
2025-11-17,P015,Hand Sanitizer,Personal Care,99,383,34,448,90,4,In Stock,2025,11,17,0,47,4,0,39.0,40.0,29.0,36.42857142857143,35.0,35.75,143.0,18.21,161.21,NO REORDER,0.0
2025-11-18,P015,Hand Sanitizer,Personal Care,448,0,29,419,90,4,In Stock,2025,11,18,1,47,4,0,34.0,29.0,39.0,35.57142857142857,35.0,34.65,138.6,17.79,156.39,NO REORDER,0.0
2025-11-19,P015,Hand Sanitizer,Personal Care,419,0,37,382,90,4,In Stock,2025,11,19,2,47,4,0,29.0,37.0,42.0,35.57142857142857,34.7,33.4,133.6,17.79,151.39,NO REORDER,0.0
2025-11-20,P015,Hand Sanitizer,Personal Care,382,0,38,344,90,4,In Stock,2025,11,20,3,47,4,0,37.0,35.0,26.0,35.57142857142857,34.9,32.64,130.56,17.79,148.35,NO REORDER,0.0
2025-11-21,P015,Hand Sanitizer,Personal Care,344,0,34,310,90,4,In Stock,2025,11,21,4,47,4,0,38.0,31.0,25.0,36.0,35.06666666666667,33.86,135.44,18.0,153.44,NO REORDER,0.0
2025-11-22,P015,Hand Sanitizer,Personal Care,310,0,36,274,90,4,In Stock,2025,11,22,5,47,4,1,34.0,44.0,30.0,36.42857142857143,34.9,33.93,135.72,18.21,153.93,NO REORDER,0.0
2025-11-23,P015,Hand Sanitizer,Personal Care,274,0,40,234,90,4,In Stock,2025,11,23,6,47,4,1,36.0,39.0,38.0,35.285714285714285,34.733333333333334,35.16,140.64,17.64,158.28,NO REORDER,0.0
2025-11-24,P015,Hand Sanitizer,Personal Care,234,0,34,200,90,4,In Stock,2025,11,24,0,48,4,0,40.0,34.0,40.0,35.42857142857143,34.86666666666667,33.13,132.52,17.71,150.23,NO REORDER,0.0
2025-11-25,P015,Hand Sanitizer,Personal Care,200,0,30,170,90,4,In Stock,2025,11,25,1,48,4,0,34.0,29.0,29.0,35.42857142857143,34.833333333333336,34.06,136.24,17.71,153.95,NO REORDER,0.0
2025-11-26,P015,Hand Sanitizer,Personal Care,170,0,27,143,90,4,In Stock,2025,11,26,2,48,4,0,30.0,37.0,37.0,35.57142857142857,34.3,33.33,133.32,17.79,151.11,REORDER,8.0
2025-11-27,P015,Hand Sanitizer,Personal Care,143,0,34,109,90,4,Reorder Soon,2025,11,27,3,48,4,0,27.0,38.0,35.0,34.142857142857146,33.766666666666666,34.02,136.08,17.07,153.15,REORDER,44.0
2025-11-28,P015,Hand Sanitizer,Personal Care,109,365,27,447,90,4,In Stock,2025,11,28,4,48,4,0,34.0,34.0,31.0,33.57142857142857,33.86666666666667,37.6,150.4,16.79,167.19,NO REORDER,0.0
2025-11-29,P015,Hand Sanitizer,Personal Care,447,0,40,407,90,4,In Stock,2025,11,29,5,48,4,1,27.0,36.0,44.0,32.57142857142857,33.86666666666667,37.66,150.64,16.29,166.93,NO REORDER,0.0
2025-11-30,P015,Hand Sanitizer,Personal Care,407,0,35,372,90,4,In Stock,2025,11,30,6,48,4,1,40.0,40.0,39.0,33.142857142857146,34.1,38.91,155.64,16.57,172.21,NO REORDER,0.0
2025-12-01,P015,Hand Sanitizer,Personal Care,372,0,39,333,90,4,In Stock,2025,12,1,0,49,4,0,35.0,34.0,34.0,32.42857142857143,34.3,32.62,130.48,16.21,146.69,NO REORDER,0.0
2025-12-02,P015,Hand Sanitizer,Personal Care,333,0,36,297,90,4,In Stock,2025,12,2,1,49,4,0,39.0,30.0,29.0,33.142857142857146,34.63333333333333,32.02,128.08,16.57,144.65,NO REORDER,0.0
2025-12-03,P015,Hand Sanitizer,Personal Care,297,0,37,260,90,4,In Stock,2025,12,3,2,49,4,0,36.0,27.0,37.0,34.0,34.46666666666667,33.74,134.96,17.0,151.96,NO REORDER,0.0
2025-12-04,P015,Hand Sanitizer,Personal Care,260,0,31,229,90,4,In Stock,2025,12,4,3,49,4,0,37.0,34.0,38.0,35.42857142857143,34.733333333333334,32.42,129.68,17.71,147.39,NO REORDER,0.0
2025-12-05,P015,Hand Sanitizer,Personal Care,229,0,34,195,90,4,In Stock,2025,12,5,4,49,4,0,31.0,27.0,34.0,35.0,34.46666666666667,32.47,129.88,17.5,147.38,NO REORDER,0.0
2025-12-06,P015,Hand Sanitizer,Personal Care,195,0,38,157,90,4,In Stock,2025,12,6,5,49,4,1,34.0,40.0,36.0,36.0,34.2,34.62,138.48,18.0,156.48,NO REORDER,0.0
2025-12-07,P015,Hand Sanitizer,Personal Care,157,0,37,120,90,4,Reorder Soon,2025,12,7,6,49,4,1,38.0,35.0,40.0,35.714285714285715,34.6,34.34,137.36,17.86,155.22,REORDER,35.0
2025-12-08,P015,Hand Sanitizer,Personal Care,120,373,35,458,90,4,In Stock,2025,12,8,0,50,4,0,37.0,39.0,34.0,36.0,35.0,34.9,139.6,18.0,157.6,NO REORDER,0.0
2025-12-09,P015,Hand Sanitizer,Personal Care,458,0,29,429,90,4,In Stock,2025,12,9,1,50,4,0,35.0,36.0,30.0,35.42857142857143,35.166666666666664,33.54,134.16,17.71,151.87,NO REORDER,0.0
2025-12-10,P015,Hand Sanitizer,Personal Care,429,0,25,404,90,4,In Stock,2025,12,10,2,50,4,0,29.0,37.0,27.0,34.42857142857143,34.86666666666667,33.72,134.88,17.21,152.09,NO REORDER,0.0
2025-12-11,P015,Hand Sanitizer,Personal Care,404,0,29,375,90,4,In Stock,2025,12,11,3,50,4,0,25.0,31.0,34.0,32.714285714285715,34.36666666666667,33.64,134.56,16.36,150.92,NO REORDER,0.0
2025-12-12,P015,Hand Sanitizer,Personal Care,375,0,21,354,90,4,In Stock,2025,12,12,4,50,4,0,29.0,34.0,27.0,32.42857142857143,34.36666666666667,32.26,129.04,16.21,145.25,NO REORDER,0.0
2025-12-13,P015,Hand Sanitizer,Personal Care,354,0,27,327,90,4,In Stock,2025,12,13,5,50,4,1,21.0,38.0,40.0,30.571428571428573,33.833333333333336,33.48,133.92,15.29,149.21,NO REORDER,0.0
2025-12-14,P015,Hand Sanitizer,Personal Care,327,0,38,289,90,4,In Stock,2025,12,14,6,50,4,1,27.0,37.0,35.0,29.0,33.56666666666667,33.92,135.68,14.5,150.18,NO REORDER,0.0
2025-12-15,P015,Hand Sanitizer,Personal Care,289,0,45,244,90,4,In Stock,2025,12,15,0,51,4,0,38.0,35.0,39.0,29.142857142857142,33.8,32.75,131.0,14.57,145.57,NO REORDER,0.0
2025-12-16,P015,Hand Sanitizer,Personal Care,244,0,33,211,90,4,In Stock,2025,12,16,1,51,4,0,45.0,29.0,36.0,30.571428571428573,33.833333333333336,34.53,138.12,15.29,153.41,NO REORDER,0.0
2025-12-17,P015,Hand Sanitizer,Personal Care,211,0,32,179,90,4,In Stock,2025,12,17,2,51,4,0,33.0,25.0,37.0,31.142857142857142,33.63333333333333,34.47,137.88,15.57,153.45,NO REORDER,0.0
2025-12-18,P015,Hand Sanitizer,Personal Care,179,0,35,144,90,4,In Stock,2025,12,18,3,51,4,0,32.0,29.0,31.0,32.142857142857146,33.56666666666667,32.45,129.8,16.07,145.87,REORDER,2.0
2025-12-19,P015,Hand Sanitizer,Personal Care,144,0,41,103,90,4,Reorder Soon,2025,12,19,4,51,4,0,35.0,21.0,34.0,33.0,33.766666666666666,34.36,137.44,16.5,153.94,REORDER,51.0
2025-12-20,P015,Hand Sanitizer,Personal Care,103,380,33,450,90,4,In Stock,2025,12,20,5,51,4,1,41.0,27.0,38.0,35.857142857142854,33.9,38.22,152.88,17.93,170.81,NO REORDER,0.0
2025-12-21,P015,Hand Sanitizer,Personal Care,450,0,38,412,90,4,In Stock,2025,12,21,6,51,4,1,33.0,38.0,37.0,36.71428571428572,33.733333333333334,35.22,140.88,18.36,159.24,NO REORDER,0.0
2025-12-22,P015,Hand Sanitizer,Personal Care,412,0,38,374,90,4,In Stock,2025,12,22,0,52,4,0,38.0,45.0,35.0,36.71428571428572,33.86666666666667,33.67,134.68,18.36,153.04,NO REORDER,0.0
2025-12-23,P015,Hand Sanitizer,Personal Care,374,0,45,329,90,4,In Stock,2025,12,23,1,52,4,0,38.0,33.0,29.0,35.714285714285715,33.93333333333333,30.33,121.32,17.86,139.18,NO REORDER,0.0
2025-12-24,P015,Hand Sanitizer,Personal Care,329,0,29,300,90,4,In Stock,2025,12,24,2,52,4,0,45.0,32.0,25.0,37.42857142857143,34.1,33.26,133.04,18.71,151.75,NO REORDER,0.0
2025-12-25,P015,Hand Sanitizer,Personal Care,300,0,41,259,90,4,In Stock,2025,12,25,3,52,4,0,29.0,35.0,29.0,37.0,33.93333333333333,33.65,134.6,18.5,153.1,NO REORDER,0.0
2025-12-26,P015,Hand Sanitizer,Personal Care,259,0,37,222,90,4,In Stock,2025,12,26,4,52,4,0,41.0,41.0,21.0,37.85714285714285,34.3,32.2,128.8,18.93,147.73,NO REORDER,0.0
2025-12-27,P015,Hand Sanitizer,Personal Care,222,0,34,188,90,4,In Stock,2025,12,27,5,52,4,1,37.0,33.0,27.0,37.285714285714285,34.63333333333333,32.56,130.24,18.64,148.88,NO REORDER,0.0
2025-12-28,P015,Hand Sanitizer,Personal Care,188,0,34,154,90,4,In Stock,2025,12,28,6,52,4,1,34.0,38.0,38.0,37.42857142857143,34.63333333333333,33.87,135.48,18.71,154.19,REORDER,0.0
2025-12-29,P015,Hand Sanitizer,Personal Care,154,0,30,124,90,4,Reorder Soon,2025,12,29,0,1,4,0,34.0,38.0,45.0,36.85714285714285,34.86666666666667,36.34,145.36,18.43,163.79,REORDER,40.0
2025-12-30,P015,Hand Sanitizer,Personal Care,124,381,46,459,90,4,In Stock,2025,12,30,1,1,4,0,30.0,45.0,33.0,35.714285714285715,34.53333333333333,38.02,152.08,17.86,169.94,NO REORDER,0.0
2025-12-31,P015,Hand Sanitizer,Personal Care,459,0,35,424,90,4,In Stock,2025,12,31,2,1,4,0,46.0,29.0,32.0,35.857142857142854,34.9,34.82,139.28,17.93,157.21,NO REORDER,0.0
2025-08-13,P016,Body Lotion,Personal Care,228,0,19,209,50,8,In Stock,2025,8,13,2,33,3,0,20.0,21.0,12.0,18.714285714285715,16.566666666666666,17.7,141.6,9.36,150.96,NO REORDER,0.0
2025-08-14,P016,Body Lotion,Personal Care,209,0,18,191,50,8,In Stock,2025,8,14,3,33,3,0,19.0,17.0,16.0,18.428571428571427,16.833333333333332,17.34,138.72,9.21,147.93,NO REORDER,0.0
2025-08-15,P016,Body Lotion,Personal Care,191,0,20,171,50,8,In Stock,2025,8,15,4,33,3,0,18.0,23.0,17.0,18.571428571428573,17.033333333333335,16.46,131.68,9.29,140.97,NO REORDER,0.0
2025-08-16,P016,Body Lotion,Personal Care,171,0,15,156,50,8,In Stock,2025,8,16,5,33,3,1,20.0,19.0,20.0,18.142857142857142,17.166666666666668,18.29,146.32,9.07,155.39,NO REORDER,0.0
2025-08-17,P016,Body Lotion,Personal Care,156,0,22,134,50,8,In Stock,2025,8,17,6,33,3,1,15.0,19.0,22.0,17.571428571428573,17.2,19.25,154.0,8.79,162.79,REORDER,29.0
2025-08-18,P016,Body Lotion,Personal Care,134,0,14,120,50,8,In Stock,2025,8,18,0,34,3,0,22.0,12.0,26.0,18.0,17.5,17.82,142.56,9.0,151.56,REORDER,32.0
2025-08-19,P016,Body Lotion,Personal Care,120,0,16,104,50,8,In Stock,2025,8,19,1,34,3,0,14.0,20.0,18.0,18.285714285714285,17.466666666666665,16.16,129.28,9.14,138.42,REORDER,34.0
2025-08-20,P016,Body Lotion,Personal Care,104,0,20,84,50,8,In Stock,2025,8,20,2,34,3,0,16.0,19.0,21.0,17.714285714285715,17.366666666666667,18.23,145.84,8.86,154.7,REORDER,71.0
2025-08-21,P016,Body Lotion,Personal Care,84,0,15,69,50,8,Reorder Soon,2025,8,21,3,34,3,0,20.0,18.0,17.0,17.857142857142858,17.6,18.48,147.84,8.93,156.77,REORDER,88.0
2025-08-22,P016,Body Lotion,Personal Care,69,202,19,252,50,8,In Stock,2025,8,22,4,34,3,0,15.0,20.0,23.0,17.428571428571427,17.733333333333334,18.42,147.36,8.71,156.07,NO REORDER,0.0
2025-08-23,P016,Body Lotion,Personal Care,252,0,21,231,50,8,In Stock,2025,8,23,5,34,3,1,19.0,15.0,19.0,17.285714285714285,17.9,17.02,136.16,8.64,144.8,NO REORDER,0.0
2025-08-24,P016,Body Lotion,Personal Care,231,0,19,212,50,8,In Stock,2025,8,24,6,34,3,1,21.0,22.0,19.0,18.142857142857142,18.0,18.98,151.84,9.07,160.91,NO REORDER,0.0
2025-08-25,P016,Body Lotion,Personal Care,212,0,13,199,50,8,In Stock,2025,8,25,0,35,3,0,19.0,14.0,12.0,17.714285714285715,18.133333333333333,16.45,131.6,8.86,140.46,NO REORDER,0.0
2025-08-26,P016,Body Lotion,Personal Care,199,0,19,180,50,8,In Stock,2025,8,26,1,35,3,0,13.0,16.0,20.0,17.571428571428573,18.1,15.97,127.76,8.79,136.55,NO REORDER,0.0
2025-08-27,P016,Body Lotion,Personal Care,180,0,18,162,50,8,In Stock,2025,8,27,2,35,3,0,19.0,20.0,19.0,18.0,18.266666666666666,15.74,125.92,9.0,134.92,NO REORDER,0.0
2025-08-28,P016,Body Lotion,Personal Care,162,0,14,148,50,8,In Stock,2025,8,28,3,35,3,0,18.0,15.0,18.0,17.714285714285715,18.166666666666668,16.69,133.52,8.86,142.38,NO REORDER,0.0
2025-08-29,P016,Body Lotion,Personal Care,148,0,17,131,50,8,In Stock,2025,8,29,4,35,3,0,14.0,19.0,20.0,17.571428571428573,18.133333333333333,17.8,142.4,8.79,151.19,REORDER,20.0
2025-08-30,P016,Body Lotion,Personal Care,131,0,21,110,50,8,In Stock,2025,8,30,5,35,3,1,17.0,21.0,15.0,17.285714285714285,18.3,18.53,148.24,8.64,156.88,REORDER,47.0
2025-08-31,P016,Body Lotion,Personal Care,110,0,19,91,50,8,In Stock,2025,8,31,6,35,3,1,21.0,19.0,22.0,17.285714285714285,18.466666666666665,20.32,162.56,8.64,171.2,REORDER,80.0
2025-09-01,P016,Body Lotion,Personal Care,91,0,15,76,50,8,In Stock,2025,9,1,0,36,3,0,19.0,13.0,14.0,17.285714285714285,18.53333333333333,18.78,150.24,8.64,158.88,REORDER,83.0
2025-09-02,P016,Body Lotion,Personal Care,76,0,18,58,50,8,Reorder Soon,2025,9,2,1,36,3,0,15.0,19.0,16.0,17.571428571428573,18.366666666666667,18.34,146.72,8.79,155.51,REORDER,98.0
2025-09-03,P016,Body Lotion,Personal Care,58,219,22,255,50,8,In Stock,2025,9,3,2,36,3,0,18.0,18.0,20.0,17.428571428571427,18.23333333333333,18.44,147.52,8.71,156.23,NO REORDER,0.0
2025-09-04,P016,Body Lotion,Personal Care,255,0,13,242,50,8,In Stock,2025,9,4,3,36,3,0,22.0,14.0,15.0,18.0,18.1,17.82,142.56,9.0,151.56,NO REORDER,0.0
2025-09-05,P016,Body Lotion,Personal Care,242,0,19,223,50,8,In Stock,2025,9,5,4,36,3,0,13.0,17.0,19.0,17.857142857142858,17.933333333333334,16.5,132.0,8.93,140.93,NO REORDER,0.0
2025-09-06,P016,Body Lotion,Personal Care,223,0,19,204,50,8,In Stock,2025,9,6,5,36,3,1,19.0,21.0,21.0,18.142857142857142,17.866666666666667,17.08,136.64,9.07,145.71,NO REORDER,0.0
2025-09-07,P016,Body Lotion,Personal Care,204,0,14,190,50,8,In Stock,2025,9,7,6,36,3,1,19.0,19.0,19.0,17.857142857142858,17.933333333333334,17.02,136.16,8.93,145.09,NO REORDER,0.0
2025-09-08,P016,Body Lotion,Personal Care,190,0,18,172,50,8,In Stock,2025,9,8,0,37,3,0,14.0,15.0,13.0,17.142857142857142,17.633333333333333,15.62,124.96,8.57,133.53,NO REORDER,0.0
2025-09-09,P016,Body Lotion,Personal Care,172,0,16,156,50,8,In Stock,2025,9,9,1,37,3,0,18.0,18.0,19.0,17.571428571428573,17.6,16.02,128.16,8.79,136.95,NO REORDER,0.0
2025-09-10,P016,Body Lotion,Personal Care,156,0,16,140,50,8,In Stock,2025,9,10,2,37,3,0,16.0,22.0,18.0,17.285714285714285,17.5,16.16,129.28,8.64,137.92,NO REORDER,0.0
2025-09-11,P016,Body Lotion,Personal Care,140,0,18,122,50,8,In Stock,2025,9,11,3,37,3,0,16.0,13.0,14.0,16.428571428571427,17.633333333333333,17.58,140.64,8.21,148.85,REORDER,27.0
2025-09-12,P016,Body Lotion,Personal Care,122,0,18,104,50,8,In Stock,2025,9,12,4,37,3,0,18.0,19.0,17.0,17.142857142857142,17.566666666666666,16.45,131.6,8.57,140.17,REORDER,36.0
2025-09-13,P016,Body Lotion,Personal Care,104,0,19,85,50,8,In Stock,2025,9,13,5,37,3,1,18.0,19.0,21.0,17.0,17.533333333333335,18.5,148.0,8.5,156.5,REORDER,72.0
2025-09-14,P016,Body Lotion,Personal Care,85,0,25,60,50,8,Reorder Soon,2025,9,14,6,37,3,1,19.0,14.0,19.0,17.0,17.566666666666666,18.08,144.64,8.5,153.14,REORDER,93.0
2025-09-15,P016,Body Lotion,Personal Care,60,197,17,240,50,8,In Stock,2025,9,15,0,38,3,0,25.0,18.0,15.0,18.571428571428573,17.733333333333334,19.48,155.84,9.29,165.13,NO REORDER,0.0
2025-09-16,P016,Body Lotion,Personal Care,240,0,14,226,50,8,In Stock,2025,9,16,1,38,3,0,17.0,16.0,18.0,18.428571428571427,17.8,16.14,129.12,9.21,138.33,NO REORDER,0.0
2025-09-17,P016,Body Lotion,Personal Care,226,0,19,207,50,8,In Stock,2025,9,17,2,38,3,0,14.0,16.0,22.0,18.142857142857142,17.533333333333335,16.39,131.12,9.07,140.19,NO REORDER,0.0
2025-09-18,P016,Body Lotion,Personal Care,207,0,18,189,50,8,In Stock,2025,9,18,3,38,3,0,19.0,18.0,13.0,18.571428571428573,17.7,16.77,134.16,9.29,143.45,NO REORDER,0.0
2025-09-19,P016,Body Lotion,Personal Care,189,0,16,173,50,8,In Stock,2025,9,19,4,38,3,0,18.0,18.0,19.0,18.571428571428573,17.766666666666666,16.18,129.44,9.29,138.73,NO REORDER,0.0
2025-09-20,P016,Body Lotion,Personal Care,173,0,16,157,50,8,In Stock,2025,9,20,5,38,3,1,16.0,19.0,19.0,18.285714285714285,17.633333333333333,17.77,142.16,9.14,151.3,NO REORDER,0.0
2025-09-21,P016,Body Lotion,Personal Care,157,0,22,135,50,8,In Stock,2025,9,21,6,38,3,1,16.0,25.0,14.0,17.857142857142858,17.666666666666668,19.22,153.76,8.93,162.69,REORDER,28.0
2025-09-22,P016,Body Lotion,Personal Care,135,0,12,123,50,8,In Stock,2025,9,22,0,39,3,0,22.0,17.0,18.0,17.428571428571427,17.766666666666666,17.93,143.44,8.71,152.15,REORDER,29.0
2025-09-23,P016,Body Lotion,Personal Care,123,0,18,105,50,8,In Stock,2025,9,23,1,39,3,0,12.0,14.0,16.0,16.714285714285715,17.466666666666665,16.27,130.16,8.36,138.52,REORDER,34.0
2025-09-24,P016,Body Lotion,Personal Care,105,0,15,90,50,8,In Stock,2025,9,24,2,39,3,0,18.0,19.0,16.0,17.285714285714285,17.433333333333334,17.36,138.88,8.64,147.52,REORDER,58.0
2025-09-25,P016,Body Lotion,Personal Care,90,0,18,72,50,8,Reorder Soon,2025,9,25,3,39,3,0,15.0,18.0,18.0,16.714285714285715,17.5,18.0,144.0,8.36,152.36,REORDER,80.0
2025-09-26,P016,Body Lotion,Personal Care,72,0,15,57,50,8,Reorder Soon,2025,9,26,4,39,3,0,18.0,16.0,18.0,16.714285714285715,17.466666666666665,17.36,138.88,8.36,147.24,REORDER,90.0
2025-09-27,P016,Body Lotion,Personal Care,57,222,19,260,50,8,In Stock,2025,9,27,5,39,3,1,15.0,16.0,19.0,16.571428571428573,17.366666666666667,20.1,160.8,8.29,169.09,NO REORDER,0.0
2025-09-28,P016,Body Lotion,Personal Care,260,0,21,239,50,8,In Stock,2025,9,28,6,39,3,1,19.0,22.0,25.0,17.0,17.533333333333335,18.1,144.8,8.5,153.3,NO REORDER,0.0
2025-09-29,P016,Body Lotion,Personal Care,239,0,16,223,50,8,In Stock,2025,9,29,0,40,3,0,21.0,12.0,17.0,16.857142857142858,17.666666666666668,18.82,150.56,8.43,158.99,NO REORDER,0.0
2025-09-30,P016,Body Lotion,Personal Care,223,0,16,207,50,8,In Stock,2025,9,30,1,40,3,0,16.0,18.0,14.0,17.428571428571427,17.5,16.72,133.76,8.71,142.47,NO REORDER,0.0
2025-10-01,P016,Body Lotion,Personal Care,207,0,24,183,50,8,In Stock,2025,10,1,2,40,4,0,16.0,15.0,19.0,17.142857142857142,17.4,20.91,167.28,8.57,175.85,NO REORDER,0.0
2025-10-02,P016,Body Lotion,Personal Care,183,0,26,157,50,8,In Stock,2025,10,2,3,40,4,0,24.0,18.0,18.0,18.428571428571427,17.7,21.8,174.4,9.21,183.61,REORDER,27.0
2025-10-03,P016,Body Lotion,Personal Care,157,0,31,126,50,8,In Stock,2025,10,3,4,40,4,0,26.0,15.0,16.0,19.571428571428573,17.966666666666665,22.15,177.2,9.79,186.99,REORDER,61.0
2025-10-04,P016,Body Lotion,Personal Care,126,0,23,103,50,8,In Stock,2025,10,4,5,40,4,1,31.0,19.0,16.0,21.857142857142858,18.266666666666666,22.32,178.56,10.93,189.49,REORDER,86.0
2025-10-05,P016,Body Lotion,Personal Care,103,0,23,80,50,8,In Stock,2025,10,5,6,40,4,1,23.0,21.0,22.0,22.428571428571427,18.6,22.46,179.68,11.21,190.89,REORDER,111.0
2025-10-06,P016,Body Lotion,Personal Care,80,0,19,61,50,8,Reorder Soon,2025,10,6,0,41,4,0,23.0,16.0,12.0,22.714285714285715,18.73333333333333,21.93,175.44,11.36,186.8,REORDER,126.0
2025-10-07,P016,Body Lotion,Personal Care,61,204,15,250,50,8,In Stock,2025,10,7,1,41,4,0,19.0,16.0,18.0,23.142857142857142,18.73333333333333,22.28,178.24,11.57,189.81,NO REORDER,0.0
2025-10-08,P016,Body Lotion,Personal Care,250,0,27,223,50,8,In Stock,2025,10,8,2,41,4,0,15.0,24.0,15.0,23.0,18.766666666666666,22.48,179.84,11.5,191.34,NO REORDER,0.0
2025-10-09,P016,Body Lotion,Personal Care,223,0,27,196,50,8,In Stock,2025,10,9,3,41,4,0,27.0,26.0,18.0,23.428571428571427,19.066666666666663,22.06,176.48,11.71,188.19,NO REORDER,0.0
2025-10-10,P016,Body Lotion,Personal Care,196,0,23,173,50,8,In Stock,2025,10,10,4,41,4,0,27.0,31.0,15.0,23.571428571428573,19.433333333333334,21.75,174.0,11.79,185.79,REORDER,13.0
2025-10-11,P016,Body Lotion,Personal Care,173,0,25,148,50,8,In Stock,2025,10,11,5,41,4,1,23.0,23.0,19.0,22.428571428571427,19.666666666666668,22.18,177.44,11.21,188.65,REORDER,41.0
2025-10-12,P016,Body Lotion,Personal Care,148,0,29,119,50,8,In Stock,2025,10,12,6,41,4,1,25.0,23.0,21.0,22.714285714285715,19.9,21.93,175.44,11.36,186.8,REORDER,68.0
2025-10-13,P016,Body Lotion,Personal Care,119,0,20,99,50,8,In Stock,2025,10,13,0,42,4,0,29.0,19.0,16.0,23.571428571428573,20.266666666666666,20.18,161.44,11.79,173.23,REORDER,74.0
2025-10-14,P016,Body Lotion,Personal Care,99,0,30,69,50,8,Reorder Soon,2025,10,14,1,42,4,0,20.0,15.0,16.0,23.714285714285715,20.3,20.68,165.44,11.86,177.3,REORDER,108.0
2025-10-15,P016,Body Lotion,Personal Care,69,199,24,244,50,8,In Stock,2025,10,15,2,42,4,0,30.0,27.0,24.0,25.857142857142858,20.466666666666665,19.96,159.68,12.93,172.61,NO REORDER,0.0
2025-10-16,P016,Body Lotion,Personal Care,244,0,23,221,50,8,In Stock,2025,10,16,3,42,4,0,24.0,27.0,26.0,25.428571428571427,20.7,20.9,167.2,12.71,179.91,NO REORDER,0.0
2025-10-17,P016,Body Lotion,Personal Care,221,0,23,198,50,8,In Stock,2025,10,17,4,42,4,0,23.0,23.0,31.0,24.857142857142858,21.0,19.58,156.64,12.43,169.07,NO REORDER,0.0
2025-10-18,P016,Body Lotion,Personal Care,198,0,23,175,50,8,In Stock,2025,10,18,5,42,4,1,23.0,25.0,23.0,24.857142857142858,21.133333333333333,22.16,177.28,12.43,189.71,REORDER,15.0
2025-10-19,P016,Body Lotion,Personal Care,175,0,27,148,50,8,In Stock,2025,10,19,6,42,4,1,23.0,29.0,23.0,24.571428571428573,21.3,22.58,180.64,12.29,192.93,REORDER,45.0
2025-10-20,P016,Body Lotion,Personal Care,148,0,25,123,50,8,In Stock,2025,10,20,0,43,4,0,27.0,20.0,19.0,24.285714285714285,21.666666666666668,19.93,159.44,12.14,171.58,REORDER,49.0
2025-10-21,P016,Body Lotion,Personal Care,123,0,24,99,50,8,In Stock,2025,10,21,1,43,4,0,25.0,30.0,15.0,25.0,21.966666666666665,21.2,169.6,12.5,182.1,REORDER,83.0
2025-10-22,P016,Body Lotion,Personal Care,99,0,22,77,50,8,In Stock,2025,10,22,2,43,4,0,24.0,24.0,27.0,24.142857142857142,22.03333333333333,21.65,173.2,12.07,185.27,REORDER,108.0
2025-10-23,P016,Body Lotion,Personal Care,77,0,25,52,50,8,Reorder Soon,2025,10,23,3,43,4,0,22.0,23.0,27.0,23.857142857142858,22.366666666666667,22.42,179.36,11.93,191.29,REORDER,139.0
2025-10-24,P016,Body Lotion,Personal Care,52,214,23,243,50,8,In Stock,2025,10,24,4,43,4,0,25.0,23.0,23.0,24.142857142857142,22.6,23.16,185.28,12.07,197.35,NO REORDER,0.0
2025-10-25,P016,Body Lotion,Personal Care,243,0,18,225,50,8,In Stock,2025,10,25,5,43,4,1,23.0,23.0,25.0,24.142857142857142,22.866666666666667,23.5,188.0,12.07,200.07,NO REORDER,0.0
2025-10-26,P016,Body Lotion,Personal Care,225,0,27,198,50,8,In Stock,2025,10,26,6,43,4,1,18.0,27.0,29.0,23.428571428571427,22.866666666666667,23.17,185.36,11.71,197.07,NO REORDER,0.0
2025-10-27,P016,Body Lotion,Personal Care,198,0,31,167,50,8,In Stock,2025,10,27,0,44,4,0,27.0,25.0,20.0,23.428571428571427,23.266666666666666,22.06,176.48,11.71,188.19,REORDER,21.0
2025-10-28,P016,Body Lotion,Personal Care,167,0,21,146,50,8,In Stock,2025,10,28,1,44,4,0,31.0,24.0,30.0,24.285714285714285,23.666666666666668,21.85,174.8,12.14,186.94,REORDER,41.0
2025-10-29,P016,Body Lotion,Personal Care,146,0,22,124,50,8,In Stock,2025,10,29,2,44,4,0,21.0,22.0,24.0,23.857142857142858,23.666666666666668,22.5,180.0,11.93,191.93,REORDER,68.0
2025-10-30,P016,Body Lotion,Personal Care,124,0,26,98,50,8,In Stock,2025,10,30,3,44,4,0,22.0,25.0,23.0,23.857142857142858,23.866666666666667,23.6,188.8,11.93,200.73,REORDER,103.0
2025-10-31,P016,Body Lotion,Personal Care,98,0,39,59,50,8,Reorder Soon,2025,10,31,4,44,4,0,26.0,23.0,23.0,24.0,24.2,29.55,236.4,12.0,248.4,REORDER,189.0
2025-11-01,P016,Body Lotion,Personal Care,59,206,24,241,50,8,In Stock,2025,11,1,5,44,4,1,39.0,18.0,23.0,26.285714285714285,24.7,24.1,192.8,13.14,205.94,NO REORDER,0.0
2025-11-02,P016,Body Lotion,Personal Care,241,0,26,215,50,8,In Stock,2025,11,2,6,44,4,1,24.0,27.0,27.0,27.142857142857142,24.633333333333333,24.68,197.44,13.57,211.01,NO REORDER,0.0
2025-11-03,P016,Body Lotion,Personal Care,215,0,25,190,50,8,In Stock,2025,11,3,0,45,4,0,26.0,31.0,25.0,27.0,24.466666666666665,22.6,180.8,13.5,194.3,REORDER,4.0
2025-11-04,P016,Body Lotion,Personal Care,190,0,24,166,50,8,In Stock,2025,11,4,1,45,4,0,25.0,21.0,24.0,26.142857142857142,24.53333333333333,23.24,185.92,13.07,198.99,REORDER,33.0
2025-11-05,P016,Body Lotion,Personal Care,166,0,25,141,50,8,In Stock,2025,11,5,2,45,4,0,24.0,22.0,22.0,26.571428571428573,24.566666666666663,23.16,185.28,13.29,198.57,REORDER,58.0
2025-11-06,P016,Body Lotion,Personal Care,141,0,25,116,50,8,In Stock,2025,11,6,3,45,4,0,25.0,26.0,25.0,27.0,24.766666666666666,23.24,185.92,13.5,199.42,REORDER,83.0
2025-11-07,P016,Body Lotion,Personal Care,116,0,17,99,50,8,In Stock,2025,11,7,4,45,4,0,25.0,39.0,23.0,26.857142857142858,25.1,23.72,189.76,13.43,203.19,REORDER,104.0
2025-11-08,P016,Body Lotion,Personal Care,99,0,23,76,50,8,In Stock,2025,11,8,5,45,4,1,17.0,24.0,18.0,23.714285714285715,24.766666666666666,24.74,197.92,11.86,209.78,REORDER,134.0
2025-11-09,P016,Body Lotion,Personal Care,76,0,24,52,50,8,Reorder Soon,2025,11,9,6,45,4,1,23.0,26.0,27.0,23.571428571428573,24.633333333333333,24.84,198.72,11.79,210.51,REORDER,159.0
2025-11-10,P016,Body Lotion,Personal Care,52,223,21,254,50,8,In Stock,2025,11,10,0,46,4,0,24.0,25.0,31.0,23.285714285714285,24.666666666666668,25.36,202.88,11.64,214.52,NO REORDER,0.0
2025-11-11,P016,Body Lotion,Personal Care,254,0,22,232,50,8,In Stock,2025,11,11,1,46,4,0,21.0,24.0,21.0,22.714285714285715,24.53333333333333,24.32,194.56,11.36,205.92,NO REORDER,0.0
2025-11-12,P016,Body Lotion,Personal Care,232,0,24,208,50,8,In Stock,2025,11,12,2,46,4,0,22.0,25.0,22.0,22.428571428571427,24.3,24.45,195.6,11.21,206.81,NO REORDER,0.0
2025-11-13,P016,Body Lotion,Personal Care,208,0,32,176,50,8,In Stock,2025,11,13,3,46,4,0,24.0,25.0,26.0,22.285714285714285,24.433333333333334,24.26,194.08,11.14,205.22,REORDER,29.0
2025-11-14,P016,Body Lotion,Personal Care,176,0,20,156,50,8,In Stock,2025,11,14,4,46,4,0,32.0,17.0,39.0,23.285714285714285,24.5,23.72,189.76,11.64,201.4,REORDER,45.0
2025-11-15,P016,Body Lotion,Personal Care,156,0,21,135,50,8,In Stock,2025,11,15,5,46,4,1,20.0,23.0,24.0,23.714285714285715,24.366666666666667,24.13,193.04,11.86,204.9,REORDER,70.0
2025-11-16,P016,Body Lotion,Personal Care,135,0,38,97,50,8,In Stock,2025,11,16,6,46,4,1,21.0,24.0,26.0,23.428571428571427,24.3,23.9,191.2,11.71,202.91,REORDER,106.0
2025-11-17,P016,Body Lotion,Personal Care,97,0,20,77,50,8,In Stock,2025,11,17,0,47,4,0,38.0,21.0,25.0,25.428571428571427,24.8,23.45,187.6,12.71,200.31,REORDER,123.0
2025-11-18,P016,Body Lotion,Personal Care,77,0,24,53,50,8,Reorder Soon,2025,11,18,1,47,4,0,20.0,22.0,24.0,25.285714285714285,24.7,23.58,188.64,12.64,201.28,REORDER,148.0
2025-11-19,P016,Body Lotion,Personal Care,53,210,19,244,50,8,In Stock,2025,11,19,2,47,4,0,24.0,24.0,25.0,25.571428571428573,24.6,24.12,192.96,12.79,205.75,NO REORDER,0.0
2025-11-20,P016,Body Lotion,Personal Care,244,0,25,219,50,8,In Stock,2025,11,20,3,47,4,0,19.0,32.0,25.0,24.857142857142858,24.4,23.5,188.0,12.43,200.43,NO REORDER,0.0
2025-11-21,P016,Body Lotion,Personal Care,219,0,19,200,50,8,In Stock,2025,11,21,4,47,4,0,25.0,20.0,17.0,23.857142857142858,24.433333333333334,24.22,193.76,11.93,205.69,REORDER,6.0
2025-11-22,P016,Body Lotion,Personal Care,200,0,23,177,50,8,In Stock,2025,11,22,5,47,4,1,19.0,21.0,23.0,23.714285714285715,24.33333333333333,23.92,191.36,11.86,203.22,REORDER,26.0
2025-11-23,P016,Body Lotion,Personal Care,177,0,23,154,50,8,In Stock,2025,11,23,6,47,4,1,23.0,38.0,24.0,24.0,24.266666666666666,24.53,196.24,12.0,208.24,REORDER,54.0
2025-11-24,P016,Body Lotion,Personal Care,154,0,31,123,50,8,In Stock,2025,11,24,0,48,4,0,23.0,20.0,21.0,21.857142857142858,24.266666666666666,24.64,197.12,10.93,208.05,REORDER,85.0
2025-11-25,P016,Body Lotion,Personal Care,123,0,21,102,50,8,In Stock,2025,11,25,1,48,4,0,31.0,24.0,22.0,23.428571428571427,24.7,23.64,189.12,11.71,200.83,REORDER,99.0
2025-11-26,P016,Body Lotion,Personal Care,102,0,27,75,50,8,Reorder Soon,2025,11,26,2,48,4,0,21.0,19.0,24.0,23.0,24.5,23.26,186.08,11.5,197.58,REORDER,123.0
2025-11-27,P016,Body Lotion,Personal Care,75,214,30,259,50,8,In Stock,2025,11,27,3,48,4,0,27.0,25.0,32.0,24.142857142857142,24.366666666666667,24.68,197.44,12.07,209.51,NO REORDER,0.0
2025-11-28,P016,Body Lotion,Personal Care,259,0,15,244,50,8,In Stock,2025,11,28,4,48,4,0,30.0,19.0,20.0,24.857142857142858,24.666666666666668,23.34,186.72,12.43,199.15,NO REORDER,0.0
2025-11-29,P016,Body Lotion,Personal Care,244,0,24,220,50,8,In Stock,2025,11,29,5,48,4,1,15.0,23.0,21.0,24.285714285714285,24.433333333333334,24.76,198.08,12.14,210.22,NO REORDER,0.0
2025-11-30,P016,Body Lotion,Personal Care,220,0,29,191,50,8,In Stock,2025,11,30,6,48,4,1,24.0,23.0,38.0,24.428571428571427,24.366666666666667,26.14,209.12,12.21,221.33,REORDER,30.0
2025-12-01,P016,Body Lotion,Personal Care,191,0,17,174,50,8,In Stock,2025,12,1,0,49,4,0,29.0,31.0,20.0,25.285714285714285,24.03333333333333,23.6,188.8,12.64,201.44,REORDER,27.0
2025-12-02,P016,Body Lotion,Personal Care,174,0,26,148,50,8,In Stock,2025,12,2,1,49,4,0,17.0,21.0,24.0,23.285714285714285,23.8,22.94,183.52,11.64,195.16,REORDER,47.0
2025-12-03,P016,Body Lotion,Personal Care,148,0,23,125,50,8,In Stock,2025,12,3,2,49,4,0,26.0,27.0,19.0,24.0,23.8,23.85,190.8,12.0,202.8,REORDER,78.0
2025-12-04,P016,Body Lotion,Personal Care,125,0,16,109,50,8,In Stock,2025,12,4,3,49,4,0,23.0,30.0,25.0,23.428571428571427,23.73333333333333,22.52,180.16,11.71,191.87,REORDER,83.0
2025-12-05,P016,Body Lotion,Personal Care,109,0,27,82,50,8,In Stock,2025,12,5,4,49,4,0,16.0,15.0,19.0,21.428571428571427,23.466666666666665,24.16,193.28,10.71,203.99,REORDER,122.0
2025-12-06,P016,Body Lotion,Personal Care,82,0,27,55,50,8,Reorder Soon,2025,12,6,5,49,4,1,27.0,24.0,23.0,23.142857142857142,23.53333333333333,24.46,195.68,11.57,207.25,REORDER,152.0
2025-12-07,P016,Body Lotion,Personal Care,55,210,21,244,50,8,In Stock,2025,12,7,6,49,4,1,27.0,29.0,23.0,23.571428571428573,23.6,24.1,192.8,11.79,204.59,NO REORDER,0.0
2025-12-08,P016,Body Lotion,Personal Care,244,0,26,218,50,8,In Stock,2025,12,8,0,50,4,0,21.0,17.0,31.0,22.428571428571427,23.73333333333333,23.8,190.4,11.21,201.61,NO REORDER,0.0
2025-12-09,P016,Body Lotion,Personal Care,218,0,17,201,50,8,In Stock,2025,12,9,1,50,4,0,26.0,26.0,21.0,23.714285714285715,23.83333333333333,23.56,188.48,11.86,200.34,NO REORDER,0.0
2025-12-10,P016,Body Lotion,Personal Care,201,0,21,180,50,8,In Stock,2025,12,10,2,50,4,0,17.0,23.0,27.0,22.428571428571427,23.6,23.25,186.0,11.21,197.21,REORDER,17.0
2025-12-11,P016,Body Lotion,Personal Care,180,0,23,157,50,8,In Stock,2025,12,11,3,50,4,0,21.0,16.0,30.0,22.142857142857142,23.6,23.14,185.12,11.07,196.19,REORDER,39.0
2025-12-12,P016,Body Lotion,Personal Care,157,0,23,134,50,8,In Stock,2025,12,12,4,50,4,0,23.0,27.0,15.0,23.142857142857142,23.633333333333333,24.2,193.6,11.57,205.17,REORDER,71.0
2025-12-13,P016,Body Lotion,Personal Care,134,0,26,108,50,8,In Stock,2025,12,13,5,50,4,1,23.0,27.0,24.0,22.571428571428573,23.6,23.07,184.56,11.29,195.85,REORDER,88.0
2025-12-14,P016,Body Lotion,Personal Care,108,0,33,75,50,8,Reorder Soon,2025,12,14,6,50,4,1,26.0,21.0,29.0,22.428571428571427,23.4,22.04,176.32,11.21,187.53,REORDER,113.0
2025-12-15,P016,Body Lotion,Personal Care,75,0,19,56,50,8,Reorder Soon,2025,12,15,0,51,4,0,33.0,26.0,17.0,24.142857142857142,23.83333333333333,23.34,186.72,12.07,198.79,REORDER,143.0
2025-12-16,P016,Body Lotion,Personal Care,56,209,24,241,50,8,In Stock,2025,12,16,1,51,4,0,19.0,17.0,26.0,23.142857142857142,23.766666666666666,23.14,185.12,11.57,196.69,NO REORDER,0.0
2025-12-17,P016,Body Lotion,Personal Care,241,0,24,217,50,8,In Stock,2025,12,17,2,51,4,0,24.0,21.0,23.0,24.142857142857142,23.3,24.28,194.24,12.07,206.31,NO REORDER,0.0
2025-12-18,P016,Body Lotion,Personal Care,217,0,27,190,50,8,In Stock,2025,12,18,3,51,4,0,24.0,23.0,16.0,24.571428571428573,23.433333333333334,24.56,196.48,12.29,208.77,REORDER,19.0
2025-12-19,P016,Body Lotion,Personal Care,190,0,23,167,50,8,In Stock,2025,12,19,4,51,4,0,27.0,23.0,27.0,25.142857142857142,23.53333333333333,23.14,185.12,12.57,197.69,REORDER,31.0
2025-12-20,P016,Body Lotion,Personal Care,167,0,17,150,50,8,In Stock,2025,12,20,5,51,4,1,23.0,26.0,27.0,25.142857142857142,23.666666666666668,22.35,178.8,12.57,191.37,REORDER,41.0
2025-12-21,P016,Body Lotion,Personal Care,150,0,25,125,50,8,In Stock,2025,12,21,6,51,4,1,17.0,33.0,21.0,23.857142857142858,23.4,23.84,190.72,11.93,202.65,REORDER,78.0
2025-12-22,P016,Body Lotion,Personal Care,125,0,16,109,50,8,In Stock,2025,12,22,0,52,4,0,25.0,19.0,26.0,22.714285714285715,23.6,22.27,178.16,11.36,189.52,REORDER,81.0
2025-12-23,P016,Body Lotion,Personal Care,109,0,27,82,50,8,In Stock,2025,12,23,1,52,4,0,16.0,24.0,17.0,22.285714285714285,23.366666666666667,23.62,188.96,11.14,200.1,REORDER,118.0
2025-12-24,P016,Body Lotion,Personal Care,82,0,23,59,50,8,Reorder Soon,2025,12,24,2,52,4,0,27.0,24.0,21.0,22.714285714285715,23.5,24.02,192.16,11.36,203.52,REORDER,145.0
2025-12-25,P016,Body Lotion,Personal Care,59,229,31,257,50,8,In Stock,2025,12,25,3,52,4,0,23.0,27.0,23.0,22.571428571428573,23.23333333333333,24.54,196.32,11.29,207.61,NO REORDER,0.0
2025-12-26,P016,Body Lotion,Personal Care,257,0,20,237,50,8,In Stock,2025,12,26,4,52,4,0,31.0,23.0,23.0,23.142857142857142,23.566666666666663,23.62,188.96,11.57,200.53,NO REORDER,0.0
2025-12-27,P016,Body Lotion,Personal Care,237,0,21,216,50,8,In Stock,2025,12,27,5,52,4,1,20.0,17.0,26.0,22.714285714285715,23.33333333333333,21.34,170.72,11.36,182.08,NO REORDER,0.0
2025-12-28,P016,Body Lotion,Personal Care,216,0,27,189,50,8,In Stock,2025,12,28,6,52,4,1,21.0,25.0,33.0,23.285714285714285,23.03333333333333,22.92,183.36,11.64,195.0,REORDER,6.0
2025-12-29,P016,Body Lotion,Personal Care,189,0,22,167,50,8,In Stock,2025,12,29,0,1,4,0,27.0,16.0,19.0,23.571428571428573,23.433333333333334,20.22,161.76,11.79,173.55,REORDER,7.0
2025-12-30,P016,Body Lotion,Personal Care,167,0,21,146,50,8,In Stock,2025,12,30,1,1,4,0,22.0,27.0,24.0,24.428571428571427,23.366666666666667,20.98,167.84,12.21,180.05,REORDER,34.0
2025-12-31,P016,Body Lotion,Personal Care,146,0,28,118,50,8,In Stock,2025,12,31,2,1,4,0,21.0,23.0,24.0,23.571428571428573,23.1,21.14,169.12,11.79,180.91,REORDER,63.0
2025-08-13,P017,Earphones,Electronics,78,0,10,68,35,10,In Stock,2025,8,13,2,33,3,0,12.0,16.0,10.0,13.142857142857142,13.966666666666669,13.83,138.3,6.57,144.87,REORDER,77.0
2025-08-14,P017,Earphones,Electronics,68,0,13,55,35,10,In Stock,2025,8,14,3,33,3,0,10.0,14.0,12.0,12.285714285714286,13.8,13.78,137.8,6.14,143.94,REORDER,89.0
2025-08-15,P017,Earphones,Electronics,55,0,12,43,35,10,Reorder Soon,2025,8,15,4,33,3,0,13.0,12.0,15.0,12.142857142857142,13.733333333333333,13.96,139.6,6.07,145.67,REORDER,103.0
2025-08-16,P017,Earphones,Electronics,43,144,14,173,35,10,In Stock,2025,8,16,5,33,3,1,12.0,12.0,16.0,12.142857142857142,13.8,14.5,145.0,6.07,151.07,NO REORDER,0.0
2025-08-17,P017,Earphones,Electronics,173,0,10,163,35,10,In Stock,2025,8,17,6,33,3,1,14.0,14.0,14.0,12.428571428571429,13.8,14.98,149.8,6.21,156.01,NO REORDER,0.0
2025-08-18,P017,Earphones,Electronics,163,0,13,150,35,10,In Stock,2025,8,18,0,34,3,0,10.0,12.0,17.0,11.857142857142858,13.6,14.64,146.4,5.93,152.33,REORDER,2.0
2025-08-19,P017,Earphones,Electronics,150,0,15,135,35,10,In Stock,2025,8,19,1,34,3,0,13.0,12.0,15.0,12.0,13.566666666666666,13.98,139.8,6.0,145.8,REORDER,11.0
2025-08-20,P017,Earphones,Electronics,135,0,12,123,35,10,In Stock,2025,8,20,2,34,3,0,15.0,10.0,16.0,12.428571428571429,13.533333333333331,13.14,131.4,6.21,137.61,REORDER,15.0
2025-08-21,P017,Earphones,Electronics,123,0,15,108,35,10,In Stock,2025,8,21,3,34,3,0,12.0,13.0,14.0,12.714285714285714,13.433333333333334,13.16,131.6,6.36,137.96,REORDER,30.0
2025-08-22,P017,Earphones,Electronics,108,0,14,94,35,10,In Stock,2025,8,22,4,34,3,0,15.0,12.0,12.0,13.0,13.366666666666667,13.4,134.0,6.5,140.5,REORDER,46.0
2025-08-23,P017,Earphones,Electronics,94,0,13,81,35,10,In Stock,2025,8,23,5,34,3,1,14.0,14.0,12.0,13.285714285714286,13.5,14.16,141.6,6.64,148.24,REORDER,67.0
2025-08-24,P017,Earphones,Electronics,81,0,11,70,35,10,In Stock,2025,8,24,6,34,3,1,13.0,10.0,14.0,13.142857142857142,13.4,13.72,137.2,6.57,143.77,REORDER,74.0
2025-08-25,P017,Earphones,Electronics,70,0,17,53,35,10,In Stock,2025,8,25,0,35,3,0,11.0,13.0,12.0,13.285714285714286,13.266666666666667,13.34,133.4,6.64,140.04,REORDER,87.0
2025-08-26,P017,Earphones,Electronics,53,0,16,37,35,10,Reorder Soon,2025,8,26,1,35,3,0,17.0,15.0,12.0,13.857142857142858,13.466666666666669,12.85,128.5,6.93,135.43,REORDER,98.0
2025-08-27,P017,Earphones,Electronics,37,148,12,173,35,10,In Stock,2025,8,27,2,35,3,0,16.0,12.0,10.0,14.0,13.4,14.96,149.6,7.0,156.6,NO REORDER,0.0
2025-08-28,P017,Earphones,Electronics,173,0,23,150,35,10,In Stock,2025,8,28,3,35,3,0,12.0,15.0,13.0,14.0,13.433333333333334,13.78,137.8,7.0,144.8,NO REORDER,0.0
2025-08-29,P017,Earphones,Electronics,150,0,16,134,35,10,In Stock,2025,8,29,4,35,3,0,23.0,14.0,12.0,15.142857142857142,13.7,13.74,137.4,7.57,144.97,REORDER,11.0
2025-08-30,P017,Earphones,Electronics,134,0,16,118,35,10,In Stock,2025,8,30,5,35,3,1,16.0,13.0,14.0,15.428571428571429,13.9,14.22,142.2,7.71,149.91,REORDER,32.0
2025-08-31,P017,Earphones,Electronics,118,0,12,106,35,10,In Stock,2025,8,31,6,35,3,1,16.0,11.0,10.0,15.857142857142858,14.033333333333331,15.27,152.7,7.93,160.63,REORDER,55.0
2025-09-01,P017,Earphones,Electronics,106,0,15,91,35,10,In Stock,2025,9,1,0,36,3,0,12.0,17.0,13.0,16.0,13.933333333333334,14.01,140.1,8.0,148.1,REORDER,57.0
2025-09-02,P017,Earphones,Electronics,91,0,17,74,35,10,In Stock,2025,9,2,1,36,3,0,15.0,16.0,15.0,15.714285714285714,13.9,13.76,137.6,7.86,145.46,REORDER,71.0
2025-09-03,P017,Earphones,Electronics,74,0,14,60,35,10,In Stock,2025,9,3,2,36,3,0,17.0,12.0,12.0,15.857142857142858,14.0,13.48,134.8,7.93,142.73,REORDER,83.0
2025-09-04,P017,Earphones,Electronics,60,0,18,42,35,10,Reorder Soon,2025,9,4,3,36,3,0,14.0,23.0,15.0,16.142857142857142,13.9,13.66,136.6,8.07,144.67,REORDER,103.0
2025-09-05,P017,Earphones,Electronics,42,150,13,179,35,10,In Stock,2025,9,5,4,36,3,0,18.0,16.0,14.0,15.428571428571429,14.0,15.08,150.8,7.71,158.51,NO REORDER,0.0
2025-09-06,P017,Earphones,Electronics,179,0,16,163,35,10,In Stock,2025,9,6,5,36,3,1,13.0,16.0,13.0,15.0,13.9,13.64,136.4,7.5,143.9,NO REORDER,0.0
2025-09-07,P017,Earphones,Electronics,163,0,15,148,35,10,In Stock,2025,9,7,6,36,3,1,16.0,12.0,11.0,15.0,13.966666666666669,14.59,145.9,7.5,153.4,REORDER,5.0
2025-09-08,P017,Earphones,Electronics,148,0,10,138,35,10,In Stock,2025,9,8,0,37,3,0,15.0,15.0,17.0,15.428571428571429,14.066666666666666,13.3,133.0,7.71,140.71,REORDER,3.0
2025-09-09,P017,Earphones,Electronics,138,0,18,120,35,10,In Stock,2025,9,9,1,37,3,0,10.0,17.0,16.0,14.714285714285714,14.0,13.46,134.6,7.36,141.96,REORDER,22.0
2025-09-10,P017,Earphones,Electronics,120,0,14,106,35,10,In Stock,2025,9,10,2,37,3,0,18.0,14.0,12.0,14.857142857142858,14.133333333333333,13.25,132.5,7.43,139.93,REORDER,34.0
2025-09-11,P017,Earphones,Electronics,106,0,15,91,35,10,In Stock,2025,9,11,3,37,3,0,14.0,18.0,23.0,14.857142857142858,14.2,13.78,137.8,7.43,145.23,REORDER,54.0
2025-09-12,P017,Earphones,Electronics,91,0,17,74,35,10,In Stock,2025,9,12,4,37,3,0,15.0,13.0,16.0,14.428571428571429,14.3,14.98,149.8,7.21,157.01,REORDER,83.0
2025-09-13,P017,Earphones,Electronics,74,0,14,60,35,10,In Stock,2025,9,13,5,37,3,1,17.0,16.0,16.0,15.0,14.533333333333331,14.44,144.4,7.5,151.9,REORDER,92.0
2025-09-14,P017,Earphones,Electronics,60,0,19,41,35,10,Reorder Soon,2025,9,14,6,37,3,1,14.0,15.0,12.0,14.714285714285714,14.566666666666666,15.1,151.0,7.36,158.36,REORDER,117.0
2025-09-15,P017,Earphones,Electronics,41,152,15,178,35,10,In Stock,2025,9,15,0,38,3,0,19.0,10.0,15.0,15.285714285714286,14.8,13.96,139.6,7.64,147.24,NO REORDER,0.0
2025-09-16,P017,Earphones,Electronics,178,0,12,166,35,10,In Stock,2025,9,16,1,38,3,0,15.0,18.0,17.0,16.0,14.833333333333334,14.08,140.8,8.0,148.8,NO REORDER,0.0
2025-09-17,P017,Earphones,Electronics,166,0,15,151,35,10,In Stock,2025,9,17,2,38,3,0,12.0,14.0,14.0,15.142857142857142,14.9,14.12,141.2,7.57,148.77,NO REORDER,0.0
2025-09-18,P017,Earphones,Electronics,151,0,13,138,35,10,In Stock,2025,9,18,3,38,3,0,15.0,15.0,18.0,15.285714285714286,14.966666666666669,13.7,137.0,7.64,144.64,REORDER,7.0
2025-09-19,P017,Earphones,Electronics,138,0,20,118,35,10,In Stock,2025,9,19,4,38,3,0,13.0,17.0,13.0,15.0,14.9,15.01,150.1,7.5,157.6,REORDER,40.0
2025-09-20,P017,Earphones,Electronics,118,0,19,99,35,10,In Stock,2025,9,20,5,38,3,1,20.0,14.0,16.0,15.428571428571429,15.166666666666666,14.94,149.4,7.71,157.11,REORDER,58.0
2025-09-21,P017,Earphones,Electronics,99,0,20,79,35,10,In Stock,2025,9,21,6,38,3,1,19.0,19.0,15.0,16.142857142857142,15.3,15.34,153.4,8.07,161.47,REORDER,82.0
2025-09-22,P017,Earphones,Electronics,79,0,23,56,35,10,In Stock,2025,9,22,0,39,3,0,20.0,15.0,10.0,16.285714285714285,15.5,14.24,142.4,8.14,150.54,REORDER,95.0
2025-09-23,P017,Earphones,Electronics,56,0,12,44,35,10,Reorder Soon,2025,9,23,1,39,3,0,23.0,12.0,18.0,17.428571428571427,15.833333333333334,16.99,169.9,8.71,178.61,REORDER,135.0
2025-09-24,P017,Earphones,Electronics,44,151,14,181,35,10,In Stock,2025,9,24,2,39,3,0,12.0,15.0,14.0,17.428571428571427,15.866666666666667,15.78,157.8,8.71,166.51,NO REORDER,0.0
2025-09-25,P017,Earphones,Electronics,181,0,11,170,35,10,In Stock,2025,9,25,3,39,3,0,14.0,13.0,15.0,17.285714285714285,15.766666666666667,16.18,161.8,8.64,170.44,REORDER,0.0
2025-09-26,P017,Earphones,Electronics,170,0,11,159,35,10,In Stock,2025,9,26,4,39,3,0,11.0,20.0,17.0,17.0,15.6,15.3,153.0,8.5,161.5,REORDER,2.0
2025-09-27,P017,Earphones,Electronics,159,0,15,144,35,10,In Stock,2025,9,27,5,39,3,1,11.0,19.0,14.0,15.714285714285714,15.566666666666666,13.9,139.0,7.86,146.86,REORDER,3.0
2025-09-28,P017,Earphones,Electronics,144,0,16,128,35,10,In Stock,2025,9,28,6,39,3,1,15.0,20.0,19.0,15.142857142857142,15.3,14.36,143.6,7.57,151.17,REORDER,23.0
2025-09-29,P017,Earphones,Electronics,128,0,16,112,35,10,In Stock,2025,9,29,0,40,3,0,16.0,23.0,15.0,14.571428571428571,15.3,13.82,138.2,7.29,145.49,REORDER,33.0
2025-09-30,P017,Earphones,Electronics,112,0,13,99,35,10,In Stock,2025,9,30,1,40,3,0,16.0,12.0,12.0,13.571428571428571,15.3,13.58,135.8,6.79,142.59,REORDER,44.0
2025-10-01,P017,Earphones,Electronics,99,0,15,84,35,10,In Stock,2025,10,1,2,40,4,0,13.0,14.0,15.0,13.714285714285714,15.333333333333334,14.46,144.6,6.86,151.46,REORDER,67.0
2025-10-02,P017,Earphones,Electronics,84,0,15,69,35,10,In Stock,2025,10,2,3,40,4,0,15.0,11.0,13.0,13.857142857142858,15.333333333333334,14.28,142.8,6.93,149.73,REORDER,81.0
2025-10-03,P017,Earphones,Electronics,69,0,11,58,35,10,In Stock,2025,10,3,4,40,4,0,15.0,11.0,20.0,14.428571428571429,15.266666666666667,14.38,143.8,7.21,151.01,REORDER,93.0
2025-10-04,P017,Earphones,Electronics,58,0,15,43,35,10,Reorder Soon,2025,10,4,5,40,4,1,11.0,15.0,19.0,14.428571428571429,15.166666666666666,14.26,142.6,7.21,149.81,REORDER,107.0
2025-10-05,P017,Earphones,Electronics,43,157,22,178,35,10,In Stock,2025,10,5,6,40,4,1,15.0,16.0,20.0,14.428571428571429,15.066666666666666,15.18,151.8,7.21,159.01,NO REORDER,0.0
2025-10-06,P017,Earphones,Electronics,178,0,16,162,35,10,In Stock,2025,10,6,0,41,4,0,22.0,16.0,23.0,15.285714285714286,15.366666666666667,14.24,142.4,7.64,150.04,NO REORDER,0.0
2025-10-07,P017,Earphones,Electronics,162,0,12,150,35,10,In Stock,2025,10,7,1,41,4,0,16.0,13.0,12.0,15.285714285714286,15.366666666666667,13.48,134.8,7.64,142.44,NO REORDER,0.0
2025-10-08,P017,Earphones,Electronics,150,0,16,134,35,10,In Stock,2025,10,8,2,41,4,0,12.0,15.0,14.0,15.142857142857142,15.266666666666667,14.31,143.1,7.57,150.67,REORDER,17.0
2025-10-09,P017,Earphones,Electronics,134,0,14,120,35,10,In Stock,2025,10,9,3,41,4,0,16.0,15.0,11.0,15.285714285714286,15.466666666666669,14.18,141.8,7.64,149.44,REORDER,29.0
2025-10-10,P017,Earphones,Electronics,120,0,18,102,35,10,In Stock,2025,10,10,4,41,4,0,14.0,11.0,11.0,15.142857142857142,15.333333333333334,15.34,153.4,7.57,160.97,REORDER,59.0
2025-10-11,P017,Earphones,Electronics,102,0,16,86,35,10,In Stock,2025,10,11,5,41,4,1,18.0,15.0,15.0,16.142857142857142,15.466666666666669,15.52,155.2,8.07,163.27,REORDER,77.0
2025-10-12,P017,Earphones,Electronics,86,0,15,71,35,10,In Stock,2025,10,12,6,41,4,1,16.0,22.0,16.0,16.285714285714285,15.5,15.28,152.8,8.14,160.94,REORDER,90.0
2025-10-13,P017,Earphones,Electronics,71,0,15,56,35,10,In Stock,2025,10,13,0,42,4,0,15.0,16.0,16.0,15.285714285714286,15.433333333333334,14.21,142.1,7.64,149.74,REORDER,94.0
2025-10-14,P017,Earphones,Electronics,56,0,20,36,35,10,Reorder Soon,2025,10,14,1,42,4,0,15.0,12.0,13.0,15.142857142857142,15.466666666666669,13.46,134.6,7.57,142.17,REORDER,106.0
2025-10-15,P017,Earphones,Electronics,36,161,12,185,35,10,In Stock,2025,10,15,2,42,4,0,20.0,16.0,15.0,16.285714285714285,15.5,14.99,149.9,8.14,158.04,NO REORDER,0.0
2025-10-16,P017,Earphones,Electronics,185,0,18,167,35,10,In Stock,2025,10,16,3,42,4,0,12.0,14.0,15.0,15.714285714285714,15.4,14.62,146.2,7.86,154.06,NO REORDER,0.0
2025-10-17,P017,Earphones,Electronics,167,0,15,152,35,10,In Stock,2025,10,17,4,42,4,0,18.0,18.0,11.0,16.285714285714285,15.6,14.36,143.6,8.14,151.74,NO REORDER,0.0
2025-10-18,P017,Earphones,Electronics,152,0,17,135,35,10,In Stock,2025,10,18,5,42,4,1,15.0,16.0,15.0,15.857142857142858,15.6,14.6,146.0,7.93,153.93,REORDER,19.0
2025-10-19,P017,Earphones,Electronics,135,0,18,117,35,10,In Stock,2025,10,19,6,42,4,1,17.0,15.0,22.0,16.0,15.733333333333333,15.91,159.1,8.0,167.1,REORDER,50.0
2025-10-20,P017,Earphones,Electronics,117,0,13,104,35,10,In Stock,2025,10,20,0,43,4,0,18.0,15.0,16.0,16.428571428571427,15.666666666666666,14.1,141.0,8.21,149.21,REORDER,45.0
2025-10-21,P017,Earphones,Electronics,104,0,26,78,35,10,In Stock,2025,10,21,1,43,4,0,13.0,20.0,12.0,16.142857142857142,15.466666666666669,14.62,146.2,8.07,154.27,REORDER,76.0
2025-10-22,P017,Earphones,Electronics,78,0,15,63,35,10,In Stock,2025,10,22,2,43,4,0,26.0,12.0,16.0,17.0,15.666666666666666,16.4,164.0,8.5,172.5,REORDER,110.0
2025-10-23,P017,Earphones,Electronics,63,0,15,48,35,10,Reorder Soon,2025,10,23,3,43,4,0,15.0,18.0,14.0,17.428571428571427,15.4,15.86,158.6,8.71,167.31,REORDER,119.0
2025-10-24,P017,Earphones,Electronics,48,150,16,182,35,10,In Stock,2025,10,24,4,43,4,0,15.0,15.0,18.0,17.0,15.5,15.3,153.0,8.5,161.5,NO REORDER,0.0
2025-10-25,P017,Earphones,Electronics,182,0,18,164,35,10,In Stock,2025,10,25,5,43,4,1,16.0,17.0,16.0,17.142857142857142,15.566666666666666,15.49,154.9,8.57,163.47,NO REORDER,0.0
2025-10-26,P017,Earphones,Electronics,164,0,15,149,35,10,In Stock,2025,10,26,6,43,4,1,18.0,18.0,15.0,17.285714285714285,15.8,15.76,157.6,8.64,166.24,REORDER,17.0
2025-10-27,P017,Earphones,Electronics,149,0,12,137,35,10,In Stock,2025,10,27,0,44,4,0,15.0,13.0,15.0,16.857142857142858,15.933333333333334,14.66,146.6,8.43,155.03,REORDER,18.0
2025-10-28,P017,Earphones,Electronics,137,0,21,116,35,10,In Stock,2025,10,28,1,44,4,0,12.0,26.0,20.0,16.714285714285715,15.833333333333334,14.54,145.4,8.36,153.76,REORDER,38.0
2025-10-29,P017,Earphones,Electronics,116,0,13,103,35,10,In Stock,2025,10,29,2,44,4,0,21.0,15.0,12.0,16.0,16.0,15.62,156.2,8.0,164.2,REORDER,61.0
2025-10-30,P017,Earphones,Electronics,103,0,11,92,35,10,In Stock,2025,10,30,3,44,4,0,13.0,15.0,18.0,15.714285714285714,15.9,14.86,148.6,7.86,156.46,REORDER,64.0
2025-10-31,P017,Earphones,Electronics,92,0,21,71,35,10,In Stock,2025,10,31,4,44,4,0,11.0,16.0,15.0,15.142857142857142,15.833333333333334,15.42,154.2,7.57,161.77,REORDER,91.0
2025-11-01,P017,Earphones,Electronics,71,0,18,53,35,10,In Stock,2025,11,1,5,44,4,1,21.0,18.0,17.0,15.857142857142858,16.033333333333335,16.57,165.7,7.93,173.63,REORDER,121.0
2025-11-02,P017,Earphones,Electronics,53,143,19,177,35,10,In Stock,2025,11,2,6,44,4,1,18.0,15.0,18.0,15.857142857142858,16.133333333333333,16.43,164.3,7.93,172.23,NO REORDER,0.0
2025-11-03,P017,Earphones,Electronics,177,0,15,162,35,10,In Stock,2025,11,3,0,45,4,0,19.0,12.0,13.0,16.428571428571427,16.4,18.2,182.0,8.21,190.21,REORDER,28.0
2025-11-04,P017,Earphones,Electronics,162,0,12,150,35,10,In Stock,2025,11,4,1,45,4,0,15.0,21.0,26.0,16.857142857142858,16.4,18.35,183.5,8.43,191.93,REORDER,42.0
2025-11-05,P017,Earphones,Electronics,150,0,15,135,35,10,In Stock,2025,11,5,2,45,4,0,12.0,13.0,15.0,15.571428571428571,16.066666666666666,16.24,162.4,7.79,170.19,REORDER,35.0
2025-11-06,P017,Earphones,Electronics,135,0,17,118,35,10,In Stock,2025,11,6,3,45,4,0,15.0,11.0,15.0,15.857142857142858,16.033333333333335,15.88,158.8,7.93,166.73,REORDER,49.0
2025-11-07,P017,Earphones,Electronics,118,0,15,103,35,10,In Stock,2025,11,7,4,45,4,0,17.0,21.0,16.0,16.714285714285715,16.2,15.81,158.1,8.36,166.46,REORDER,63.0
2025-11-08,P017,Earphones,Electronics,103,0,15,88,35,10,In Stock,2025,11,8,5,45,4,1,15.0,18.0,18.0,15.857142857142858,16.166666666666668,15.59,155.9,7.93,163.83,REORDER,76.0
2025-11-09,P017,Earphones,Electronics,88,0,14,74,35,10,In Stock,2025,11,9,6,45,4,1,15.0,19.0,15.0,15.428571428571429,16.2,16.02,160.2,7.71,167.91,REORDER,94.0
2025-11-10,P017,Earphones,Electronics,74,0,15,59,35,10,In Stock,2025,11,10,0,46,4,0,14.0,15.0,12.0,14.714285714285714,16.066666666666666,15.38,153.8,7.36,161.16,REORDER,102.0
2025-11-11,P017,Earphones,Electronics,59,0,17,42,35,10,Reorder Soon,2025,11,11,1,46,4,0,15.0,12.0,21.0,14.714285714285714,16.033333333333335,14.62,146.2,7.36,153.56,REORDER,112.0
2025-11-12,P017,Earphones,Electronics,42,137,14,165,35,10,In Stock,2025,11,12,2,46,4,0,17.0,15.0,13.0,15.428571428571429,16.1,15.76,157.6,7.71,165.31,REORDER,0.0
2025-11-13,P017,Earphones,Electronics,165,0,16,149,35,10,In Stock,2025,11,13,3,46,4,0,14.0,17.0,11.0,15.285714285714286,16.066666666666666,15.76,157.6,7.64,165.24,REORDER,16.0
2025-11-14,P017,Earphones,Electronics,149,0,19,130,35,10,In Stock,2025,11,14,4,46,4,0,16.0,15.0,21.0,15.142857142857142,15.933333333333334,14.96,149.6,7.57,157.17,REORDER,27.0
2025-11-15,P017,Earphones,Electronics,130,0,10,120,35,10,In Stock,2025,11,15,5,46,4,1,19.0,15.0,18.0,15.714285714285714,16.166666666666668,15.49,154.9,7.86,162.76,REORDER,43.0
2025-11-16,P017,Earphones,Electronics,120,0,14,106,35,10,In Stock,2025,11,16,6,46,4,1,10.0,14.0,19.0,15.0,15.9,14.4,144.0,7.5,151.5,REORDER,46.0
2025-11-17,P017,Earphones,Electronics,106,0,16,90,35,10,In Stock,2025,11,17,0,47,4,0,14.0,15.0,15.0,15.0,15.866666666666667,14.63,146.3,7.5,153.8,REORDER,64.0
2025-11-18,P017,Earphones,Electronics,90,0,16,74,35,10,In Stock,2025,11,18,1,47,4,0,16.0,17.0,12.0,15.142857142857142,15.833333333333334,14.35,143.5,7.57,151.07,REORDER,77.0
2025-11-19,P017,Earphones,Electronics,74,0,16,58,35,10,In Stock,2025,11,19,2,47,4,0,16.0,14.0,15.0,15.0,15.766666666666667,14.3,143.0,7.5,150.5,REORDER,92.0
2025-11-20,P017,Earphones,Electronics,58,0,17,41,35,10,Reorder Soon,2025,11,20,3,47,4,0,16.0,16.0,17.0,15.285714285714286,15.866666666666667,14.79,147.9,7.64,155.54,REORDER,115.0
2025-11-21,P017,Earphones,Electronics,41,149,18,172,35,10,In Stock,2025,11,21,4,47,4,0,17.0,19.0,15.0,15.428571428571429,15.566666666666666,14.98,149.8,7.71,157.51,NO REORDER,0.0
2025-11-22,P017,Earphones,Electronics,172,0,20,152,35,10,In Stock,2025,11,22,5,47,4,1,18.0,10.0,15.0,15.285714285714286,15.666666666666666,14.74,147.4,7.64,155.04,REORDER,3.0
2025-11-23,P017,Earphones,Electronics,152,0,11,141,35,10,In Stock,2025,11,23,6,47,4,1,20.0,14.0,14.0,16.714285714285715,15.833333333333334,15.04,150.4,8.36,158.76,REORDER,18.0
2025-11-24,P017,Earphones,Electronics,141,0,17,124,35,10,In Stock,2025,11,24,0,48,4,0,11.0,16.0,15.0,16.285714285714285,15.666666666666666,15.26,152.6,8.14,160.74,REORDER,37.0
2025-11-25,P017,Earphones,Electronics,124,0,17,107,35,10,In Stock,2025,11,25,1,48,4,0,17.0,16.0,17.0,16.428571428571427,15.633333333333333,13.48,134.8,8.21,143.01,REORDER,36.0
2025-11-26,P017,Earphones,Electronics,107,0,13,94,35,10,In Stock,2025,11,26,2,48,4,0,17.0,16.0,14.0,16.571428571428573,15.7,13.86,138.6,8.29,146.89,REORDER,53.0
2025-11-27,P017,Earphones,Electronics,94,0,15,79,35,10,In Stock,2025,11,27,3,48,4,0,13.0,17.0,16.0,16.142857142857142,15.733333333333333,14.66,146.6,8.07,154.67,REORDER,76.0
2025-11-28,P017,Earphones,Electronics,79,0,15,64,35,10,In Stock,2025,11,28,4,48,4,0,15.0,18.0,19.0,15.857142857142858,15.533333333333331,13.89,138.9,7.93,146.83,REORDER,83.0
2025-11-29,P017,Earphones,Electronics,64,0,19,45,35,10,Reorder Soon,2025,11,29,5,48,4,1,15.0,20.0,10.0,15.428571428571429,15.6,15.71,157.1,7.71,164.81,REORDER,120.0
2025-11-30,P017,Earphones,Electronics,45,136,14,167,35,10,In Stock,2025,11,30,6,48,4,1,19.0,11.0,14.0,15.285714285714286,15.866666666666667,15.33,153.3,7.64,160.94,NO REORDER,0.0
2025-12-01,P017,Earphones,Electronics,167,0,19,148,35,10,In Stock,2025,12,1,0,49,4,0,14.0,17.0,16.0,15.714285714285714,15.633333333333333,14.81,148.1,7.86,155.96,REORDER,8.0
2025-12-02,P017,Earphones,Electronics,148,0,17,131,35,10,In Stock,2025,12,2,1,49,4,0,19.0,17.0,16.0,16.0,15.666666666666666,14.88,148.8,8.0,156.8,REORDER,26.0
2025-12-03,P017,Earphones,Electronics,131,0,16,115,35,10,In Stock,2025,12,3,2,49,4,0,17.0,13.0,16.0,16.0,15.6,14.35,143.5,8.0,151.5,REORDER,36.0
2025-12-04,P017,Earphones,Electronics,115,0,17,98,35,10,In Stock,2025,12,4,3,49,4,0,16.0,15.0,17.0,16.428571428571427,15.633333333333333,14.65,146.5,8.21,154.71,REORDER,57.0
2025-12-05,P017,Earphones,Electronics,98,0,15,83,35,10,In Stock,2025,12,5,4,49,4,0,17.0,15.0,18.0,16.714285714285715,15.8,15.22,152.2,8.36,160.56,REORDER,78.0
2025-12-06,P017,Earphones,Electronics,83,0,19,64,35,10,In Stock,2025,12,6,5,49,4,1,15.0,19.0,20.0,16.714285714285715,15.8,14.66,146.6,8.36,154.96,REORDER,91.0
2025-12-07,P017,Earphones,Electronics,64,0,10,54,35,10,In Stock,2025,12,7,6,49,4,1,19.0,14.0,11.0,16.714285714285715,15.866666666666667,16.18,161.8,8.36,170.16,REORDER,116.0
2025-12-08,P017,Earphones,Electronics,54,0,11,43,35,10,Reorder Soon,2025,12,8,0,50,4,0,10.0,19.0,17.0,16.142857142857142,15.7,14.53,145.3,8.07,153.37,REORDER,110.0
2025-12-09,P017,Earphones,Electronics,43,151,20,174,35,10,In Stock,2025,12,9,1,50,4,0,11.0,17.0,17.0,15.0,15.566666666666666,14.12,141.2,7.5,148.7,NO REORDER,0.0
2025-12-10,P017,Earphones,Electronics,174,0,13,161,35,10,In Stock,2025,12,10,2,50,4,0,20.0,16.0,13.0,15.428571428571429,15.766666666666667,14.2,142.0,7.71,149.71,NO REORDER,0.0
2025-12-11,P017,Earphones,Electronics,161,0,18,143,35,10,In Stock,2025,12,11,3,50,4,0,13.0,17.0,15.0,15.0,15.7,14.48,144.8,7.5,152.3,REORDER,9.0
2025-12-12,P017,Earphones,Electronics,143,0,16,127,35,10,In Stock,2025,12,12,4,50,4,0,18.0,15.0,15.0,15.142857142857142,15.733333333333333,14.64,146.4,7.57,153.97,REORDER,27.0
2025-12-13,P017,Earphones,Electronics,127,0,22,105,35,10,In Stock,2025,12,13,5,50,4,1,16.0,19.0,19.0,15.285714285714286,15.8,14.62,146.2,7.64,153.84,REORDER,49.0
2025-12-14,P017,Earphones,Electronics,105,0,16,89,35,10,In Stock,2025,12,14,6,50,4,1,22.0,10.0,14.0,15.714285714285714,16.0,17.16,171.6,7.86,179.46,REORDER,90.0
2025-12-15,P017,Earphones,Electronics,89,0,14,75,35,10,In Stock,2025,12,15,0,51,4,0,16.0,11.0,19.0,16.571428571428573,15.9,13.9,139.0,8.29,147.29,REORDER,72.0
2025-12-16,P017,Earphones,Electronics,75,0,12,63,35,10,In Stock,2025,12,16,1,51,4,0,14.0,20.0,17.0,17.0,16.033333333333335,15.44,154.4,8.5,162.9,REORDER,100.0
2025-12-17,P017,Earphones,Electronics,63,0,14,49,35,10,Reorder Soon,2025,12,17,2,51,4,0,12.0,13.0,16.0,15.857142857142858,15.966666666666669,15.46,154.6,7.93,162.53,REORDER,114.0
2025-12-18,P017,Earphones,Electronics,49,0,13,36,35,10,Reorder Soon,2025,12,18,3,51,4,0,14.0,18.0,17.0,16.0,15.9,14.42,144.2,8.0,152.2,REORDER,116.0
2025-12-19,P017,Earphones,Electronics,36,161,12,185,35,10,In Stock,2025,12,19,4,51,4,0,13.0,16.0,15.0,15.285714285714286,15.8,15.6,156.0,7.64,163.64,NO REORDER,0.0
2025-12-20,P017,Earphones,Electronics,185,0,17,168,35,10,In Stock,2025,12,20,5,51,4,1,12.0,22.0,19.0,14.714285714285714,15.666666666666666,14.21,142.1,7.36,149.46,NO REORDER,0.0
2025-12-21,P017,Earphones,Electronics,168,0,16,152,35,10,In Stock,2025,12,21,6,51,4,1,17.0,16.0,10.0,14.0,15.666666666666666,15.37,153.7,7.0,160.7,REORDER,9.0
2025-12-22,P017,Earphones,Electronics,152,0,11,141,35,10,In Stock,2025,12,22,0,52,4,0,16.0,14.0,11.0,14.0,15.6,13.9,139.0,7.0,146.0,REORDER,5.0
2025-12-23,P017,Earphones,Electronics,141,0,16,125,35,10,In Stock,2025,12,23,1,52,4,0,11.0,12.0,20.0,13.571428571428571,15.3,14.04,140.4,6.79,147.19,REORDER,22.0
2025-12-24,P017,Earphones,Electronics,125,0,14,111,35,10,In Stock,2025,12,24,2,52,4,0,16.0,14.0,13.0,14.142857142857142,15.466666666666669,13.89,138.9,7.07,145.97,REORDER,35.0
2025-12-25,P017,Earphones,Electronics,111,0,27,84,35,10,In Stock,2025,12,25,3,52,4,0,14.0,13.0,18.0,14.142857142857142,15.366666666666667,14.58,145.8,7.07,152.87,REORDER,69.0
2025-12-26,P017,Earphones,Electronics,84,0,15,69,35,10,In Stock,2025,12,26,4,52,4,0,27.0,12.0,16.0,16.142857142857142,15.7,15.84,158.4,8.07,166.47,REORDER,97.0
2025-12-27,P017,Earphones,Electronics,69,0,15,54,35,10,In Stock,2025,12,27,5,52,4,1,15.0,17.0,22.0,16.571428571428573,15.766666666666667,14.73,147.3,8.29,155.59,REORDER,102.0
2025-12-28,P017,Earphones,Electronics,54,139,20,173,35,10,In Stock,2025,12,28,6,52,4,1,15.0,16.0,16.0,16.285714285714285,15.766666666666667,14.78,147.8,8.14,155.94,NO REORDER,0.0
2025-12-29,P017,Earphones,Electronics,173,0,19,154,35,10,In Stock,2025,12,29,0,1,4,0,20.0,11.0,14.0,16.857142857142858,15.933333333333334,15.25,152.5,8.43,160.93,REORDER,7.0
2025-12-30,P017,Earphones,Electronics,154,0,16,138,35,10,In Stock,2025,12,30,1,1,4,0,19.0,16.0,12.0,18.0,15.933333333333334,16.17,161.7,9.0,170.7,REORDER,33.0
2025-12-31,P017,Earphones,Electronics,138,0,19,119,35,10,In Stock,2025,12,31,2,1,4,0,16.0,14.0,14.0,18.0,16.0,16.72,167.2,9.0,176.2,REORDER,57.0
2025-08-13,P018,Electric Kettle,Home & Kitchen,62,0,9,53,20,14,In Stock,2025,8,13,2,33,3,0,7.0,7.0,5.0,7.0,6.533333333333333,7.48,104.72,3.5,108.22,REORDER,55.0
2025-08-14,P018,Electric Kettle,Home & Kitchen,53,0,6,47,20,14,In Stock,2025,8,14,3,33,3,0,9.0,7.0,6.0,7.285714285714286,6.5,6.84,95.76,3.64,99.4,REORDER,52.0
2025-08-15,P018,Electric Kettle,Home & Kitchen,47,0,9,38,20,14,In Stock,2025,8,15,4,33,3,0,6.0,9.0,5.0,7.142857142857143,6.533333333333333,7.44,104.16,3.57,107.73,REORDER,70.0
2025-08-16,P018,Electric Kettle,Home & Kitchen,38,0,6,32,20,14,In Stock,2025,8,16,5,33,3,1,9.0,6.0,8.0,7.142857142857143,6.7,6.88,96.32,3.57,99.89,REORDER,68.0
2025-08-17,P018,Electric Kettle,Home & Kitchen,32,0,6,26,20,14,Reorder Soon,2025,8,17,6,33,3,1,6.0,5.0,6.0,7.142857142857143,6.733333333333333,7.26,101.64,3.57,105.21,REORDER,79.0
2025-08-18,P018,Electric Kettle,Home & Kitchen,26,0,4,22,20,14,Reorder Soon,2025,8,18,0,34,3,0,6.0,8.0,7.0,7.285714285714286,6.666666666666667,7.42,103.88,3.64,107.52,REORDER,86.0
2025-08-19,P018,Electric Kettle,Home & Kitchen,22,74,6,90,20,14,In Stock,2025,8,19,1,34,3,0,4.0,7.0,9.0,6.714285714285714,6.6,7.15,100.1,3.36,103.46,REORDER,13.0
2025-08-20,P018,Electric Kettle,Home & Kitchen,90,0,6,84,20,14,In Stock,2025,8,20,2,34,3,0,6.0,9.0,7.0,6.571428571428571,6.533333333333333,7.1,99.4,3.29,102.69,REORDER,19.0
2025-08-21,P018,Electric Kettle,Home & Kitchen,84,0,6,78,20,14,In Stock,2025,8,21,3,34,3,0,6.0,6.0,7.0,6.142857142857143,6.533333333333333,6.78,94.92,3.07,97.99,REORDER,20.0
2025-08-22,P018,Electric Kettle,Home & Kitchen,78,0,9,69,20,14,In Stock,2025,8,22,4,34,3,0,6.0,9.0,9.0,6.142857142857143,6.533333333333333,7.2,100.8,3.07,103.87,REORDER,35.0
2025-08-23,P018,Electric Kettle,Home & Kitchen,69,0,8,61,20,14,In Stock,2025,8,23,5,34,3,1,9.0,6.0,6.0,6.142857142857143,6.666666666666667,7.09,99.26,3.07,102.33,REORDER,41.0
2025-08-24,P018,Electric Kettle,Home & Kitchen,61,0,7,54,20,14,In Stock,2025,8,24,6,34,3,1,8.0,6.0,5.0,6.428571428571429,6.766666666666667,7.4,103.6,3.21,106.81,REORDER,53.0
2025-08-25,P018,Electric Kettle,Home & Kitchen,54,0,6,48,20,14,In Stock,2025,8,25,0,35,3,0,7.0,4.0,8.0,6.571428571428571,6.766666666666667,7.13,99.82,3.29,103.11,REORDER,55.0
2025-08-26,P018,Electric Kettle,Home & Kitchen,48,0,8,40,20,14,In Stock,2025,8,26,1,35,3,0,6.0,6.0,7.0,6.857142857142857,6.666666666666667,7.06,98.84,3.43,102.27,REORDER,62.0
2025-08-27,P018,Electric Kettle,Home & Kitchen,40,0,8,32,20,14,In Stock,2025,8,27,2,35,3,0,8.0,6.0,9.0,7.142857142857143,6.733333333333333,6.98,97.72,3.57,101.29,REORDER,69.0
2025-08-28,P018,Electric Kettle,Home & Kitchen,32,0,5,27,20,14,Reorder Soon,2025,8,28,3,35,3,0,8.0,6.0,6.0,7.428571428571429,6.833333333333333,7.42,103.88,3.71,107.59,REORDER,81.0
2025-08-29,P018,Electric Kettle,Home & Kitchen,27,0,5,22,20,14,Reorder Soon,2025,8,29,4,35,3,0,5.0,9.0,9.0,7.285714285714286,6.8,7.36,103.04,3.64,106.68,REORDER,85.0
2025-08-30,P018,Electric Kettle,Home & Kitchen,22,61,9,74,20,14,In Stock,2025,8,30,5,35,3,1,5.0,8.0,6.0,6.714285714285714,6.8,7.28,101.92,3.36,105.28,REORDER,31.0
2025-08-31,P018,Electric Kettle,Home & Kitchen,74,0,5,69,20,14,In Stock,2025,8,31,6,35,3,1,9.0,7.0,6.0,6.857142857142857,6.9,7.26,101.64,3.43,105.07,REORDER,36.0
2025-09-01,P018,Electric Kettle,Home & Kitchen,69,0,7,62,20,14,In Stock,2025,9,1,0,36,3,0,5.0,6.0,4.0,6.571428571428571,6.9,7.42,103.88,3.29,107.17,REORDER,45.0
2025-09-02,P018,Electric Kettle,Home & Kitchen,62,0,6,56,20,14,In Stock,2025,9,2,1,36,3,0,7.0,8.0,6.0,6.714285714285714,6.866666666666666,7.93,111.02,3.36,114.38,REORDER,58.0
2025-09-03,P018,Electric Kettle,Home & Kitchen,56,0,7,49,20,14,In Stock,2025,9,3,2,36,3,0,6.0,8.0,6.0,6.428571428571429,6.866666666666666,7.88,110.32,3.21,113.53,REORDER,65.0
2025-09-04,P018,Electric Kettle,Home & Kitchen,49,0,7,42,20,14,In Stock,2025,9,4,3,36,3,0,7.0,5.0,6.0,6.285714285714286,6.866666666666666,8.12,113.68,3.14,116.82,REORDER,75.0
2025-09-05,P018,Electric Kettle,Home & Kitchen,42,0,10,32,20,14,In Stock,2025,9,5,4,36,3,0,7.0,5.0,9.0,6.571428571428571,6.8,7.92,110.88,3.29,114.17,REORDER,82.0
2025-09-06,P018,Electric Kettle,Home & Kitchen,32,0,8,24,20,14,Reorder Soon,2025,9,6,5,36,3,1,10.0,9.0,8.0,7.285714285714286,6.9,7.64,106.96,3.64,110.6,REORDER,87.0
2025-09-07,P018,Electric Kettle,Home & Kitchen,24,59,9,74,20,14,In Stock,2025,9,7,6,36,3,1,8.0,5.0,7.0,7.142857142857143,6.933333333333334,8.14,113.96,3.57,117.53,REORDER,44.0
2025-09-08,P018,Electric Kettle,Home & Kitchen,74,0,7,67,20,14,In Stock,2025,9,8,0,37,3,0,9.0,7.0,6.0,7.714285714285714,6.933333333333334,7.65,107.1,3.86,110.96,REORDER,44.0
2025-09-09,P018,Electric Kettle,Home & Kitchen,67,0,9,58,20,14,In Stock,2025,9,9,1,37,3,0,7.0,6.0,8.0,7.714285714285714,6.966666666666667,7.42,103.88,3.86,107.74,REORDER,50.0
2025-09-10,P018,Electric Kettle,Home & Kitchen,58,0,9,49,20,14,In Stock,2025,9,10,2,37,3,0,9.0,7.0,8.0,8.142857142857142,7.1,7.68,107.52,4.07,111.59,REORDER,63.0
2025-09-11,P018,Electric Kettle,Home & Kitchen,49,0,7,42,20,14,In Stock,2025,9,11,3,37,3,0,9.0,7.0,5.0,8.428571428571429,7.133333333333334,7.36,103.04,4.21,107.25,REORDER,65.0
2025-09-12,P018,Electric Kettle,Home & Kitchen,42,0,10,32,20,14,In Stock,2025,9,12,4,37,3,0,7.0,10.0,5.0,8.428571428571429,7.133333333333334,7.08,99.12,4.21,103.33,REORDER,71.0
2025-09-13,P018,Electric Kettle,Home & Kitchen,32,0,6,26,20,14,Reorder Soon,2025,9,13,5,37,3,1,10.0,8.0,9.0,8.428571428571429,7.166666666666667,8.14,113.96,4.21,118.17,REORDER,92.0
2025-09-14,P018,Electric Kettle,Home & Kitchen,26,66,7,85,20,14,In Stock,2025,9,14,6,37,3,1,6.0,9.0,5.0,8.142857142857142,7.166666666666667,6.94,97.16,4.07,101.23,REORDER,16.0
2025-09-15,P018,Electric Kettle,Home & Kitchen,85,0,5,80,20,14,In Stock,2025,9,15,0,38,3,0,7.0,7.0,7.0,7.857142857142857,7.1,7.71,107.94,3.93,111.87,REORDER,32.0
2025-09-16,P018,Electric Kettle,Home & Kitchen,80,0,7,73,20,14,In Stock,2025,9,16,1,38,3,0,5.0,9.0,6.0,7.571428571428571,7.066666666666666,7.06,98.84,3.79,102.63,REORDER,30.0
2025-09-17,P018,Electric Kettle,Home & Kitchen,73,0,8,65,20,14,In Stock,2025,9,17,2,38,3,0,7.0,9.0,7.0,7.285714285714286,7.1,7.1,99.4,3.64,103.04,REORDER,38.0
2025-09-18,P018,Electric Kettle,Home & Kitchen,65,0,8,57,20,14,In Stock,2025,9,18,3,38,3,0,8.0,7.0,7.0,7.142857142857143,7.233333333333333,7.46,104.44,3.57,108.01,REORDER,51.0
2025-09-19,P018,Electric Kettle,Home & Kitchen,57,0,8,49,20,14,In Stock,2025,9,19,4,38,3,0,8.0,10.0,10.0,7.285714285714286,7.3,7.5,105.0,3.64,108.64,REORDER,60.0
2025-09-20,P018,Electric Kettle,Home & Kitchen,49,0,5,44,20,14,In Stock,2025,9,20,5,38,3,1,8.0,6.0,8.0,7.0,7.366666666666666,7.42,103.88,3.5,107.38,REORDER,63.0
2025-09-21,P018,Electric Kettle,Home & Kitchen,44,0,8,36,20,14,In Stock,2025,9,21,6,38,3,1,5.0,7.0,9.0,6.857142857142857,7.333333333333333,7.76,108.64,3.43,112.07,REORDER,76.0
2025-09-22,P018,Electric Kettle,Home & Kitchen,36,0,6,30,20,14,Reorder Soon,2025,9,22,0,39,3,0,8.0,5.0,7.0,7.0,7.3,7.33,102.62,3.5,106.12,REORDER,76.0
2025-09-23,P018,Electric Kettle,Home & Kitchen,30,0,8,22,20,14,Reorder Soon,2025,9,23,1,39,3,0,6.0,7.0,9.0,7.142857142857143,7.233333333333333,7.4,103.6,3.57,107.17,REORDER,85.0
2025-09-24,P018,Electric Kettle,Home & Kitchen,22,65,10,77,20,14,In Stock,2025,9,24,2,39,3,0,8.0,8.0,9.0,7.285714285714286,7.266666666666667,6.91,96.74,3.64,100.38,REORDER,23.0
2025-09-25,P018,Electric Kettle,Home & Kitchen,77,0,6,71,20,14,In Stock,2025,9,25,3,39,3,0,10.0,8.0,7.0,7.571428571428571,7.4,7.35,102.9,3.79,106.69,REORDER,36.0
2025-09-26,P018,Electric Kettle,Home & Kitchen,71,0,8,63,20,14,In Stock,2025,9,26,4,39,3,0,6.0,8.0,10.0,7.285714285714286,7.333333333333333,7.64,106.96,3.64,110.6,REORDER,48.0
2025-09-27,P018,Electric Kettle,Home & Kitchen,63,0,8,55,20,14,In Stock,2025,9,27,5,39,3,1,8.0,5.0,6.0,7.285714285714286,7.333333333333333,7.32,102.48,3.64,106.12,REORDER,51.0
2025-09-28,P018,Electric Kettle,Home & Kitchen,55,0,9,46,20,14,In Stock,2025,9,28,6,39,3,1,8.0,8.0,7.0,7.714285714285714,7.433333333333334,7.14,99.96,3.86,103.82,REORDER,58.0
2025-09-29,P018,Electric Kettle,Home & Kitchen,46,0,8,38,20,14,In Stock,2025,9,29,0,40,3,0,9.0,6.0,5.0,7.857142857142857,7.566666666666666,7.08,99.12,3.93,103.05,REORDER,65.0
2025-09-30,P018,Electric Kettle,Home & Kitchen,38,0,7,31,20,14,In Stock,2025,9,30,1,40,3,0,8.0,8.0,7.0,8.142857142857142,7.533333333333333,7.45,104.3,4.07,108.37,REORDER,77.0
2025-10-01,P018,Electric Kettle,Home & Kitchen,31,50,11,70,20,14,In Stock,2025,10,1,2,40,4,0,7.0,10.0,8.0,8.0,7.6,8.31,116.34,4.0,120.34,REORDER,50.0
2025-10-02,P018,Electric Kettle,Home & Kitchen,70,0,8,62,20,14,In Stock,2025,10,2,3,40,4,0,11.0,6.0,8.0,8.142857142857142,7.733333333333333,8.82,123.48,4.07,127.55,REORDER,66.0
2025-10-03,P018,Electric Kettle,Home & Kitchen,62,0,13,49,20,14,In Stock,2025,10,3,4,40,4,0,8.0,8.0,8.0,8.428571428571429,7.8,9.15,128.1,4.21,132.31,REORDER,83.0
2025-10-04,P018,Electric Kettle,Home & Kitchen,49,0,8,41,20,14,In Stock,2025,10,4,5,40,4,1,13.0,8.0,5.0,9.142857142857142,8.0,8.94,125.16,4.57,129.73,REORDER,89.0
2025-10-05,P018,Electric Kettle,Home & Kitchen,41,0,10,31,20,14,In Stock,2025,10,5,6,40,4,1,8.0,9.0,8.0,9.142857142857142,8.033333333333333,9.35,130.9,4.57,135.47,REORDER,104.0
2025-10-06,P018,Electric Kettle,Home & Kitchen,31,0,10,21,20,14,Reorder Soon,2025,10,6,0,41,4,0,10.0,8.0,6.0,9.285714285714286,8.033333333333333,9.32,130.48,4.64,135.12,REORDER,114.0
2025-10-07,P018,Electric Kettle,Home & Kitchen,21,74,10,85,20,14,In Stock,2025,10,7,1,41,4,0,10.0,7.0,8.0,9.571428571428571,8.1,9.04,126.56,4.79,131.35,REORDER,46.0
2025-10-08,P018,Electric Kettle,Home & Kitchen,85,0,11,74,20,14,In Stock,2025,10,8,2,41,4,0,10.0,11.0,10.0,10.0,8.133333333333333,9.14,127.96,5.0,132.96,REORDER,59.0
2025-10-09,P018,Electric Kettle,Home & Kitchen,74,0,8,66,20,14,In Stock,2025,10,9,3,41,4,0,11.0,8.0,6.0,10.0,8.266666666666667,9.24,129.36,5.0,134.36,REORDER,68.0
2025-10-10,P018,Electric Kettle,Home & Kitchen,66,0,10,56,20,14,In Stock,2025,10,10,4,41,4,0,8.0,13.0,8.0,10.0,8.233333333333333,8.86,124.04,5.0,129.04,REORDER,73.0
2025-10-11,P018,Electric Kettle,Home & Kitchen,56,0,11,45,20,14,In Stock,2025,10,11,5,41,4,1,10.0,8.0,8.0,9.571428571428571,8.266666666666667,9.02,126.28,4.79,131.07,REORDER,86.0
2025-10-12,P018,Electric Kettle,Home & Kitchen,45,0,12,33,20,14,In Stock,2025,10,12,6,41,4,1,11.0,10.0,9.0,10.0,8.4,9.02,126.28,5.0,131.28,REORDER,98.0
2025-10-13,P018,Electric Kettle,Home & Kitchen,33,0,9,24,20,14,Reorder Soon,2025,10,13,0,42,4,0,12.0,10.0,8.0,10.285714285714286,8.466666666666667,9.8,137.2,5.14,142.34,REORDER,118.0
2025-10-14,P018,Electric Kettle,Home & Kitchen,24,63,10,77,20,14,In Stock,2025,10,14,1,42,4,0,9.0,10.0,7.0,10.142857142857142,8.566666666666666,9.36,131.04,5.07,136.11,REORDER,59.0
2025-10-15,P018,Electric Kettle,Home & Kitchen,77,0,10,67,20,14,In Stock,2025,10,15,2,42,4,0,10.0,11.0,11.0,10.142857142857142,8.666666666666666,10.15,142.1,5.07,147.17,REORDER,80.0
2025-10-16,P018,Electric Kettle,Home & Kitchen,67,0,10,57,20,14,In Stock,2025,10,16,3,42,4,0,10.0,8.0,8.0,10.0,8.833333333333334,10.48,146.72,5.0,151.72,REORDER,95.0
2025-10-17,P018,Electric Kettle,Home & Kitchen,57,0,10,47,20,14,In Stock,2025,10,17,4,42,4,0,10.0,10.0,13.0,10.285714285714286,8.933333333333334,10.08,141.12,5.14,146.26,REORDER,99.0
2025-10-18,P018,Electric Kettle,Home & Kitchen,47,0,10,37,20,14,In Stock,2025,10,18,5,42,4,1,10.0,11.0,8.0,10.285714285714286,9.0,10.6,148.4,5.14,153.54,REORDER,117.0
2025-10-19,P018,Electric Kettle,Home & Kitchen,37,0,10,27,20,14,Reorder Soon,2025,10,19,6,42,4,1,10.0,12.0,10.0,10.142857142857142,9.066666666666666,10.32,144.48,5.07,149.55,REORDER,123.0
2025-10-20,P018,Electric Kettle,Home & Kitchen,27,61,10,78,20,14,In Stock,2025,10,20,0,43,4,0,10.0,9.0,10.0,9.857142857142858,9.133333333333333,10.32,144.48,4.93,149.41,REORDER,71.0
2025-10-21,P018,Electric Kettle,Home & Kitchen,78,0,8,70,20,14,In Stock,2025,10,21,1,43,4,0,10.0,10.0,10.0,10.0,9.3,10.1,141.4,5.0,146.4,REORDER,76.0
2025-10-22,P018,Electric Kettle,Home & Kitchen,70,0,10,60,20,14,In Stock,2025,10,22,2,43,4,0,8.0,10.0,11.0,9.714285714285714,9.3,10.99,153.86,4.86,158.72,REORDER,99.0
2025-10-23,P018,Electric Kettle,Home & Kitchen,60,0,10,50,20,14,In Stock,2025,10,23,3,43,4,0,10.0,10.0,8.0,9.714285714285714,9.433333333333334,11.36,159.04,4.86,163.9,REORDER,114.0
2025-10-24,P018,Electric Kettle,Home & Kitchen,50,0,8,42,20,14,In Stock,2025,10,24,4,43,4,0,10.0,10.0,10.0,9.714285714285714,9.5,10.4,145.6,4.86,150.46,REORDER,108.0
2025-10-25,P018,Electric Kettle,Home & Kitchen,42,0,11,31,20,14,In Stock,2025,10,25,5,43,4,1,8.0,10.0,11.0,9.428571428571429,9.433333333333334,11.04,154.56,4.71,159.27,REORDER,128.0
2025-10-26,P018,Electric Kettle,Home & Kitchen,31,66,14,83,20,14,In Stock,2025,10,26,6,43,4,1,11.0,10.0,12.0,9.571428571428571,9.6,10.52,147.28,4.79,152.07,REORDER,69.0
2025-10-27,P018,Electric Kettle,Home & Kitchen,83,0,8,75,20,14,In Stock,2025,10,27,0,44,4,0,14.0,10.0,9.0,10.142857142857142,9.8,10.41,145.74,5.07,150.81,REORDER,76.0
2025-10-28,P018,Electric Kettle,Home & Kitchen,75,0,8,67,20,14,In Stock,2025,10,28,1,44,4,0,8.0,8.0,10.0,9.857142857142858,9.8,10.5,147.0,4.93,151.93,REORDER,85.0
2025-10-29,P018,Electric Kettle,Home & Kitchen,67,0,5,62,20,14,In Stock,2025,10,29,2,44,4,0,8.0,10.0,10.0,9.857142857142858,9.766666666666667,10.81,151.34,4.93,156.27,REORDER,94.0
2025-10-30,P018,Electric Kettle,Home & Kitchen,62,0,11,51,20,14,In Stock,2025,10,30,3,44,4,0,5.0,10.0,10.0,9.142857142857142,9.666666666666666,11.3,158.2,4.57,162.77,REORDER,112.0
2025-10-31,P018,Electric Kettle,Home & Kitchen,51,0,16,35,20,14,In Stock,2025,10,31,4,44,4,0,11.0,8.0,10.0,9.285714285714286,9.8,11.62,162.68,4.64,167.32,REORDER,132.0
2025-11-01,P018,Electric Kettle,Home & Kitchen,35,0,12,23,20,14,Reorder Soon,2025,11,1,5,44,4,1,16.0,11.0,10.0,10.428571428571429,9.966666666666669,10.01,140.14,5.21,145.35,REORDER,122.0
2025-11-02,P018,Electric Kettle,Home & Kitchen,23,72,13,82,20,14,In Stock,2025,11,2,6,44,4,1,12.0,14.0,10.0,10.571428571428571,10.1,10.1,141.4,5.29,146.69,REORDER,65.0
2025-11-03,P018,Electric Kettle,Home & Kitchen,82,0,9,73,20,14,In Stock,2025,11,3,0,45,4,0,13.0,8.0,10.0,10.428571428571429,10.1,11.5,161.0,5.21,166.21,REORDER,93.0
2025-11-04,P018,Electric Kettle,Home & Kitchen,73,0,9,64,20,14,In Stock,2025,11,4,1,45,4,0,9.0,8.0,8.0,10.571428571428571,10.133333333333333,10.41,145.74,5.29,151.03,REORDER,87.0
2025-11-05,P018,Electric Kettle,Home & Kitchen,64,0,10,54,20,14,In Stock,2025,11,5,2,45,4,0,9.0,5.0,10.0,10.714285714285714,10.1,10.86,152.04,5.36,157.4,REORDER,103.0
2025-11-06,P018,Electric Kettle,Home & Kitchen,54,0,9,45,20,14,In Stock,2025,11,6,3,45,4,0,10.0,11.0,10.0,11.428571428571429,10.1,11.09,155.26,5.71,160.97,REORDER,116.0
2025-11-07,P018,Electric Kettle,Home & Kitchen,45,0,10,35,20,14,In Stock,2025,11,7,4,45,4,0,9.0,16.0,8.0,11.142857142857142,10.066666666666666,11.46,160.44,5.57,166.01,REORDER,131.0
2025-11-08,P018,Electric Kettle,Home & Kitchen,35,0,11,24,20,14,Reorder Soon,2025,11,8,5,45,4,1,10.0,12.0,11.0,10.285714285714286,10.033333333333331,9.6,134.4,5.14,139.54,REORDER,116.0
2025-11-09,P018,Electric Kettle,Home & Kitchen,24,75,12,87,20,14,In Stock,2025,11,9,6,45,4,1,11.0,13.0,14.0,10.142857142857142,10.133333333333333,10.24,143.36,5.07,148.43,REORDER,61.0
2025-11-10,P018,Electric Kettle,Home & Kitchen,87,0,10,77,20,14,In Stock,2025,11,10,0,46,4,0,12.0,9.0,8.0,10.0,10.2,9.48,132.72,5.0,137.72,REORDER,61.0
2025-11-11,P018,Electric Kettle,Home & Kitchen,77,0,13,64,20,14,In Stock,2025,11,11,1,46,4,0,10.0,9.0,8.0,10.142857142857142,10.166666666666666,10.0,140.0,5.07,145.07,REORDER,81.0
2025-11-12,P018,Electric Kettle,Home & Kitchen,64,0,14,50,20,14,In Stock,2025,11,12,2,46,4,0,13.0,10.0,5.0,10.714285714285714,10.2,10.58,148.12,5.36,153.48,REORDER,103.0
2025-11-13,P018,Electric Kettle,Home & Kitchen,50,0,10,40,20,14,In Stock,2025,11,13,3,46,4,0,14.0,9.0,11.0,11.285714285714286,10.366666666666667,10.92,152.88,5.64,158.52,REORDER,119.0
2025-11-14,P018,Electric Kettle,Home & Kitchen,40,0,10,30,20,14,Reorder Soon,2025,11,14,4,46,4,0,10.0,10.0,16.0,11.428571428571429,10.366666666666667,10.78,150.92,5.71,156.63,REORDER,127.0
2025-11-15,P018,Electric Kettle,Home & Kitchen,30,66,10,86,20,14,In Stock,2025,11,15,5,46,4,1,10.0,11.0,12.0,11.428571428571429,10.366666666666667,10.97,153.58,5.71,159.29,REORDER,73.0
2025-11-16,P018,Electric Kettle,Home & Kitchen,86,0,9,77,20,14,In Stock,2025,11,16,6,46,4,1,10.0,12.0,13.0,11.285714285714286,10.366666666666667,11.3,158.2,5.64,163.84,REORDER,87.0
2025-11-17,P018,Electric Kettle,Home & Kitchen,77,0,10,67,20,14,In Stock,2025,11,17,0,47,4,0,9.0,10.0,9.0,10.857142857142858,10.333333333333334,10.58,148.12,5.43,153.55,REORDER,87.0
2025-11-18,P018,Electric Kettle,Home & Kitchen,67,0,9,58,20,14,In Stock,2025,11,18,1,47,4,0,10.0,13.0,9.0,10.857142857142858,10.333333333333334,10.95,153.3,5.43,158.73,REORDER,101.0
2025-11-19,P018,Electric Kettle,Home & Kitchen,58,0,12,46,20,14,In Stock,2025,11,19,2,47,4,0,9.0,14.0,10.0,10.285714285714286,10.3,9.82,137.48,5.14,142.62,REORDER,97.0
2025-11-20,P018,Electric Kettle,Home & Kitchen,46,0,11,35,20,14,In Stock,2025,11,20,3,47,4,0,12.0,10.0,9.0,10.0,10.366666666666667,10.12,141.68,5.0,146.68,REORDER,112.0
2025-11-21,P018,Electric Kettle,Home & Kitchen,35,0,12,23,20,14,Reorder Soon,2025,11,21,4,47,4,0,11.0,10.0,10.0,10.142857142857142,10.466666666666669,8.94,125.16,5.07,130.23,REORDER,107.0
2025-11-22,P018,Electric Kettle,Home & Kitchen,23,76,10,89,20,14,In Stock,2025,11,22,5,47,4,1,12.0,10.0,11.0,10.428571428571429,10.533333333333331,9.96,139.44,5.21,144.65,REORDER,56.0
2025-11-23,P018,Electric Kettle,Home & Kitchen,89,0,9,80,20,14,In Stock,2025,11,23,6,47,4,1,10.0,9.0,12.0,10.428571428571429,10.533333333333331,10.46,146.44,5.21,151.65,REORDER,72.0
2025-11-24,P018,Electric Kettle,Home & Kitchen,80,0,9,71,20,14,In Stock,2025,11,24,0,48,4,0,9.0,10.0,10.0,10.428571428571429,10.566666666666666,9.95,139.3,5.21,144.51,REORDER,74.0
2025-11-25,P018,Electric Kettle,Home & Kitchen,71,0,8,63,20,14,In Stock,2025,11,25,1,48,4,0,9.0,9.0,13.0,10.285714285714286,10.5,10.19,142.66,5.14,147.8,REORDER,85.0
2025-11-26,P018,Electric Kettle,Home & Kitchen,63,0,9,54,20,14,In Stock,2025,11,26,2,48,4,0,8.0,12.0,14.0,10.142857142857142,10.3,10.25,143.5,5.07,148.57,REORDER,95.0
2025-11-27,P018,Electric Kettle,Home & Kitchen,54,0,8,46,20,14,In Stock,2025,11,27,3,48,4,0,9.0,11.0,10.0,9.714285714285714,10.333333333333334,9.86,138.04,4.86,142.9,REORDER,97.0
2025-11-28,P018,Electric Kettle,Home & Kitchen,46,0,11,35,20,14,In Stock,2025,11,28,4,48,4,0,8.0,12.0,10.0,9.285714285714286,10.333333333333334,10.09,141.26,4.64,145.9,REORDER,111.0
2025-11-29,P018,Electric Kettle,Home & Kitchen,35,0,7,28,20,14,Reorder Soon,2025,11,29,5,48,4,1,11.0,10.0,10.0,9.142857142857142,10.533333333333331,9.74,136.36,4.57,140.93,REORDER,113.0
2025-11-30,P018,Electric Kettle,Home & Kitchen,28,72,11,89,20,14,In Stock,2025,11,30,6,48,4,1,7.0,9.0,9.0,8.714285714285714,10.4,10.42,145.88,4.36,150.24,REORDER,61.0
2025-12-01,P018,Electric Kettle,Home & Kitchen,89,0,8,81,20,14,In Stock,2025,12,1,0,49,4,0,11.0,9.0,10.0,9.0,10.233333333333333,9.98,139.72,4.5,144.22,REORDER,63.0
2025-12-02,P018,Electric Kettle,Home & Kitchen,81,0,10,71,20,14,In Stock,2025,12,2,1,49,4,0,8.0,8.0,9.0,8.857142857142858,10.1,10.1,141.4,4.43,145.83,REORDER,75.0
2025-12-03,P018,Electric Kettle,Home & Kitchen,71,0,9,62,20,14,In Stock,2025,12,3,2,49,4,0,10.0,9.0,12.0,9.142857142857142,10.0,10.15,142.1,4.57,146.67,REORDER,85.0
2025-12-04,P018,Electric Kettle,Home & Kitchen,62,0,11,51,20,14,In Stock,2025,12,4,3,49,4,0,9.0,8.0,11.0,9.142857142857142,10.0,10.26,143.64,4.57,148.21,REORDER,97.0
2025-12-05,P018,Electric Kettle,Home & Kitchen,51,0,8,43,20,14,In Stock,2025,12,5,4,49,4,0,11.0,11.0,12.0,9.571428571428571,10.066666666666666,9.76,136.64,4.79,141.43,REORDER,98.0
2025-12-06,P018,Electric Kettle,Home & Kitchen,43,0,9,34,20,14,In Stock,2025,12,6,5,49,4,1,8.0,7.0,10.0,9.142857142857142,10.0,10.36,145.04,4.57,149.61,REORDER,116.0
2025-12-07,P018,Electric Kettle,Home & Kitchen,34,0,10,24,20,14,Reorder Soon,2025,12,7,6,49,4,1,9.0,11.0,9.0,9.428571428571429,10.0,9.62,134.68,4.71,139.39,REORDER,115.0
2025-12-08,P018,Electric Kettle,Home & Kitchen,24,69,10,83,20,14,In Stock,2025,12,8,0,50,4,0,10.0,8.0,9.0,9.285714285714286,10.0,9.82,137.48,4.64,142.12,REORDER,59.0
2025-12-09,P018,Electric Kettle,Home & Kitchen,83,0,10,73,20,14,In Stock,2025,12,9,1,50,4,0,10.0,10.0,8.0,9.571428571428571,9.966666666666669,9.8,137.2,4.79,141.99,REORDER,69.0
2025-12-10,P018,Electric Kettle,Home & Kitchen,73,0,8,65,20,14,In Stock,2025,12,10,2,50,4,0,10.0,9.0,9.0,9.571428571428571,9.9,10.2,142.8,4.79,147.59,REORDER,83.0
2025-12-11,P018,Electric Kettle,Home & Kitchen,65,0,9,56,20,14,In Stock,2025,12,11,3,50,4,0,8.0,11.0,8.0,9.428571428571429,9.833333333333334,11.06,154.84,4.71,159.55,REORDER,104.0
2025-12-12,P018,Electric Kettle,Home & Kitchen,56,0,9,47,20,14,In Stock,2025,12,12,4,50,4,0,9.0,8.0,11.0,9.142857142857142,9.7,9.93,139.02,4.57,143.59,REORDER,97.0
2025-12-13,P018,Electric Kettle,Home & Kitchen,47,0,10,37,20,14,In Stock,2025,12,13,5,50,4,1,9.0,9.0,7.0,9.285714285714286,9.533333333333331,10.8,151.2,4.64,155.84,REORDER,119.0
2025-12-14,P018,Electric Kettle,Home & Kitchen,37,0,10,27,20,14,Reorder Soon,2025,12,14,6,50,4,1,10.0,10.0,11.0,9.428571428571429,9.533333333333331,9.76,136.64,4.71,141.35,REORDER,114.0
2025-12-15,P018,Electric Kettle,Home & Kitchen,27,61,7,81,20,14,In Stock,2025,12,15,0,51,4,0,10.0,10.0,8.0,9.428571428571429,9.533333333333331,9.51,133.14,4.71,137.85,REORDER,57.0
2025-12-16,P018,Electric Kettle,Home & Kitchen,81,0,10,71,20,14,In Stock,2025,12,16,1,51,4,0,7.0,10.0,10.0,9.0,9.433333333333334,10.18,142.52,4.5,147.02,REORDER,76.0
2025-12-17,P018,Electric Kettle,Home & Kitchen,71,0,10,61,20,14,In Stock,2025,12,17,2,51,4,0,10.0,8.0,9.0,9.0,9.466666666666669,10.22,143.08,4.5,147.58,REORDER,87.0
2025-12-18,P018,Electric Kettle,Home & Kitchen,61,0,10,51,20,14,In Stock,2025,12,18,3,51,4,0,10.0,9.0,11.0,9.285714285714286,9.466666666666669,10.2,142.8,4.64,147.44,REORDER,96.0
2025-12-19,P018,Electric Kettle,Home & Kitchen,51,0,11,40,20,14,In Stock,2025,12,19,4,51,4,0,10.0,9.0,8.0,9.428571428571429,9.5,10.12,141.68,4.71,146.39,REORDER,106.0
2025-12-20,P018,Electric Kettle,Home & Kitchen,40,0,7,33,20,14,In Stock,2025,12,20,5,51,4,1,11.0,10.0,9.0,9.714285714285714,9.466666666666669,10.49,146.86,4.86,151.72,REORDER,119.0
2025-12-21,P018,Electric Kettle,Home & Kitchen,33,0,11,22,20,14,Reorder Soon,2025,12,21,6,51,4,1,7.0,10.0,10.0,9.285714285714286,9.333333333333334,10.12,141.68,4.64,146.32,REORDER,124.0
2025-12-22,P018,Electric Kettle,Home & Kitchen,22,70,13,79,20,14,In Stock,2025,12,22,0,52,4,0,11.0,7.0,10.0,9.428571428571429,9.3,9.54,133.56,4.71,138.27,REORDER,59.0
2025-12-23,P018,Electric Kettle,Home & Kitchen,79,0,8,71,20,14,In Stock,2025,12,23,1,52,4,0,13.0,10.0,10.0,10.285714285714286,9.4,9.82,137.48,5.14,142.62,REORDER,72.0
2025-12-24,P018,Electric Kettle,Home & Kitchen,71,0,12,59,20,14,In Stock,2025,12,24,2,52,4,0,8.0,10.0,8.0,10.0,9.366666666666667,10.58,148.12,5.0,153.12,REORDER,94.0
2025-12-25,P018,Electric Kettle,Home & Kitchen,59,0,12,47,20,14,In Stock,2025,12,25,3,52,4,0,12.0,10.0,9.0,10.285714285714286,9.466666666666669,9.98,139.72,5.14,144.86,REORDER,98.0
2025-12-26,P018,Electric Kettle,Home & Kitchen,47,0,11,36,20,14,In Stock,2025,12,26,4,52,4,0,12.0,11.0,9.0,10.571428571428571,9.6,9.4,131.6,5.29,136.89,REORDER,101.0
2025-12-27,P018,Electric Kettle,Home & Kitchen,36,0,11,25,20,14,Reorder Soon,2025,12,27,5,52,4,1,11.0,7.0,10.0,10.571428571428571,9.666666666666666,9.64,134.96,5.29,140.25,REORDER,115.0
2025-12-28,P018,Electric Kettle,Home & Kitchen,25,69,11,83,20,14,In Stock,2025,12,28,6,52,4,1,11.0,11.0,10.0,11.142857142857142,9.766666666666667,10.27,143.78,5.57,149.35,REORDER,66.0
2025-12-29,P018,Electric Kettle,Home & Kitchen,83,0,8,75,20,14,In Stock,2025,12,29,0,1,4,0,11.0,13.0,7.0,11.142857142857142,9.766666666666667,9.57,133.98,5.57,139.55,REORDER,65.0
2025-12-30,P018,Electric Kettle,Home & Kitchen,75,0,11,64,20,14,In Stock,2025,12,30,1,1,4,0,8.0,8.0,10.0,10.428571428571429,9.8,9.06,126.84,5.21,132.05,REORDER,68.0
2025-12-31,P018,Electric Kettle,Home & Kitchen,64,0,11,53,20,14,In Stock,2025,12,31,2,1,4,0,11.0,12.0,10.0,10.857142857142858,9.8,10.81,151.34,5.43,156.77,REORDER,104.0
2025-08-13,P019,Sticky Notes,Stationery,276,0,53,223,110,4,In Stock,2025,8,13,2,33,3,0,54.0,63.0,50.0,59.0,54.9,51.94,207.76,29.5,237.26,REORDER,14.0
2025-08-14,P019,Sticky Notes,Stationery,223,0,66,157,110,4,Reorder Soon,2025,8,14,3,33,3,0,53.0,50.0,61.0,57.57142857142857,55.266666666666666,53.02,212.08,28.79,240.87,REORDER,84.0
2025-08-15,P019,Sticky Notes,Stationery,157,334,48,443,110,4,In Stock,2025,8,15,4,33,3,0,66.0,57.0,60.0,59.85714285714285,56.13333333333333,50.66,202.64,29.93,232.57,NO REORDER,0.0
2025-08-16,P019,Sticky Notes,Stationery,443,0,55,388,110,4,In Stock,2025,8,16,5,33,3,1,48.0,83.0,60.0,58.57142857142857,56.0,53.48,213.92,29.29,243.21,NO REORDER,0.0
2025-08-17,P019,Sticky Notes,Stationery,388,0,43,345,110,4,In Stock,2025,8,17,6,33,3,1,55.0,57.0,62.0,54.57142857142857,56.2,50.99,203.96,27.29,231.25,NO REORDER,0.0
2025-08-18,P019,Sticky Notes,Stationery,345,0,47,298,110,4,In Stock,2025,8,18,0,34,3,0,43.0,49.0,50.0,52.57142857142857,55.43333333333333,52.08,208.32,26.29,234.61,NO REORDER,0.0
2025-08-19,P019,Sticky Notes,Stationery,298,0,57,241,110,4,In Stock,2025,8,19,1,34,3,0,47.0,54.0,63.0,52.285714285714285,55.56666666666667,51.99,207.96,26.14,234.1,NO REORDER,0.0
2025-08-20,P019,Sticky Notes,Stationery,241,0,50,191,110,4,In Stock,2025,8,20,2,34,3,0,57.0,53.0,63.0,52.71428571428572,55.7,49.14,196.56,26.36,222.92,REORDER,32.0
2025-08-21,P019,Sticky Notes,Stationery,191,0,49,142,110,4,Reorder Soon,2025,8,21,3,34,3,0,50.0,66.0,50.0,52.285714285714285,55.5,53.2,212.8,26.14,238.94,REORDER,97.0
2025-08-22,P019,Sticky Notes,Stationery,142,349,53,438,110,4,In Stock,2025,8,22,4,34,3,0,49.0,48.0,57.0,49.85714285714285,55.46666666666667,54.4,217.6,24.93,242.53,NO REORDER,0.0
2025-08-23,P019,Sticky Notes,Stationery,438,0,47,391,110,4,In Stock,2025,8,23,5,34,3,1,53.0,55.0,83.0,50.57142857142857,55.06666666666667,56.48,225.92,25.29,251.21,NO REORDER,0.0
2025-08-24,P019,Sticky Notes,Stationery,391,0,47,344,110,4,In Stock,2025,8,24,6,34,3,1,47.0,43.0,57.0,49.42857142857143,54.9,56.86,227.44,24.71,252.15,NO REORDER,0.0
2025-08-25,P019,Sticky Notes,Stationery,344,0,42,302,110,4,In Stock,2025,8,25,0,35,3,0,47.0,47.0,49.0,50.0,54.23333333333333,52.02,208.08,25.0,233.08,NO REORDER,0.0
2025-08-26,P019,Sticky Notes,Stationery,302,0,61,241,110,4,In Stock,2025,8,26,1,35,3,0,42.0,57.0,54.0,49.285714285714285,53.96666666666667,55.41,221.64,24.64,246.28,REORDER,5.0
2025-08-27,P019,Sticky Notes,Stationery,241,0,57,184,110,4,In Stock,2025,8,27,2,35,3,0,61.0,50.0,53.0,49.85714285714285,54.73333333333333,53.34,213.36,24.93,238.29,REORDER,54.0
2025-08-28,P019,Sticky Notes,Stationery,184,0,48,136,110,4,Reorder Soon,2025,8,28,3,35,3,0,57.0,49.0,66.0,50.85714285714285,54.7,54.38,217.52,25.43,242.95,REORDER,107.0
2025-08-29,P019,Sticky Notes,Stationery,136,358,54,440,110,4,In Stock,2025,8,29,4,35,3,0,48.0,53.0,48.0,50.71428571428572,54.73333333333333,56.57,226.28,25.36,251.64,NO REORDER,0.0
2025-08-30,P019,Sticky Notes,Stationery,440,0,71,369,110,4,In Stock,2025,8,30,5,35,3,1,54.0,47.0,55.0,50.85714285714285,54.86666666666667,58.3,233.2,25.43,258.63,NO REORDER,0.0
2025-08-31,P019,Sticky Notes,Stationery,369,0,63,306,110,4,In Stock,2025,8,31,6,35,3,1,71.0,47.0,43.0,54.285714285714285,55.2,52.76,211.04,27.14,238.18,NO REORDER,0.0
2025-09-01,P019,Sticky Notes,Stationery,306,0,54,252,110,4,In Stock,2025,9,1,0,36,3,0,63.0,42.0,47.0,56.57142857142857,55.3,55.43,221.72,28.29,250.01,NO REORDER,0.0
2025-09-02,P019,Sticky Notes,Stationery,252,0,66,186,110,4,In Stock,2025,9,2,1,36,3,0,54.0,61.0,57.0,58.285714285714285,55.1,55.32,221.28,29.14,250.42,REORDER,64.0
2025-09-03,P019,Sticky Notes,Stationery,186,0,49,137,110,4,Reorder Soon,2025,9,3,2,36,3,0,66.0,57.0,50.0,59.0,55.23333333333333,51.94,207.76,29.5,237.26,REORDER,100.0
2025-09-04,P019,Sticky Notes,Stationery,137,367,59,445,110,4,In Stock,2025,9,4,3,36,3,0,49.0,48.0,49.0,57.85714285714285,55.2,55.34,221.36,28.93,250.29,NO REORDER,0.0
2025-09-05,P019,Sticky Notes,Stationery,445,0,53,392,110,4,In Stock,2025,9,5,4,36,3,0,59.0,54.0,53.0,59.42857142857143,55.06666666666667,53.2,212.8,29.71,242.51,NO REORDER,0.0
2025-09-06,P019,Sticky Notes,Stationery,392,0,57,335,110,4,In Stock,2025,9,6,5,36,3,1,53.0,71.0,47.0,59.285714285714285,54.73333333333333,53.54,214.16,29.64,243.8,NO REORDER,0.0
2025-09-07,P019,Sticky Notes,Stationery,335,0,48,287,110,4,In Stock,2025,9,7,6,36,3,1,57.0,63.0,47.0,57.285714285714285,54.96666666666667,53.22,212.88,28.64,241.52,NO REORDER,0.0
2025-09-08,P019,Sticky Notes,Stationery,287,0,54,233,110,4,In Stock,2025,9,8,0,37,3,0,48.0,54.0,42.0,55.142857142857146,54.66666666666666,50.96,203.84,27.57,231.41,NO REORDER,0.0
2025-09-09,P019,Sticky Notes,Stationery,233,0,54,179,110,4,In Stock,2025,9,9,1,37,3,0,54.0,66.0,61.0,55.142857142857146,53.7,52.44,209.76,27.57,237.33,REORDER,58.0
2025-09-10,P019,Sticky Notes,Stationery,179,0,44,135,110,4,Reorder Soon,2025,9,10,2,37,3,0,54.0,49.0,57.0,53.42857142857143,53.6,51.42,205.68,26.71,232.39,REORDER,97.0
2025-09-11,P019,Sticky Notes,Stationery,135,355,55,435,110,4,In Stock,2025,9,11,3,37,3,0,44.0,59.0,48.0,52.71428571428572,53.43333333333333,52.28,209.12,26.36,235.48,NO REORDER,0.0
2025-09-12,P019,Sticky Notes,Stationery,435,0,52,383,110,4,In Stock,2025,9,12,4,37,3,0,55.0,53.0,54.0,52.142857142857146,53.46666666666667,52.43,209.72,26.07,235.79,NO REORDER,0.0
2025-09-13,P019,Sticky Notes,Stationery,383,0,53,330,110,4,In Stock,2025,9,13,5,37,3,1,52.0,57.0,71.0,52.0,53.43333333333333,57.34,229.36,26.0,255.36,NO REORDER,0.0
2025-09-14,P019,Sticky Notes,Stationery,330,0,53,277,110,4,In Stock,2025,9,14,6,37,3,1,53.0,48.0,63.0,51.42857142857143,53.0,51.25,205.0,25.71,230.71,NO REORDER,0.0
2025-09-15,P019,Sticky Notes,Stationery,277,0,41,236,110,4,In Stock,2025,9,15,0,38,3,0,53.0,54.0,54.0,52.142857142857146,53.16666666666666,49.84,199.36,26.07,225.43,NO REORDER,0.0
2025-09-16,P019,Sticky Notes,Stationery,236,0,61,175,110,4,In Stock,2025,9,16,1,38,3,0,41.0,54.0,66.0,50.285714285714285,52.7,55.4,221.6,25.14,246.74,REORDER,72.0
2025-09-17,P019,Sticky Notes,Stationery,175,0,47,128,110,4,Reorder Soon,2025,9,17,2,38,3,0,61.0,44.0,49.0,51.285714285714285,53.3,49.76,199.04,25.64,224.68,REORDER,97.0
2025-09-18,P019,Sticky Notes,Stationery,128,367,53,442,110,4,In Stock,2025,9,18,3,38,3,0,47.0,55.0,59.0,51.71428571428572,53.3,50.78,203.12,25.86,228.98,NO REORDER,0.0
2025-09-19,P019,Sticky Notes,Stationery,442,0,52,390,110,4,In Stock,2025,9,19,4,38,3,0,53.0,52.0,53.0,51.42857142857143,53.16666666666666,52.47,209.88,25.71,235.59,NO REORDER,0.0
2025-09-20,P019,Sticky Notes,Stationery,390,0,72,318,110,4,In Stock,2025,9,20,5,38,3,1,52.0,53.0,57.0,51.42857142857143,53.23333333333333,52.46,209.84,25.71,235.55,NO REORDER,0.0
2025-09-21,P019,Sticky Notes,Stationery,318,0,58,260,110,4,In Stock,2025,9,21,6,38,3,1,72.0,53.0,48.0,54.142857142857146,54.0,53.73,214.92,27.07,241.99,NO REORDER,0.0
2025-09-22,P019,Sticky Notes,Stationery,260,0,47,213,110,4,In Stock,2025,9,22,0,39,3,0,58.0,41.0,54.0,54.85714285714285,54.16666666666666,53.96,215.84,27.43,243.27,REORDER,30.0
2025-09-23,P019,Sticky Notes,Stationery,213,0,52,161,110,4,Reorder Soon,2025,9,23,1,39,3,0,47.0,61.0,54.0,55.71428571428572,54.16666666666666,50.48,201.92,27.86,229.78,REORDER,69.0
2025-09-24,P019,Sticky Notes,Stationery,161,329,52,438,110,4,In Stock,2025,9,24,2,39,3,0,52.0,47.0,44.0,54.42857142857143,54.333333333333336,52.76,211.04,27.21,238.25,NO REORDER,0.0
2025-09-25,P019,Sticky Notes,Stationery,438,0,49,389,110,4,In Stock,2025,9,25,3,39,3,0,52.0,53.0,55.0,55.142857142857146,54.66666666666666,52.86,211.44,27.57,239.01,NO REORDER,0.0
2025-09-26,P019,Sticky Notes,Stationery,389,0,41,348,110,4,In Stock,2025,9,26,4,39,3,0,49.0,52.0,52.0,54.57142857142857,54.266666666666666,50.66,202.64,27.29,229.93,NO REORDER,0.0
2025-09-27,P019,Sticky Notes,Stationery,348,0,58,290,110,4,In Stock,2025,9,27,5,39,3,1,41.0,72.0,53.0,53.0,53.73333333333333,61.59,246.36,26.5,272.86,NO REORDER,0.0
2025-09-28,P019,Sticky Notes,Stationery,290,0,25,265,110,4,In Stock,2025,9,28,6,39,3,1,58.0,58.0,53.0,51.0,54.06666666666667,54.45,217.8,25.5,243.3,NO REORDER,0.0
2025-09-29,P019,Sticky Notes,Stationery,265,0,46,219,110,4,In Stock,2025,9,29,0,40,3,0,25.0,47.0,41.0,46.285714285714285,53.1,52.18,208.72,23.14,231.86,REORDER,13.0
2025-09-30,P019,Sticky Notes,Stationery,219,0,44,175,110,4,In Stock,2025,9,30,1,40,3,0,46.0,52.0,61.0,46.142857142857146,52.266666666666666,48.68,194.72,23.07,217.79,REORDER,43.0
2025-10-01,P019,Sticky Notes,Stationery,175,0,46,129,110,4,Reorder Soon,2025,10,1,2,40,4,0,44.0,52.0,47.0,45.0,51.63333333333333,48.74,194.96,22.5,217.46,REORDER,88.0
2025-10-02,P019,Sticky Notes,Stationery,129,371,57,443,110,4,In Stock,2025,10,2,3,40,4,0,46.0,49.0,53.0,44.142857142857146,51.36666666666667,52.91,211.64,22.07,233.71,NO REORDER,0.0
2025-10-03,P019,Sticky Notes,Stationery,443,0,45,398,110,4,In Stock,2025,10,3,4,40,4,0,57.0,41.0,52.0,45.285714285714285,51.06666666666667,49.82,199.28,22.64,221.92,NO REORDER,0.0
2025-10-04,P019,Sticky Notes,Stationery,398,0,51,347,110,4,In Stock,2025,10,4,5,40,4,1,45.0,58.0,72.0,45.85714285714285,50.93333333333333,56.76,227.04,22.93,249.97,NO REORDER,0.0
2025-10-05,P019,Sticky Notes,Stationery,347,0,68,279,110,4,In Stock,2025,10,5,6,40,4,1,51.0,25.0,58.0,44.85714285714285,50.66666666666666,53.22,212.88,22.43,235.31,NO REORDER,0.0
2025-10-06,P019,Sticky Notes,Stationery,279,0,46,233,110,4,In Stock,2025,10,6,0,41,4,0,68.0,46.0,47.0,51.0,51.16666666666666,50.09,200.36,25.5,225.86,NO REORDER,0.0
2025-10-07,P019,Sticky Notes,Stationery,233,0,48,185,110,4,In Stock,2025,10,7,1,41,4,0,46.0,44.0,52.0,51.0,50.8,53.06,212.24,25.5,237.74,REORDER,53.0
2025-10-08,P019,Sticky Notes,Stationery,185,0,49,136,110,4,Reorder Soon,2025,10,8,2,41,4,0,48.0,46.0,52.0,51.57142857142857,50.8,51.93,207.72,25.79,233.51,REORDER,98.0
2025-10-09,P019,Sticky Notes,Stationery,136,347,45,438,110,4,In Stock,2025,10,9,3,41,4,0,49.0,57.0,49.0,52.0,50.63333333333333,52.22,208.88,26.0,234.88,NO REORDER,0.0
2025-10-10,P019,Sticky Notes,Stationery,438,0,48,390,110,4,In Stock,2025,10,10,4,41,4,0,45.0,45.0,41.0,50.285714285714285,50.333333333333336,51.12,204.48,25.14,229.62,NO REORDER,0.0
2025-10-11,P019,Sticky Notes,Stationery,390,0,52,338,110,4,In Stock,2025,10,11,5,41,4,1,48.0,51.0,58.0,50.71428571428572,50.46666666666667,52.03,208.12,25.36,233.48,NO REORDER,0.0
2025-10-12,P019,Sticky Notes,Stationery,338,0,47,291,110,4,In Stock,2025,10,12,6,41,4,1,52.0,68.0,25.0,50.85714285714285,50.36666666666667,53.82,215.28,25.43,240.71,NO REORDER,0.0
2025-10-13,P019,Sticky Notes,Stationery,291,0,35,256,110,4,In Stock,2025,10,13,0,42,4,0,47.0,46.0,46.0,47.85714285714285,50.2,49.44,197.76,23.93,221.69,NO REORDER,0.0
2025-10-14,P019,Sticky Notes,Stationery,256,0,38,218,110,4,In Stock,2025,10,14,1,42,4,0,35.0,48.0,44.0,46.285714285714285,49.6,49.88,199.52,23.14,222.66,REORDER,5.0
2025-10-15,P019,Sticky Notes,Stationery,218,0,48,170,110,4,In Stock,2025,10,15,2,42,4,0,38.0,49.0,46.0,44.85714285714285,49.1,50.67,202.68,22.43,225.11,REORDER,55.0
2025-10-16,P019,Sticky Notes,Stationery,170,339,60,449,110,4,In Stock,2025,10,16,3,42,4,0,48.0,45.0,57.0,44.71428571428572,49.333333333333336,50.31,201.24,22.36,223.6,NO REORDER,0.0
2025-10-17,P019,Sticky Notes,Stationery,449,0,46,403,110,4,In Stock,2025,10,17,4,42,4,0,60.0,48.0,45.0,46.85714285714285,49.3,46.55,186.2,23.43,209.63,NO REORDER,0.0
2025-10-18,P019,Sticky Notes,Stationery,403,0,53,350,110,4,In Stock,2025,10,18,5,42,4,1,46.0,52.0,51.0,46.57142857142857,49.266666666666666,53.76,215.04,23.29,238.33,NO REORDER,0.0
2025-10-19,P019,Sticky Notes,Stationery,350,0,60,290,110,4,In Stock,2025,10,19,6,42,4,1,53.0,47.0,68.0,46.71428571428572,49.266666666666666,54.06,216.24,23.36,239.6,NO REORDER,0.0
2025-10-20,P019,Sticky Notes,Stationery,290,0,52,238,110,4,In Stock,2025,10,20,0,43,4,0,60.0,35.0,46.0,48.57142857142857,49.53333333333333,51.92,207.68,24.29,231.97,NO REORDER,0.0
2025-10-21,P019,Sticky Notes,Stationery,238,0,48,190,110,4,In Stock,2025,10,21,1,43,4,0,52.0,38.0,48.0,51.0,48.86666666666667,50.04,200.16,25.5,225.66,REORDER,36.0
2025-10-22,P019,Sticky Notes,Stationery,190,0,47,143,110,4,Reorder Soon,2025,10,22,2,43,4,0,48.0,48.0,49.0,52.42857142857143,48.53333333333333,50.84,203.36,26.21,229.57,REORDER,87.0
2025-10-23,P019,Sticky Notes,Stationery,143,338,43,438,110,4,In Stock,2025,10,23,3,43,4,0,47.0,60.0,45.0,52.285714285714285,48.53333333333333,48.96,195.84,26.14,221.98,NO REORDER,0.0
2025-10-24,P019,Sticky Notes,Stationery,438,0,54,384,110,4,In Stock,2025,10,24,4,43,4,0,43.0,46.0,48.0,49.85714285714285,48.23333333333333,49.12,196.48,24.93,221.41,NO REORDER,0.0
2025-10-25,P019,Sticky Notes,Stationery,384,0,42,342,110,4,In Stock,2025,10,25,5,43,4,1,54.0,53.0,52.0,51.0,48.3,51.12,204.48,25.5,229.98,NO REORDER,0.0
2025-10-26,P019,Sticky Notes,Stationery,342,0,59,283,110,4,In Stock,2025,10,26,6,43,4,1,42.0,60.0,47.0,49.42857142857143,48.06666666666667,50.4,201.6,24.71,226.31,NO REORDER,0.0
2025-10-27,P019,Sticky Notes,Stationery,283,0,60,223,110,4,In Stock,2025,10,27,0,44,4,0,59.0,52.0,35.0,49.285714285714285,48.66666666666666,49.44,197.76,24.64,222.4,NO REORDER,0.0
2025-10-28,P019,Sticky Notes,Stationery,223,0,53,170,110,4,In Stock,2025,10,28,1,44,4,0,60.0,48.0,38.0,50.42857142857143,48.73333333333333,49.14,196.56,25.21,221.77,REORDER,52.0
2025-10-29,P019,Sticky Notes,Stationery,170,0,47,123,110,4,Reorder Soon,2025,10,29,2,44,4,0,53.0,47.0,48.0,51.142857142857146,49.66666666666666,49.35,197.4,25.57,222.97,REORDER,100.0
2025-10-30,P019,Sticky Notes,Stationery,123,349,40,432,110,4,In Stock,2025,10,30,3,44,4,0,47.0,43.0,60.0,51.142857142857146,49.7,48.82,195.28,25.57,220.85,NO REORDER,0.0
2025-10-31,P019,Sticky Notes,Stationery,432,0,65,367,110,4,In Stock,2025,10,31,4,44,4,0,40.0,54.0,46.0,50.71428571428572,49.56666666666667,53.99,215.96,25.36,241.32,NO REORDER,0.0
2025-11-01,P019,Sticky Notes,Stationery,367,0,57,310,110,4,In Stock,2025,11,1,5,44,4,1,65.0,42.0,53.0,52.285714285714285,50.2,54.18,216.72,26.14,242.86,NO REORDER,0.0
2025-11-02,P019,Sticky Notes,Stationery,310,0,37,273,110,4,In Stock,2025,11,2,6,44,4,1,57.0,59.0,60.0,54.42857142857143,50.2,52.77,211.08,27.21,238.29,NO REORDER,0.0
2025-11-03,P019,Sticky Notes,Stationery,273,0,41,232,110,4,In Stock,2025,11,3,0,45,4,0,37.0,60.0,52.0,51.285714285714285,49.93333333333333,51.76,207.04,25.64,232.68,REORDER,1.0
2025-11-04,P019,Sticky Notes,Stationery,232,0,38,194,110,4,In Stock,2025,11,4,1,45,4,0,41.0,53.0,48.0,48.57142857142857,49.6,51.4,205.6,24.29,229.89,REORDER,36.0
2025-11-05,P019,Sticky Notes,Stationery,194,0,42,152,110,4,Reorder Soon,2025,11,5,2,45,4,0,38.0,47.0,47.0,46.42857142857143,48.6,52.0,208.0,23.21,231.21,REORDER,79.0
2025-11-06,P019,Sticky Notes,Stationery,152,341,53,440,110,4,In Stock,2025,11,6,3,45,4,0,42.0,40.0,43.0,45.71428571428572,48.46666666666667,50.03,200.12,22.86,222.98,NO REORDER,0.0
2025-11-07,P019,Sticky Notes,Stationery,440,0,65,375,110,4,In Stock,2025,11,7,4,45,4,0,53.0,65.0,54.0,47.57142857142857,48.63333333333333,54.51,218.04,23.79,241.83,NO REORDER,0.0
2025-11-08,P019,Sticky Notes,Stationery,375,0,52,323,110,4,In Stock,2025,11,8,5,45,4,1,65.0,57.0,42.0,47.57142857142857,49.16666666666666,50.48,201.92,23.79,225.71,NO REORDER,0.0
2025-11-09,P019,Sticky Notes,Stationery,323,0,63,260,110,4,In Stock,2025,11,9,6,45,4,1,52.0,37.0,59.0,46.85714285714285,49.4,51.04,204.16,23.43,227.59,NO REORDER,0.0
2025-11-10,P019,Sticky Notes,Stationery,260,0,42,218,110,4,In Stock,2025,11,10,0,46,4,0,63.0,41.0,60.0,50.57142857142857,49.9,51.68,206.72,25.29,232.01,REORDER,14.0
2025-11-11,P019,Sticky Notes,Stationery,218,0,49,169,110,4,In Stock,2025,11,11,1,46,4,0,42.0,38.0,53.0,50.71428571428572,49.56666666666667,51.62,206.48,25.36,231.84,REORDER,63.0
2025-11-12,P019,Sticky Notes,Stationery,169,0,53,116,110,4,Reorder Soon,2025,11,12,2,46,4,0,49.0,42.0,47.0,52.285714285714285,49.63333333333333,51.44,205.76,26.14,231.9,REORDER,116.0
2025-11-13,P019,Sticky Notes,Stationery,116,363,44,435,110,4,In Stock,2025,11,13,3,46,4,0,53.0,53.0,40.0,53.85714285714285,50.23333333333333,48.14,192.56,26.93,219.49,NO REORDER,0.0
2025-11-14,P019,Sticky Notes,Stationery,435,0,39,396,110,4,In Stock,2025,11,14,4,46,4,0,44.0,65.0,65.0,52.57142857142857,50.43333333333333,51.06,204.24,26.29,230.53,NO REORDER,0.0
2025-11-15,P019,Sticky Notes,Stationery,396,0,46,350,110,4,In Stock,2025,11,15,5,46,4,1,39.0,52.0,57.0,48.85714285714285,50.13333333333333,52.82,211.28,24.43,235.71,NO REORDER,0.0
2025-11-16,P019,Sticky Notes,Stationery,350,0,73,277,110,4,In Stock,2025,11,16,6,46,4,1,46.0,63.0,37.0,48.0,49.66666666666666,51.88,207.52,24.0,231.52,NO REORDER,0.0
2025-11-17,P019,Sticky Notes,Stationery,277,0,42,235,110,4,In Stock,2025,11,17,0,47,4,0,73.0,42.0,41.0,49.42857142857143,50.56666666666667,51.69,206.76,24.71,231.47,NO REORDER,0.0
2025-11-18,P019,Sticky Notes,Stationery,235,0,46,189,110,4,In Stock,2025,11,18,1,47,4,0,42.0,49.0,38.0,49.42857142857143,50.2,51.26,205.04,24.71,229.75,REORDER,41.0
2025-11-19,P019,Sticky Notes,Stationery,189,0,58,131,110,4,Reorder Soon,2025,11,19,2,47,4,0,46.0,53.0,42.0,49.0,49.73333333333333,51.24,204.96,24.5,229.46,REORDER,98.0
2025-11-20,P019,Sticky Notes,Stationery,131,352,44,439,110,4,In Stock,2025,11,20,3,47,4,0,58.0,44.0,53.0,49.71428571428572,49.93333333333333,49.06,196.24,24.86,221.1,NO REORDER,0.0
2025-11-21,P019,Sticky Notes,Stationery,439,0,61,378,110,4,In Stock,2025,11,21,4,47,4,0,44.0,39.0,65.0,49.71428571428572,49.8,51.86,207.44,24.86,232.3,NO REORDER,0.0
2025-11-22,P019,Sticky Notes,Stationery,378,0,51,327,110,4,In Stock,2025,11,22,5,47,4,1,61.0,46.0,52.0,52.85714285714285,50.266666666666666,54.02,216.08,26.43,242.51,NO REORDER,0.0
2025-11-23,P019,Sticky Notes,Stationery,327,0,53,274,110,4,In Stock,2025,11,23,6,47,4,1,51.0,73.0,63.0,53.57142857142857,50.53333333333333,55.71,222.84,26.79,249.63,NO REORDER,0.0
2025-11-24,P019,Sticky Notes,Stationery,274,0,43,231,110,4,In Stock,2025,11,24,0,48,4,0,53.0,42.0,42.0,50.71428571428572,50.5,52.08,208.32,25.36,233.68,REORDER,3.0
2025-11-25,P019,Sticky Notes,Stationery,231,0,54,177,110,4,In Stock,2025,11,25,1,48,4,0,43.0,46.0,49.0,50.85714285714285,50.53333333333333,50.45,201.8,25.43,227.23,REORDER,50.0
2025-11-26,P019,Sticky Notes,Stationery,177,0,37,140,110,4,Reorder Soon,2025,11,26,2,48,4,0,54.0,58.0,53.0,52.0,50.36666666666667,51.97,207.88,26.0,233.88,REORDER,94.0
2025-11-27,P019,Sticky Notes,Stationery,140,356,47,449,110,4,In Stock,2025,11,27,3,48,4,0,37.0,44.0,44.0,49.0,49.6,49.08,196.32,24.5,220.82,NO REORDER,0.0
2025-11-28,P019,Sticky Notes,Stationery,449,0,43,406,110,4,In Stock,2025,11,28,4,48,4,0,47.0,61.0,39.0,49.42857142857143,49.4,45.56,182.24,24.71,206.95,NO REORDER,0.0
2025-11-29,P019,Sticky Notes,Stationery,406,0,41,365,110,4,In Stock,2025,11,29,5,48,4,1,43.0,51.0,46.0,46.85714285714285,49.266666666666666,47.99,191.96,23.43,215.39,NO REORDER,0.0
2025-11-30,P019,Sticky Notes,Stationery,365,0,56,309,110,4,In Stock,2025,11,30,6,48,4,1,41.0,53.0,73.0,45.42857142857143,49.3,54.24,216.96,22.71,239.67,NO REORDER,0.0
2025-12-01,P019,Sticky Notes,Stationery,309,0,47,262,110,4,In Stock,2025,12,1,0,49,4,0,56.0,43.0,42.0,45.85714285714285,49.0,51.33,205.32,22.93,228.25,NO REORDER,0.0
2025-12-02,P019,Sticky Notes,Stationery,262,0,49,213,110,4,In Stock,2025,12,2,1,49,4,0,47.0,54.0,46.0,46.42857142857143,48.66666666666666,51.4,205.6,23.21,228.81,REORDER,16.0
2025-12-03,P019,Sticky Notes,Stationery,213,324,105,432,110,4,In Stock,2025,12,3,2,49,4,0,49.0,37.0,58.0,45.71428571428572,49.06666666666667,50.18,200.72,22.86,223.58,NO REORDER,0.0
2025-12-04,P019,Sticky Notes,Stationery,432,0,44,388,110,4,In Stock,2025,12,4,3,49,4,0,105.0,47.0,44.0,55.42857142857143,51.2,46.64,186.56,27.71,214.27,NO REORDER,0.0
2025-12-05,P019,Sticky Notes,Stationery,388,0,55,333,110,4,In Stock,2025,12,5,4,49,4,0,44.0,43.0,61.0,55.0,51.4,55.88,223.52,27.5,251.02,NO REORDER,0.0
2025-12-06,P019,Sticky Notes,Stationery,333,0,53,280,110,4,In Stock,2025,12,6,5,49,4,1,55.0,41.0,51.0,56.71428571428572,51.833333333333336,54.14,216.56,28.36,244.92,NO REORDER,0.0
2025-12-07,P019,Sticky Notes,Stationery,280,0,63,217,110,4,In Stock,2025,12,7,6,49,4,1,53.0,56.0,53.0,58.42857142857143,51.833333333333336,54.18,216.72,29.21,245.93,REORDER,29.0
2025-12-08,P019,Sticky Notes,Stationery,217,0,44,173,110,4,In Stock,2025,12,8,0,50,4,0,63.0,47.0,43.0,59.42857142857143,51.766666666666666,51.87,207.48,29.71,237.19,REORDER,64.0
2025-12-09,P019,Sticky Notes,Stationery,173,0,44,129,110,4,Reorder Soon,2025,12,9,1,50,4,0,44.0,49.0,54.0,59.0,51.5,51.08,204.32,29.5,233.82,REORDER,105.0
2025-12-10,P019,Sticky Notes,Stationery,129,354,53,430,110,4,In Stock,2025,12,10,2,50,4,0,44.0,105.0,37.0,58.285714285714285,50.86666666666667,49.27,197.08,29.14,226.22,NO REORDER,0.0
2025-12-11,P019,Sticky Notes,Stationery,430,0,61,369,110,4,In Stock,2025,12,11,3,50,4,0,53.0,44.0,47.0,50.85714285714285,51.23333333333333,52.32,209.28,25.43,234.71,NO REORDER,0.0
2025-12-12,P019,Sticky Notes,Stationery,369,0,45,324,110,4,In Stock,2025,12,12,4,50,4,0,61.0,55.0,43.0,53.285714285714285,51.63333333333333,50.8,203.2,26.64,229.84,NO REORDER,0.0
2025-12-13,P019,Sticky Notes,Stationery,324,0,34,290,110,4,In Stock,2025,12,13,5,50,4,1,45.0,53.0,41.0,51.85714285714285,51.36666666666667,49.84,199.36,25.93,225.29,NO REORDER,0.0
2025-12-14,P019,Sticky Notes,Stationery,290,0,42,248,110,4,In Stock,2025,12,14,6,50,4,1,34.0,63.0,56.0,49.142857142857146,51.03333333333333,52.66,210.64,24.57,235.21,NO REORDER,0.0
2025-12-15,P019,Sticky Notes,Stationery,248,0,59,189,110,4,In Stock,2025,12,15,0,51,4,0,42.0,44.0,47.0,46.142857142857146,51.13333333333333,54.12,216.48,23.07,239.55,REORDER,51.0
2025-12-16,P019,Sticky Notes,Stationery,189,0,47,142,110,4,Reorder Soon,2025,12,16,1,51,4,0,59.0,44.0,49.0,48.285714285714285,51.56666666666667,51.22,204.88,24.14,229.02,REORDER,87.0
2025-12-17,P019,Sticky Notes,Stationery,142,357,63,436,110,4,In Stock,2025,12,17,2,51,4,0,47.0,53.0,105.0,48.71428571428572,50.7,54.06,216.24,24.36,240.6,NO REORDER,0.0
2025-12-18,P019,Sticky Notes,Stationery,436,0,41,395,110,4,In Stock,2025,12,18,3,51,4,0,63.0,61.0,44.0,50.142857142857146,51.4,47.04,188.16,25.07,213.23,NO REORDER,0.0
2025-12-19,P019,Sticky Notes,Stationery,395,0,53,342,110,4,In Stock,2025,12,19,4,51,4,0,41.0,45.0,55.0,47.285714285714285,51.23333333333333,52.62,210.48,23.64,234.12,NO REORDER,0.0
2025-12-20,P019,Sticky Notes,Stationery,342,0,56,286,110,4,In Stock,2025,12,20,5,51,4,1,53.0,34.0,53.0,48.42857142857143,51.06666666666667,54.5,218.0,24.21,242.21,NO REORDER,0.0
2025-12-21,P019,Sticky Notes,Stationery,286,0,41,245,110,4,In Stock,2025,12,21,6,51,4,1,56.0,42.0,63.0,51.57142857142857,51.46666666666667,53.29,213.16,25.79,238.95,NO REORDER,0.0
2025-12-22,P019,Sticky Notes,Stationery,245,0,39,206,110,4,In Stock,2025,12,22,0,52,4,0,41.0,59.0,44.0,51.42857142857143,50.8,51.33,205.32,25.71,231.03,REORDER,25.0
2025-12-23,P019,Sticky Notes,Stationery,206,0,48,158,110,4,Reorder Soon,2025,12,23,1,52,4,0,39.0,47.0,44.0,48.57142857142857,50.4,52.24,208.96,24.29,233.25,REORDER,75.0
2025-12-24,P019,Sticky Notes,Stationery,158,335,54,439,110,4,In Stock,2025,12,24,2,52,4,0,48.0,63.0,53.0,48.71428571428572,50.23333333333333,48.76,195.04,24.36,219.4,NO REORDER,0.0
2025-12-25,P019,Sticky Notes,Stationery,439,0,62,377,110,4,In Stock,2025,12,25,3,52,4,0,54.0,41.0,61.0,47.42857142857143,50.6,54.84,219.36,23.71,243.07,NO REORDER,0.0
2025-12-26,P019,Sticky Notes,Stationery,377,0,49,328,110,4,In Stock,2025,12,26,4,52,4,0,62.0,53.0,45.0,50.42857142857143,50.86666666666667,51.49,205.96,25.21,231.17,NO REORDER,0.0
2025-12-27,P019,Sticky Notes,Stationery,328,0,51,277,110,4,In Stock,2025,12,27,5,52,4,1,49.0,56.0,34.0,49.85714285714285,51.266666666666666,49.51,198.04,24.93,222.97,NO REORDER,0.0
2025-12-28,P019,Sticky Notes,Stationery,277,0,37,240,110,4,In Stock,2025,12,28,6,52,4,1,51.0,41.0,42.0,49.142857142857146,51.4,52.65,210.6,24.57,235.17,NO REORDER,0.0
2025-12-29,P019,Sticky Notes,Stationery,240,0,43,197,110,4,In Stock,2025,12,29,0,1,4,0,37.0,39.0,59.0,48.57142857142857,51.2,53.7,214.8,24.29,239.09,REORDER,42.0
2025-12-30,P019,Sticky Notes,Stationery,197,0,38,159,110,4,Reorder Soon,2025,12,30,1,1,4,0,43.0,48.0,47.0,49.142857142857146,51.266666666666666,51.51,206.04,24.57,230.61,REORDER,72.0
2025-12-31,P019,Sticky Notes,Stationery,159,326,53,432,110,4,In Stock,2025,12,31,2,1,4,0,38.0,54.0,63.0,47.71428571428572,50.66666666666666,49.78,199.12,23.86,222.98,NO REORDER,0.0
2025-08-13,P020,Toothbrush Pack,Personal Care,190,0,87,103,95,5,Reorder Soon,2025,8,13,2,33,3,0,36.0,46.0,37.0,47.42857142857143,46.73333333333333,45.47,227.35,23.71,251.06,REORDER,148.0
2025-08-14,P020,Toothbrush Pack,Personal Care,103,410,46,467,95,5,In Stock,2025,8,14,3,33,3,0,87.0,50.0,59.0,53.285714285714285,47.833333333333336,48.48,242.4,26.64,269.04,NO REORDER,0.0
2025-08-15,P020,Toothbrush Pack,Personal Care,467,0,59,408,95,5,In Stock,2025,8,15,4,33,3,0,46.0,56.0,35.0,52.71428571428572,47.9,45.12,225.6,26.36,251.96,NO REORDER,0.0
2025-08-16,P020,Toothbrush Pack,Personal Care,408,0,36,372,95,5,In Stock,2025,8,16,5,33,3,1,59.0,42.0,57.0,53.142857142857146,48.8,45.98,229.9,26.57,256.47,NO REORDER,0.0
2025-08-17,P020,Toothbrush Pack,Personal Care,372,0,49,323,95,5,In Stock,2025,8,17,6,33,3,1,36.0,50.0,45.0,52.285714285714285,48.63333333333333,48.64,243.2,26.14,269.34,NO REORDER,0.0
2025-08-18,P020,Toothbrush Pack,Personal Care,323,0,52,271,95,5,In Stock,2025,8,18,0,34,3,0,49.0,52.0,50.0,52.142857142857146,48.36666666666667,49.58,247.9,26.07,273.97,REORDER,3.0
2025-08-19,P020,Toothbrush Pack,Personal Care,271,0,43,228,95,5,In Stock,2025,8,19,1,34,3,0,52.0,36.0,50.0,52.142857142857146,48.2,47.31,236.55,26.07,262.62,REORDER,35.0
2025-08-20,P020,Toothbrush Pack,Personal Care,228,0,31,197,95,5,In Stock,2025,8,20,2,34,3,0,43.0,87.0,46.0,53.142857142857146,48.43333333333333,46.68,233.4,26.57,259.97,REORDER,63.0
2025-08-21,P020,Toothbrush Pack,Personal Care,197,0,46,151,95,5,In Stock,2025,8,21,3,34,3,0,31.0,46.0,50.0,45.142857142857146,48.43333333333333,47.44,237.2,22.57,259.77,REORDER,109.0
2025-08-22,P020,Toothbrush Pack,Personal Care,151,0,37,114,95,5,Reorder Soon,2025,8,22,4,34,3,0,46.0,59.0,56.0,45.142857142857146,48.56666666666667,47.59,237.95,22.57,260.52,REORDER,147.0
2025-08-23,P020,Toothbrush Pack,Personal Care,114,410,58,466,95,5,In Stock,2025,8,23,5,34,3,1,37.0,36.0,42.0,42.0,47.8,47.29,236.45,21.0,257.45,NO REORDER,0.0
2025-08-24,P020,Toothbrush Pack,Personal Care,466,0,39,427,95,5,In Stock,2025,8,24,6,34,3,1,58.0,49.0,50.0,45.142857142857146,48.06666666666667,46.16,230.8,22.57,253.37,NO REORDER,0.0
2025-08-25,P020,Toothbrush Pack,Personal Care,427,0,40,387,95,5,In Stock,2025,8,25,0,35,3,0,39.0,52.0,52.0,43.71428571428572,47.833333333333336,46.62,233.1,21.86,254.96,NO REORDER,0.0
2025-08-26,P020,Toothbrush Pack,Personal Care,387,0,44,343,95,5,In Stock,2025,8,26,1,35,3,0,40.0,43.0,36.0,42.0,47.3,45.46,227.3,21.0,248.3,NO REORDER,0.0
2025-08-27,P020,Toothbrush Pack,Personal Care,343,0,57,286,95,5,In Stock,2025,8,27,2,35,3,0,44.0,31.0,87.0,42.142857142857146,47.0,46.28,231.4,21.07,252.47,NO REORDER,0.0
2025-08-28,P020,Toothbrush Pack,Personal Care,286,0,38,248,95,5,In Stock,2025,8,28,3,35,3,0,57.0,46.0,46.0,45.85714285714285,47.333333333333336,46.95,234.75,22.93,257.68,REORDER,10.0
2025-08-29,P020,Toothbrush Pack,Personal Care,248,0,45,203,95,5,In Stock,2025,8,29,4,35,3,0,38.0,37.0,59.0,44.71428571428572,47.56666666666667,48.73,243.65,22.36,266.01,REORDER,63.0
2025-08-30,P020,Toothbrush Pack,Personal Care,203,0,41,162,95,5,In Stock,2025,8,30,5,35,3,1,45.0,58.0,36.0,45.85714285714285,47.833333333333336,46.18,230.9,22.93,253.83,REORDER,92.0
2025-08-31,P020,Toothbrush Pack,Personal Care,162,0,41,121,95,5,Reorder Soon,2025,8,31,6,35,3,1,41.0,39.0,49.0,43.42857142857143,47.23333333333333,50.14,250.7,21.71,272.41,REORDER,151.0
2025-09-01,P020,Toothbrush Pack,Personal Care,121,419,71,469,95,5,In Stock,2025,9,1,0,36,3,0,41.0,40.0,52.0,43.71428571428572,47.43333333333333,45.41,227.05,21.86,248.91,NO REORDER,0.0
2025-09-02,P020,Toothbrush Pack,Personal Care,469,0,46,423,95,5,In Stock,2025,9,2,1,36,3,0,71.0,44.0,43.0,48.142857142857146,47.9,42.03,210.15,24.07,234.22,NO REORDER,0.0
2025-09-03,P020,Toothbrush Pack,Personal Care,423,0,46,377,95,5,In Stock,2025,9,3,2,36,3,0,46.0,57.0,31.0,48.42857142857143,47.93333333333333,44.26,221.3,24.21,245.51,NO REORDER,0.0
2025-09-04,P020,Toothbrush Pack,Personal Care,377,0,60,317,95,5,In Stock,2025,9,4,3,36,3,0,46.0,38.0,46.0,46.85714285714285,47.8,48.1,240.5,23.43,263.93,NO REORDER,0.0
2025-09-05,P020,Toothbrush Pack,Personal Care,317,0,40,277,95,5,In Stock,2025,9,5,4,36,3,0,60.0,45.0,37.0,50.0,48.13333333333333,43.32,216.6,25.0,241.6,NO REORDER,0.0
2025-09-06,P020,Toothbrush Pack,Personal Care,277,0,44,233,95,5,In Stock,2025,9,6,5,36,3,1,40.0,41.0,58.0,49.285714285714285,47.93333333333333,45.76,228.8,24.64,253.44,REORDER,20.0
2025-09-07,P020,Toothbrush Pack,Personal Care,233,0,49,184,95,5,In Stock,2025,9,7,6,36,3,1,44.0,41.0,39.0,49.71428571428572,47.73333333333333,44.8,224.0,24.86,248.86,REORDER,65.0
2025-09-08,P020,Toothbrush Pack,Personal Care,184,0,45,139,95,5,Reorder Soon,2025,9,8,0,37,3,0,49.0,71.0,40.0,50.85714285714285,47.5,45.7,228.5,25.43,253.93,REORDER,115.0
2025-09-09,P020,Toothbrush Pack,Personal Care,139,384,48,475,95,5,In Stock,2025,9,9,1,37,3,0,45.0,46.0,44.0,47.142857142857146,47.6,44.72,223.6,23.57,247.17,NO REORDER,0.0
2025-09-10,P020,Toothbrush Pack,Personal Care,475,0,48,427,95,5,In Stock,2025,9,10,2,37,3,0,48.0,46.0,57.0,47.42857142857143,47.53333333333333,47.85,239.25,23.71,262.96,NO REORDER,0.0
2025-09-11,P020,Toothbrush Pack,Personal Care,427,0,34,393,95,5,In Stock,2025,9,11,3,37,3,0,48.0,60.0,38.0,47.71428571428572,47.4,44.54,222.7,23.86,246.56,NO REORDER,0.0
2025-09-12,P020,Toothbrush Pack,Personal Care,393,0,37,356,95,5,In Stock,2025,9,12,4,37,3,0,34.0,40.0,45.0,44.0,47.333333333333336,44.67,223.35,22.0,245.35,NO REORDER,0.0
2025-09-13,P020,Toothbrush Pack,Personal Care,356,0,50,306,95,5,In Stock,2025,9,13,5,37,3,1,37.0,44.0,41.0,43.57142857142857,45.66666666666666,44.88,224.4,21.79,246.19,NO REORDER,0.0
2025-09-14,P020,Toothbrush Pack,Personal Care,306,0,54,252,95,5,In Stock,2025,9,14,6,37,3,1,50.0,49.0,41.0,44.42857142857143,45.8,46.41,232.05,22.21,254.26,REORDER,2.0
2025-09-15,P020,Toothbrush Pack,Personal Care,252,0,42,210,95,5,In Stock,2025,9,15,0,38,3,0,54.0,45.0,71.0,45.142857142857146,45.63333333333333,44.34,221.7,22.57,244.27,REORDER,34.0
2025-09-16,P020,Toothbrush Pack,Personal Care,210,0,54,156,95,5,In Stock,2025,9,16,1,38,3,0,42.0,48.0,46.0,44.71428571428572,45.833333333333336,44.2,221.0,22.36,243.36,REORDER,87.0
2025-09-17,P020,Toothbrush Pack,Personal Care,156,0,48,108,95,5,Reorder Soon,2025,9,17,2,38,3,0,54.0,48.0,46.0,45.57142857142857,46.0,46.9,234.5,22.79,257.29,REORDER,149.0
2025-09-18,P020,Toothbrush Pack,Personal Care,108,393,32,469,95,5,In Stock,2025,9,18,3,38,3,0,48.0,34.0,60.0,45.57142857142857,45.86666666666667,46.07,230.35,22.79,253.14,NO REORDER,0.0
2025-09-19,P020,Toothbrush Pack,Personal Care,469,0,48,421,95,5,In Stock,2025,9,19,4,38,3,0,32.0,37.0,40.0,45.285714285714285,45.5,44.38,221.9,22.64,244.54,NO REORDER,0.0
2025-09-20,P020,Toothbrush Pack,Personal Care,421,0,54,367,95,5,In Stock,2025,9,20,5,38,3,1,48.0,50.0,44.0,46.85714285714285,46.06666666666667,45.45,227.25,23.43,250.68,NO REORDER,0.0
2025-09-21,P020,Toothbrush Pack,Personal Care,367,0,41,326,95,5,In Stock,2025,9,21,6,38,3,1,54.0,54.0,49.0,47.42857142857143,46.333333333333336,46.92,234.6,23.71,258.31,NO REORDER,0.0
2025-09-22,P020,Toothbrush Pack,Personal Care,326,0,41,285,95,5,In Stock,2025,9,22,0,39,3,0,41.0,42.0,45.0,45.57142857142857,46.46666666666667,45.8,229.0,22.79,251.79,NO REORDER,0.0
2025-09-23,P020,Toothbrush Pack,Personal Care,285,0,40,245,95,5,In Stock,2025,9,23,1,39,3,0,41.0,54.0,48.0,45.42857142857143,45.9,45.32,226.6,22.71,249.31,REORDER,4.0
2025-09-24,P020,Toothbrush Pack,Personal Care,245,0,49,196,95,5,In Stock,2025,9,24,2,39,3,0,40.0,48.0,48.0,43.42857142857143,45.93333333333333,46.13,230.65,21.71,252.36,REORDER,56.0
2025-09-25,P020,Toothbrush Pack,Personal Care,196,0,48,148,95,5,In Stock,2025,9,25,3,39,3,0,49.0,32.0,34.0,43.57142857142857,46.23333333333333,46.44,232.2,21.79,253.99,REORDER,106.0
2025-09-26,P020,Toothbrush Pack,Personal Care,148,0,40,108,95,5,Reorder Soon,2025,9,26,4,39,3,0,48.0,48.0,37.0,45.85714285714285,46.36666666666667,45.13,225.65,22.93,248.58,REORDER,141.0
2025-09-27,P020,Toothbrush Pack,Personal Care,108,411,48,471,95,5,In Stock,2025,9,27,5,39,3,1,40.0,54.0,50.0,44.71428571428572,45.8,49.16,245.8,22.36,268.16,NO REORDER,0.0
2025-09-28,P020,Toothbrush Pack,Personal Care,471,0,48,423,95,5,In Stock,2025,9,28,6,39,3,1,48.0,41.0,54.0,43.85714285714285,46.13333333333333,49.7,248.5,21.93,270.43,NO REORDER,0.0
2025-09-29,P020,Toothbrush Pack,Personal Care,423,0,48,375,95,5,In Stock,2025,9,29,0,40,3,0,48.0,41.0,42.0,44.85714285714285,46.23333333333333,44.61,223.05,22.43,245.48,NO REORDER,0.0
2025-09-30,P020,Toothbrush Pack,Personal Care,375,0,43,332,95,5,In Stock,2025,9,30,1,40,3,0,48.0,40.0,54.0,45.85714285714285,46.46666666666667,48.9,244.5,22.93,267.43,NO REORDER,0.0
2025-10-01,P020,Toothbrush Pack,Personal Care,332,0,54,278,95,5,In Stock,2025,10,1,2,40,4,0,43.0,49.0,48.0,46.285714285714285,46.53333333333333,43.14,215.7,23.14,238.84,NO REORDER,0.0
2025-10-02,P020,Toothbrush Pack,Personal Care,278,0,48,230,95,5,In Stock,2025,10,2,3,40,4,0,54.0,48.0,32.0,47.0,45.96666666666667,42.32,211.6,23.5,235.1,REORDER,5.0
2025-10-03,P020,Toothbrush Pack,Personal Care,230,0,54,176,95,5,In Stock,2025,10,3,4,40,4,0,48.0,40.0,48.0,47.0,46.03333333333333,44.58,222.9,23.5,246.4,REORDER,70.0
2025-10-04,P020,Toothbrush Pack,Personal Care,176,0,51,125,95,5,Reorder Soon,2025,10,4,5,40,4,1,54.0,48.0,54.0,49.0,46.3,49.72,248.6,24.5,273.1,REORDER,148.0
2025-10-05,P020,Toothbrush Pack,Personal Care,125,410,51,484,95,5,In Stock,2025,10,5,6,40,4,1,51.0,48.0,41.0,49.42857142857143,46.0,47.28,236.4,24.71,261.11,NO REORDER,0.0
2025-10-06,P020,Toothbrush Pack,Personal Care,484,0,35,449,95,5,In Stock,2025,10,6,0,41,4,0,51.0,48.0,41.0,49.85714285714285,46.36666666666667,39.78,198.9,24.93,223.83,NO REORDER,0.0
2025-10-07,P020,Toothbrush Pack,Personal Care,449,0,48,401,95,5,In Stock,2025,10,7,1,41,4,0,35.0,43.0,40.0,48.0,46.06666666666667,40.88,204.4,24.0,228.4,NO REORDER,0.0
2025-10-08,P020,Toothbrush Pack,Personal Care,401,0,45,356,95,5,In Stock,2025,10,8,2,41,4,0,48.0,54.0,49.0,48.71428571428572,46.03333333333333,44.29,221.45,24.36,245.81,NO REORDER,0.0
2025-10-09,P020,Toothbrush Pack,Personal Care,356,0,55,301,95,5,In Stock,2025,10,9,3,41,4,0,45.0,48.0,48.0,47.42857142857143,46.03333333333333,44.26,221.3,23.71,245.01,NO REORDER,0.0
2025-10-10,P020,Toothbrush Pack,Personal Care,301,0,54,247,95,5,In Stock,2025,10,10,4,41,4,0,55.0,54.0,40.0,48.42857142857143,46.266666666666666,44.35,221.75,24.21,245.96,NO REORDER,0.0
2025-10-11,P020,Toothbrush Pack,Personal Care,247,0,58,189,95,5,In Stock,2025,10,11,5,41,4,1,54.0,51.0,48.0,48.42857142857143,46.46666666666667,46.04,230.2,24.21,254.41,REORDER,65.0
2025-10-12,P020,Toothbrush Pack,Personal Care,189,0,43,146,95,5,In Stock,2025,10,12,6,41,4,1,58.0,51.0,48.0,49.42857142857143,47.266666666666666,46.44,232.2,24.71,256.91,REORDER,111.0
2025-10-13,P020,Toothbrush Pack,Personal Care,146,0,46,100,95,5,Reorder Soon,2025,10,13,0,42,4,0,43.0,35.0,48.0,48.285714285714285,47.46666666666667,49.04,245.2,24.14,269.34,REORDER,169.0
2025-10-14,P020,Toothbrush Pack,Personal Care,100,421,56,465,95,5,In Stock,2025,10,14,1,42,4,0,46.0,48.0,43.0,49.85714285714285,47.333333333333336,45.67,228.35,24.93,253.28,NO REORDER,0.0
2025-10-15,P020,Toothbrush Pack,Personal Care,465,0,41,424,95,5,In Stock,2025,10,15,2,42,4,0,56.0,45.0,54.0,51.0,47.4,44.96,224.8,25.5,250.3,NO REORDER,0.0
2025-10-16,P020,Toothbrush Pack,Personal Care,424,0,55,369,95,5,In Stock,2025,10,16,3,42,4,0,41.0,55.0,48.0,50.42857142857143,47.36666666666667,46.82,234.1,25.21,259.31,NO REORDER,0.0
2025-10-17,P020,Toothbrush Pack,Personal Care,369,0,54,315,95,5,In Stock,2025,10,17,4,42,4,0,55.0,54.0,54.0,50.42857142857143,47.4,47.24,236.2,25.21,261.41,NO REORDER,0.0
2025-10-18,P020,Toothbrush Pack,Personal Care,315,0,48,267,95,5,In Stock,2025,10,18,5,42,4,1,54.0,58.0,51.0,50.42857142857143,47.6,48.26,241.3,25.21,266.51,NO REORDER,0.0
2025-10-19,P020,Toothbrush Pack,Personal Care,267,0,62,205,95,5,In Stock,2025,10,19,6,42,4,1,48.0,43.0,51.0,49.0,48.13333333333333,46.94,234.7,24.5,259.2,REORDER,54.0
2025-10-20,P020,Toothbrush Pack,Personal Care,205,0,54,151,95,5,In Stock,2025,10,20,0,43,4,0,62.0,46.0,35.0,51.71428571428572,48.6,46.79,233.95,25.86,259.81,REORDER,109.0
2025-10-21,P020,Toothbrush Pack,Personal Care,151,0,37,114,95,5,Reorder Soon,2025,10,21,1,43,4,0,54.0,56.0,48.0,52.85714285714285,48.6,46.99,234.95,26.43,261.38,REORDER,147.0
2025-10-22,P020,Toothbrush Pack,Personal Care,114,409,57,466,95,5,In Stock,2025,10,22,2,43,4,0,37.0,41.0,45.0,50.142857142857146,48.46666666666667,48.2,241.0,25.07,266.07,NO REORDER,0.0
2025-10-23,P020,Toothbrush Pack,Personal Care,466,0,46,420,95,5,In Stock,2025,10,23,3,43,4,0,57.0,55.0,55.0,52.42857142857143,49.0,46.54,232.7,26.21,258.91,NO REORDER,0.0
2025-10-24,P020,Toothbrush Pack,Personal Care,420,0,49,371,95,5,In Stock,2025,10,24,4,43,4,0,46.0,54.0,54.0,51.142857142857146,49.2,48.58,242.9,25.57,268.47,NO REORDER,0.0
2025-10-25,P020,Toothbrush Pack,Personal Care,371,0,51,320,95,5,In Stock,2025,10,25,5,43,4,1,49.0,48.0,58.0,50.42857142857143,49.2,50.24,251.2,25.21,276.41,NO REORDER,0.0
2025-10-26,P020,Toothbrush Pack,Personal Care,320,0,53,267,95,5,In Stock,2025,10,26,6,43,4,1,51.0,62.0,43.0,50.85714285714285,49.3,50.34,251.7,25.43,277.13,REORDER,10.0
2025-10-27,P020,Toothbrush Pack,Personal Care,267,0,57,210,95,5,In Stock,2025,10,27,0,44,4,0,53.0,54.0,46.0,49.57142857142857,49.73333333333333,49.66,248.3,24.79,273.09,REORDER,63.0
2025-10-28,P020,Toothbrush Pack,Personal Care,210,0,49,161,95,5,In Stock,2025,10,28,1,44,4,0,57.0,37.0,56.0,50.0,50.03333333333333,50.25,251.25,25.0,276.25,REORDER,115.0
2025-10-29,P020,Toothbrush Pack,Personal Care,161,0,45,116,95,5,Reorder Soon,2025,10,29,2,44,4,0,49.0,57.0,41.0,51.71428571428572,50.06666666666667,50.02,250.1,25.86,275.96,REORDER,160.0
2025-10-30,P020,Toothbrush Pack,Personal Care,116,396,39,473,95,5,In Stock,2025,10,30,3,44,4,0,45.0,46.0,55.0,50.0,49.96666666666667,50.38,251.9,25.0,276.9,NO REORDER,0.0
2025-10-31,P020,Toothbrush Pack,Personal Care,473,0,62,411,95,5,In Stock,2025,10,31,4,44,4,0,39.0,49.0,54.0,49.0,49.833333333333336,47.92,239.6,24.5,264.1,NO REORDER,0.0
2025-11-01,P020,Toothbrush Pack,Personal Care,411,0,57,354,95,5,In Stock,2025,11,1,5,44,4,1,62.0,51.0,48.0,50.85714285714285,50.1,46.16,230.8,25.43,256.23,NO REORDER,0.0
2025-11-02,P020,Toothbrush Pack,Personal Care,354,0,58,296,95,5,In Stock,2025,11,2,6,44,4,1,57.0,53.0,62.0,51.71428571428572,50.4,53.84,269.2,25.86,295.06,NO REORDER,0.0
2025-11-03,P020,Toothbrush Pack,Personal Care,296,0,44,252,95,5,In Stock,2025,11,3,0,45,4,0,58.0,57.0,54.0,52.42857142857143,50.53333333333333,54.66,273.3,26.21,299.51,REORDER,48.0
2025-11-04,P020,Toothbrush Pack,Personal Care,252,0,52,200,95,5,In Stock,2025,11,4,1,45,4,0,44.0,49.0,37.0,50.57142857142857,50.3,52.48,262.4,25.29,287.69,REORDER,88.0
2025-11-05,P020,Toothbrush Pack,Personal Care,200,0,42,158,95,5,In Stock,2025,11,5,2,45,4,0,52.0,45.0,57.0,51.0,50.333333333333336,51.54,257.7,25.5,283.2,REORDER,125.0
2025-11-06,P020,Toothbrush Pack,Personal Care,158,0,34,124,95,5,Reorder Soon,2025,11,6,3,45,4,0,42.0,39.0,46.0,50.57142857142857,50.56666666666667,51.0,255.0,25.29,280.29,REORDER,156.0
2025-11-07,P020,Toothbrush Pack,Personal Care,124,392,36,480,95,5,In Stock,2025,11,7,4,45,4,0,34.0,62.0,49.0,49.85714285714285,50.1,50.14,250.7,24.93,275.63,NO REORDER,0.0
2025-11-08,P020,Toothbrush Pack,Personal Care,480,0,57,423,95,5,In Stock,2025,11,8,5,45,4,1,36.0,57.0,51.0,46.142857142857146,49.8,46.51,232.55,23.07,255.62,NO REORDER,0.0
2025-11-09,P020,Toothbrush Pack,Personal Care,423,0,36,387,95,5,In Stock,2025,11,9,6,45,4,1,57.0,58.0,53.0,46.142857142857146,49.86666666666667,47.6,238.0,23.07,261.07,NO REORDER,0.0
2025-11-10,P020,Toothbrush Pack,Personal Care,387,0,52,335,95,5,In Stock,2025,11,10,0,46,4,0,36.0,44.0,57.0,43.0,49.266666666666666,50.5,252.5,21.5,274.0,NO REORDER,0.0
2025-11-11,P020,Toothbrush Pack,Personal Care,335,0,48,287,95,5,In Stock,2025,11,11,1,46,4,0,52.0,52.0,49.0,44.142857142857146,49.06666666666667,49.02,245.1,22.07,267.17,NO REORDER,0.0
2025-11-12,P020,Toothbrush Pack,Personal Care,287,0,55,232,95,5,In Stock,2025,11,12,2,46,4,0,48.0,42.0,45.0,43.57142857142857,49.23333333333333,47.4,237.0,21.79,258.79,REORDER,27.0
2025-11-13,P020,Toothbrush Pack,Personal Care,232,0,48,184,95,5,In Stock,2025,11,13,3,46,4,0,55.0,34.0,39.0,45.42857142857143,49.53333333333333,46.91,234.55,22.71,257.26,REORDER,73.0
2025-11-14,P020,Toothbrush Pack,Personal Care,184,0,50,134,95,5,Reorder Soon,2025,11,14,4,46,4,0,48.0,36.0,62.0,47.42857142857143,49.266666666666666,49.02,245.1,23.71,268.81,REORDER,135.0
2025-11-15,P020,Toothbrush Pack,Personal Care,134,399,51,482,95,5,In Stock,2025,11,15,5,46,4,1,50.0,57.0,57.0,49.42857142857143,49.56666666666667,49.87,249.35,24.71,274.06,NO REORDER,0.0
2025-11-16,P020,Toothbrush Pack,Personal Care,482,0,52,430,95,5,In Stock,2025,11,16,6,46,4,1,51.0,36.0,58.0,48.57142857142857,49.43333333333333,45.74,228.7,24.29,252.99,NO REORDER,0.0
2025-11-17,P020,Toothbrush Pack,Personal Care,430,0,46,384,95,5,In Stock,2025,11,17,0,47,4,0,52.0,52.0,44.0,50.85714285714285,49.36666666666667,46.25,231.25,25.43,256.68,NO REORDER,0.0
2025-11-18,P020,Toothbrush Pack,Personal Care,384,0,50,334,95,5,In Stock,2025,11,18,1,47,4,0,46.0,48.0,52.0,50.0,49.3,49.26,246.3,25.0,271.3,NO REORDER,0.0
2025-11-19,P020,Toothbrush Pack,Personal Care,334,0,44,290,95,5,In Stock,2025,11,19,2,47,4,0,50.0,55.0,42.0,50.285714285714285,48.9,47.42,237.1,25.14,262.24,NO REORDER,0.0
2025-11-20,P020,Toothbrush Pack,Personal Care,290,0,53,237,95,5,In Stock,2025,11,20,3,47,4,0,44.0,48.0,34.0,48.71428571428572,48.56666666666667,44.77,223.85,24.36,248.21,REORDER,11.0
2025-11-21,P020,Toothbrush Pack,Personal Care,237,0,47,190,95,5,In Stock,2025,11,21,4,47,4,0,53.0,50.0,36.0,49.42857142857143,49.1,44.96,224.8,24.71,249.51,REORDER,60.0
2025-11-22,P020,Toothbrush Pack,Personal Care,190,0,55,135,95,5,Reorder Soon,2025,11,22,5,47,4,1,47.0,51.0,57.0,49.0,48.766666666666666,50.46,252.3,24.5,276.8,REORDER,142.0
2025-11-23,P020,Toothbrush Pack,Personal Care,135,379,43,471,95,5,In Stock,2025,11,23,6,47,4,1,55.0,52.0,36.0,49.57142857142857,49.06666666666667,48.26,241.3,24.79,266.09,NO REORDER,0.0
2025-11-24,P020,Toothbrush Pack,Personal Care,471,0,44,427,95,5,In Stock,2025,11,24,0,48,4,0,43.0,46.0,52.0,48.285714285714285,48.86666666666667,46.42,232.1,24.14,256.24,NO REORDER,0.0
2025-11-25,P020,Toothbrush Pack,Personal Care,427,0,37,390,95,5,In Stock,2025,11,25,1,48,4,0,44.0,50.0,48.0,48.0,48.63333333333333,47.4,237.0,24.0,261.0,NO REORDER,0.0
2025-11-26,P020,Toothbrush Pack,Personal Care,390,0,49,341,95,5,In Stock,2025,11,26,2,48,4,0,37.0,44.0,55.0,46.142857142857146,48.1,50.04,250.2,23.07,273.27,NO REORDER,0.0
2025-11-27,P020,Toothbrush Pack,Personal Care,341,0,49,292,95,5,In Stock,2025,11,27,3,48,4,0,49.0,53.0,48.0,46.85714285714285,47.833333333333336,48.08,240.4,23.43,263.83,NO REORDER,0.0
2025-11-28,P020,Toothbrush Pack,Personal Care,292,0,43,249,95,5,In Stock,2025,11,28,4,48,4,0,49.0,47.0,50.0,46.285714285714285,47.833333333333336,47.94,239.7,23.14,262.84,REORDER,14.0
2025-11-29,P020,Toothbrush Pack,Personal Care,249,0,49,200,95,5,In Stock,2025,11,29,5,48,4,1,43.0,55.0,51.0,45.71428571428572,47.766666666666666,50.1,250.5,22.86,273.36,REORDER,73.0
2025-11-30,P020,Toothbrush Pack,Personal Care,200,0,41,159,95,5,In Stock,2025,11,30,6,48,4,1,49.0,43.0,52.0,44.85714285714285,48.1,48.86,244.3,22.43,266.73,REORDER,108.0
2025-12-01,P020,Toothbrush Pack,Personal Care,159,0,54,105,95,5,Reorder Soon,2025,12,1,0,49,4,0,41.0,44.0,46.0,44.57142857142857,47.4,45.14,225.7,22.29,247.99,REORDER,143.0
2025-12-02,P020,Toothbrush Pack,Personal Care,105,420,54,471,95,5,In Stock,2025,12,2,1,49,4,0,54.0,37.0,50.0,46.0,47.3,46.86,234.3,23.0,257.3,NO REORDER,0.0
2025-12-03,P020,Toothbrush Pack,Personal Care,471,0,72,399,95,5,In Stock,2025,12,3,2,49,4,0,54.0,49.0,44.0,48.42857142857143,47.16666666666666,41.04,205.2,24.21,229.41,NO REORDER,0.0
2025-12-04,P020,Toothbrush Pack,Personal Care,399,0,42,357,95,5,In Stock,2025,12,4,3,49,4,0,72.0,49.0,53.0,51.71428571428572,48.1,46.76,233.8,25.86,259.66,NO REORDER,0.0
2025-12-05,P020,Toothbrush Pack,Personal Care,357,0,42,315,95,5,In Stock,2025,12,5,4,49,4,0,42.0,43.0,47.0,50.71428571428572,47.766666666666666,43.42,217.1,25.36,242.46,NO REORDER,0.0
2025-12-06,P020,Toothbrush Pack,Personal Care,315,0,59,256,95,5,In Stock,2025,12,6,5,49,4,1,42.0,49.0,55.0,50.57142857142857,47.766666666666666,47.46,237.3,25.29,262.59,REORDER,7.0
2025-12-07,P020,Toothbrush Pack,Personal Care,256,0,35,221,95,5,In Stock,2025,12,7,6,49,4,1,59.0,41.0,43.0,52.0,48.6,46.72,233.6,26.0,259.6,REORDER,39.0
2025-12-08,P020,Toothbrush Pack,Personal Care,221,0,47,174,95,5,In Stock,2025,12,8,0,50,4,0,35.0,54.0,44.0,51.142857142857146,48.56666666666667,46.1,230.5,25.57,256.07,REORDER,82.0
2025-12-09,P020,Toothbrush Pack,Personal Care,174,0,23,151,95,5,In Stock,2025,12,9,1,50,4,0,47.0,54.0,37.0,50.142857142857146,48.23333333333333,42.38,211.9,25.07,236.97,REORDER,86.0
2025-12-10,P020,Toothbrush Pack,Personal Care,151,0,43,108,95,5,Reorder Soon,2025,12,10,2,50,4,0,23.0,72.0,49.0,45.71428571428572,47.8,47.06,235.3,22.86,258.16,REORDER,150.0
2025-12-11,P020,Toothbrush Pack,Personal Care,108,421,52,477,95,5,In Stock,2025,12,11,3,50,4,0,43.0,42.0,49.0,41.57142857142857,47.5,47.22,236.1,20.79,256.89,NO REORDER,0.0
2025-12-12,P020,Toothbrush Pack,Personal Care,477,0,47,430,95,5,In Stock,2025,12,12,4,50,4,0,52.0,42.0,43.0,43.0,47.63333333333333,45.66,228.3,21.5,249.8,NO REORDER,0.0
2025-12-13,P020,Toothbrush Pack,Personal Care,430,0,50,380,95,5,In Stock,2025,12,13,5,50,4,1,47.0,59.0,49.0,43.71428571428572,47.36666666666667,46.64,233.2,21.86,255.06,NO REORDER,0.0
2025-12-14,P020,Toothbrush Pack,Personal Care,380,0,48,332,95,5,In Stock,2025,12,14,6,50,4,1,50.0,35.0,41.0,42.42857142857143,47.43333333333333,48.01,240.05,21.21,261.26,NO REORDER,0.0
2025-12-15,P020,Toothbrush Pack,Personal Care,332,0,51,281,95,5,In Stock,2025,12,15,0,51,4,0,48.0,47.0,54.0,44.285714285714285,47.36666666666667,49.29,246.45,22.14,268.59,NO REORDER,0.0
2025-12-16,P020,Toothbrush Pack,Personal Care,281,0,43,238,95,5,In Stock,2025,12,16,1,51,4,0,51.0,23.0,54.0,44.85714285714285,47.36666666666667,47.96,239.8,22.43,262.23,REORDER,24.0
2025-12-17,P020,Toothbrush Pack,Personal Care,238,0,44,194,95,5,In Stock,2025,12,17,2,51,4,0,43.0,43.0,72.0,47.71428571428572,47.06666666666667,45.68,228.4,23.86,252.26,REORDER,58.0
2025-12-18,P020,Toothbrush Pack,Personal Care,194,0,51,143,95,5,In Stock,2025,12,18,3,51,4,0,44.0,52.0,42.0,47.85714285714285,47.0,43.5,217.5,23.93,241.43,REORDER,98.0
2025-12-19,P020,Toothbrush Pack,Personal Care,143,404,64,483,95,5,In Stock,2025,12,19,4,51,4,0,51.0,47.0,42.0,47.71428571428572,47.03333333333333,45.48,227.4,23.86,251.26,NO REORDER,0.0
2025-12-20,P020,Toothbrush Pack,Personal Care,483,0,36,447,95,5,In Stock,2025,12,20,5,51,4,1,64.0,50.0,59.0,50.142857142857146,47.7,44.64,223.2,25.07,248.27,NO REORDER,0.0
2025-12-21,P020,Toothbrush Pack,Personal Care,447,0,48,399,95,5,In Stock,2025,12,21,6,51,4,1,36.0,48.0,35.0,48.142857142857146,47.13333333333333,42.94,214.7,24.07,238.77,NO REORDER,0.0
2025-12-22,P020,Toothbrush Pack,Personal Care,399,0,35,364,95,5,In Stock,2025,12,22,0,52,4,0,48.0,51.0,47.0,48.142857142857146,47.16666666666666,46.62,233.1,24.07,257.17,NO REORDER,0.0
2025-12-23,P020,Toothbrush Pack,Personal Care,364,0,35,329,95,5,In Stock,2025,12,23,1,52,4,0,35.0,43.0,23.0,45.85714285714285,46.5,43.56,217.8,22.93,240.73,NO REORDER,0.0
2025-12-24,P020,Toothbrush Pack,Personal Care,329,0,47,282,95,5,In Stock,2025,12,24,2,52,4,0,35.0,44.0,43.0,44.71428571428572,46.23333333333333,45.9,229.5,22.36,251.86,NO REORDER,0.0
2025-12-25,P020,Toothbrush Pack,Personal Care,282,0,57,225,95,5,In Stock,2025,12,25,3,52,4,0,47.0,51.0,52.0,45.142857142857146,46.333333333333336,50.56,252.8,22.57,275.37,REORDER,50.0
2025-12-26,P020,Toothbrush Pack,Personal Care,225,0,49,176,95,5,In Stock,2025,12,26,4,52,4,0,57.0,64.0,47.0,46.0,47.0,48.26,241.3,23.0,264.3,REORDER,88.0
2025-12-27,P020,Toothbrush Pack,Personal Care,176,0,41,135,95,5,Reorder Soon,2025,12,27,5,52,4,1,49.0,36.0,50.0,43.85714285714285,47.0,50.65,253.25,21.93,275.18,REORDER,140.0
2025-12-28,P020,Toothbrush Pack,Personal Care,135,0,35,100,95,5,Reorder Soon,2025,12,28,6,52,4,1,41.0,48.0,48.0,44.57142857142857,46.73333333333333,50.44,252.2,22.29,274.49,REORDER,174.0
2025-12-29,P020,Toothbrush Pack,Personal Care,100,416,48,468,95,5,In Stock,2025,12,29,0,1,4,0,35.0,35.0,51.0,42.71428571428572,46.46666666666667,47.85,239.25,21.36,260.61,NO REORDER,0.0
2025-12-30,P020,Toothbrush Pack,Personal Care,468,0,27,441,95,5,In Stock,2025,12,30,1,1,4,0,48.0,35.0,43.0,44.57142857142857,46.43333333333333,42.74,213.7,22.29,235.99,NO REORDER,0.0
2025-12-31,P020,Toothbrush Pack,Personal Care,441,0,43,398,95,5,In Stock,2025,12,31,2,1,4,0,27.0,47.0,44.0,43.42857142857143,45.96666666666667,46.77,233.85,21.71,255.56,NO REORDER,0.0
